-- phpMyAdmin SQL Dump
-- version 4.9.7
-- https://www.phpmyadmin.net/
--
-- Host: localhost:3306
-- Generation Time: May 09, 2022 at 08:19 AM
-- Server version: 5.6.51-cll-lve
-- PHP Version: 7.3.32

SET SQL_MODE = "NO_AUTO_VALUE_ON_ZERO";
SET AUTOCOMMIT = 0;
START TRANSACTION;
SET time_zone = "+00:00";


/*!40101 SET @OLD_CHARACTER_SET_CLIENT=@@CHARACTER_SET_CLIENT */;
/*!40101 SET @OLD_CHARACTER_SET_RESULTS=@@CHARACTER_SET_RESULTS */;
/*!40101 SET @OLD_COLLATION_CONNECTION=@@COLLATION_CONNECTION */;
/*!40101 SET NAMES utf8mb4 */;

--
-- Database: `emr`
--

-- --------------------------------------------------------

--
-- Table structure for table `appointment_type`
--

CREATE TABLE `appointment_type` (
  `appointment_type_id` int(10) NOT NULL,
  `name` varchar(100) COLLATE utf8_unicode_ci NOT NULL,
  `description` text COLLATE utf8_unicode_ci NOT NULL,
  `status` int(10) NOT NULL DEFAULT '0',
  `office_id` int(10) NOT NULL,
  `login_id` int(10) NOT NULL,
  `parent_id` int(10) NOT NULL,
  `created_date` timestamp NOT NULL DEFAULT CURRENT_TIMESTAMP,
  `updated_date` timestamp NULL DEFAULT NULL ON UPDATE CURRENT_TIMESTAMP
) ENGINE=InnoDB DEFAULT CHARSET=utf8 COLLATE=utf8_unicode_ci;

--
-- Dumping data for table `appointment_type`
--

INSERT INTO `appointment_type` (`appointment_type_id`, `name`, `description`, `status`, `office_id`, `login_id`, `parent_id`, `created_date`, `updated_date`) VALUES
(11, 'NEW CASE', '', 1, 1, 1, 0, '2021-07-12 10:06:07', NULL),
(12, 'REVIEW', '', 1, 1, 1, 0, '2021-07-12 10:06:21', NULL),
(13, 'FOLLOWUP', '', 1, 1, 1, 0, '2021-07-14 08:44:54', NULL),
(14, 'Retina', '', 1, 1, 1, 0, '2021-08-25 09:14:26', NULL);

-- --------------------------------------------------------

--
-- Table structure for table `billing_detail`
--

CREATE TABLE `billing_detail` (
  `billing_detail_id` int(100) NOT NULL,
  `billing_master_id` int(100) NOT NULL,
  `charge_id` int(100) NOT NULL,
  `particulars_id` int(100) NOT NULL,
  `eye` int(11) DEFAULT '0',
  `qty` float NOT NULL,
  `rate` float NOT NULL,
  `disamt` float NOT NULL,
  `disper` float NOT NULL,
  `amount` float NOT NULL,
  `created_date` timestamp NOT NULL DEFAULT CURRENT_TIMESTAMP
) ENGINE=InnoDB DEFAULT CHARSET=utf8mb4;

--
-- Dumping data for table `billing_detail`
--

INSERT INTO `billing_detail` (`billing_detail_id`, `billing_master_id`, `charge_id`, `particulars_id`, `eye`, `qty`, `rate`, `disamt`, `disper`, `amount`, `created_date`) VALUES
(2, 2, 1, 9, 0, 1, 200, 0, 0, 200, '2021-07-12 10:50:55'),
(3, 2, 2, 5, 0, 1, 2000, 0, 0, 2000, '2021-07-12 10:50:55'),
(4, 3, 1, 9, 0, 1, 200, 0, 0, 200, '2021-07-13 03:18:25'),
(5, 4, 1, 9, 0, 1, 200, 0, 0, 200, '2021-07-14 07:07:23'),
(6, 5, 2, 5, 0, 1, 2000, 0, 0, 2000, '2021-07-14 07:09:44'),
(7, 5, 1, 8, 0, 1, 200, 0, 0, 200, '2021-07-14 07:09:44'),
(8, 6, 1, 11, 0, 1, 100, 0, 0, 100, '2021-07-14 09:05:24'),
(9, 6, 1, 8, 0, 1, 200, 0, 0, 200, '2021-07-14 09:05:24'),
(10, 6, 1, 10, 0, 1, 400, 0, 0, 400, '2021-07-14 09:05:24'),
(11, 6, 5, 6, 0, 1, 2000, 0, 0, 2000, '2021-07-14 09:05:24'),
(12, 7, 4, 6, 0, 0, 5000, 0, 0, 0, '2021-07-14 09:09:02'),
(13, 8, 2, 6, 0, 1, 20000, 0, 0, 20000, '2021-07-14 14:01:58'),
(14, 9, 5, 6, 0, 1, 2000, 0, 0, 2000, '2021-07-19 10:21:52'),
(15, 10, 5, 6, 0, 1, 2000, 0, 0, 2000, '2021-07-23 06:30:29'),
(16, 11, 1, 12, 0, 0, 100, 0, 0, 0, '2021-07-23 18:37:00'),
(18, 12, 5, 6, 0, 1, 2000, 0, 0, 2000, '2021-08-12 13:42:52'),
(19, 13, 5, 6, 0, 1, 2000, 0, 0, 2000, '2021-08-15 14:04:02'),
(20, 14, 2, 7, 0, 1, 30000, 0, 0, 30000, '2021-08-15 14:05:33'),
(21, 15, 3, 5, 0, 1, 2000, 0, 0, 2000, '2021-08-15 14:06:26'),
(22, 16, 4, 7, 0, 1, 5000, 0, 0, 5000, '2021-08-15 14:07:24'),
(23, 17, 5, 6, 0, 1, 2000, 0, 0, 2000, '2021-08-17 03:26:01'),
(24, 18, 2, 6, 0, 1, 20000, 0, 0, 20000, '2021-08-17 03:26:50'),
(25, 19, 1, 9, 0, 1, 200, 0, 0, 200, '2021-08-17 03:27:58'),
(26, 20, 3, 5, 0, 1, 2000, 0, 0, 2000, '2021-08-19 06:01:50'),
(27, 21, 5, 6, 0, 1, 2000, 0, 0, 2000, '2021-08-25 10:17:09'),
(28, 21, 3, 5, 0, 1, 2000, 0, 0, 2000, '2021-08-25 10:17:09'),
(29, 22, 5, 6, 0, 1, 2000, 0, 0, 2000, '2021-08-26 07:33:46'),
(30, 23, 2, 6, 0, 1, 20000, 0, 0, 20000, '2021-08-26 09:20:20'),
(31, 24, 5, 6, 0, 1, 2000, 0, 0, 2000, '2021-08-29 12:43:36'),
(32, 25, 2, 5, 0, 2, 2000, 0, 0, 4000, '2021-08-29 13:29:29'),
(33, 26, 5, 6, 1, 2, 2000, 0, 0, 4000, '2021-08-29 14:16:19'),
(34, 27, 5, 6, 0, 1, 2000, 0, 0, 2000, '2021-08-29 14:46:32'),
(37, 28, 5, 6, 0, 1, 2000, 0, 0, 2000, '2021-08-29 14:49:37'),
(38, 29, 1, 9, 0, 1, 200, 0, 0, 200, '2021-08-30 11:15:56'),
(39, 30, 5, 6, 1, 1, 2000, 0, 0, 2000, '2021-09-06 18:42:08'),
(40, 31, 5, 6, 1, 1, 2000, 0, 0, 2000, '2021-09-06 19:12:57'),
(41, 32, 5, 6, 0, 1, 2000, 300, 0, 1700, '2021-10-16 15:42:13'),
(42, 33, 5, 6, 0, 1, 2000, 500, 0, 1500, '2021-10-16 15:47:58'),
(43, 34, 2, 6, 0, 1, 20000, 0, 0, 20000, '2021-10-31 07:08:23'),
(44, 35, 5, 6, 0, 1, 2000, 0, 0, 2000, '2021-11-21 07:21:52'),
(45, 36, 5, 6, 0, 1, 2000, 0, 0, 2000, '2021-12-05 07:11:47'),
(46, 37, 1, 9, 1, 1, 200, 0, 0, 200, '2021-12-26 04:25:51'),
(47, 38, 5, 6, 1, 1, 2000, 0, 0, 2000, '2021-12-26 06:31:21'),
(48, 39, 4, 6, 0, 1, 5000, 0, 0, 5000, '2022-01-04 16:34:42'),
(49, 39, 4, 7, 0, 1, 5000, 0, 0, 5000, '2022-01-04 16:34:42'),
(50, 40, 5, 6, 0, 1, 2000, 0, 0, 2000, '2022-01-07 09:57:25'),
(51, 41, 1, 16, 0, 1, 150, 0, 0, 150, '2022-01-07 10:01:19'),
(52, 42, 1, 14, 0, 1, 500, 0, 0, 500, '2022-01-07 13:50:51'),
(53, 42, 1, 15, 0, 1, 200, 0, 0, 200, '2022-01-07 13:50:51'),
(54, 43, 1, 8, 0, 1, 200, 0, 0, 200, '2022-01-07 15:37:45'),
(55, 43, 1, 10, 0, 1, 400, 0, 0, 400, '2022-01-07 15:37:45'),
(56, 44, 1, 15, 0, 1, 200, 0, 0, 200, '2022-01-12 14:41:32'),
(57, 45, 2, 5, 0, 1, 2000, 0, 0, 2000, '2022-01-12 14:42:56'),
(58, 46, 1, 10, 0, 1, 400, 0, 0, 400, '2022-01-12 14:55:47'),
(59, 47, 5, 6, 0, 0, 2000, 0, 0, 0, '2022-01-12 15:11:11'),
(60, 47, 3, 8, 0, 1, 2500, 0, 0, 2500, '2022-01-12 15:11:11'),
(63, 48, 5, 6, 0, 1, 2000, 0, 0, 2000, '2022-01-12 15:55:19'),
(64, 48, 1, 8, 0, 2, 200, 0, 0, 400, '2022-01-12 15:55:19'),
(65, 48, 5, 8, 0, 1, 1000, 0, 0, 1000, '2022-01-12 15:55:19'),
(66, 49, 5, 7, 1, 1, 2000, 0, 0, 2000, '2022-01-29 05:52:52'),
(67, 49, 3, 5, 1, 1, 2000, 0, 0, 2000, '2022-01-29 05:52:52'),
(71, 51, 5, 6, 0, 1, 2000, 0, 0, 2000, '2022-03-04 16:00:59'),
(72, 52, 5, 6, 0, 1, 2000, 0, 0, 2000, '2022-03-15 03:10:01'),
(73, 53, 5, 8, 2, 1, 1000, 0, 0, 1000, '2022-03-15 06:43:42'),
(74, 54, 5, 8, 2, 1, 1000, 0, 0, 1000, '2022-03-16 10:01:14'),
(75, 54, 5, 6, 1, 1, 2000, 0, 0, 2000, '2022-03-16 10:01:14'),
(76, 55, 5, 7, 2, 1, 2000, 0, 0, 2000, '2022-03-17 07:14:37'),
(77, 56, 5, 8, 0, 1, 1000, 0, 0, 1000, '2022-03-18 16:13:53'),
(78, 57, 3, 6, 0, 1, 2000, 0, 0, 2000, '2022-03-28 06:43:50'),
(79, 58, 1, 9, 0, 1, 200, 0, 0, 200, '2022-03-28 06:49:57'),
(80, 59, 2, 16, 1, 1, 60000, 0, 0, 60000, '2022-04-01 17:05:20'),
(81, 60, 2, 17, 1, 1, 60000, 0, 0, 60000, '2022-04-05 10:31:17'),
(82, 61, 3, 6, 0, 1, 2000, 0, 0, 2000, '2022-04-23 07:41:15'),
(83, 62, 2, 15, 1, 1, 40000, 10000, 25, 30000, '2022-04-30 09:21:59'),
(84, 63, 2, 14, 1, 1, 45000, 11250, 25, 33750, '2022-04-30 09:27:26'),
(85, 64, 2, 15, 1, 1, 40000, 10000, 25, 30000, '2022-04-30 09:48:27');

-- --------------------------------------------------------

--
-- Table structure for table `billing_master`
--

CREATE TABLE `billing_master` (
  `billing_master_id` int(100) NOT NULL,
  `patient_registration_id` int(100) NOT NULL,
  `bill_number` int(100) DEFAULT NULL,
  `invoice_number` varchar(250) DEFAULT NULL,
  `billing_date` date NOT NULL,
  `billing_time` time DEFAULT NULL,
  `insurance_company_id` int(100) NOT NULL,
  `doctor_id` int(100) NOT NULL,
  `bill_amount` float NOT NULL,
  `advanced_amount` float NOT NULL,
  `modeofpay_id` int(10) NOT NULL,
  `grand_total` float NOT NULL,
  `login_id` int(10) NOT NULL,
  `office_id` int(10) NOT NULL,
  `parent_id` int(10) NOT NULL,
  `created_date` timestamp NOT NULL DEFAULT CURRENT_TIMESTAMP,
  `updated_date` timestamp NULL DEFAULT NULL ON UPDATE CURRENT_TIMESTAMP
) ENGINE=InnoDB DEFAULT CHARSET=utf8mb4;

--
-- Dumping data for table `billing_master`
--

INSERT INTO `billing_master` (`billing_master_id`, `patient_registration_id`, `bill_number`, `invoice_number`, `billing_date`, `billing_time`, `insurance_company_id`, `doctor_id`, `bill_amount`, `advanced_amount`, `modeofpay_id`, `grand_total`, `login_id`, `office_id`, `parent_id`, `created_date`, `updated_date`) VALUES
(2, 3, 1, 'EMR-01', '2021-07-12', '15:42:00', 0, 4, 2200, 0, 7, 2200, 1, 1, 0, '2021-07-12 10:50:55', NULL),
(3, 2, 2, 'EMR-02', '2021-07-13', '08:47:00', 0, 4, 200, 0, 7, 200, 1, 1, 0, '2021-07-13 03:18:25', NULL),
(4, 4, 3, 'EMR-03', '2021-07-14', '12:36:00', 0, 4, 200, 0, 7, 200, 1, 1, 0, '2021-07-14 07:07:23', NULL),
(5, 2, 4, 'EMR-04', '2021-07-14', '12:37:00', 14, 6, 2200, 0, 7, 2200, 1, 1, 0, '2021-07-14 07:09:44', NULL),
(6, 3, 5, 'EMR-05', '2021-07-14', '14:31:00', 0, 4, 2700, 0, 7, 2700, 1, 1, 0, '2021-07-14 09:05:24', NULL),
(7, 4, 6, 'EMR-06', '2021-07-14', '14:38:00', 14, 4, 0, 0, 16, 0, 1, 1, 0, '2021-07-14 09:09:02', NULL),
(8, 3, 7, 'EMR-07', '2021-07-14', '19:27:00', 14, 6, 20000, 0, 7, 20000, 1, 1, 0, '2021-07-14 14:01:58', NULL),
(9, 5, 8, 'EMR-08', '2021-07-19', '15:51:00', 0, 4, 2000, 1000, 7, 3000, 1, 1, 0, '2021-07-19 10:21:52', NULL),
(10, 6, 9, 'EMR-09', '2021-07-23', '11:59:00', 0, 4, 2000, 0, 7, 2000, 1, 1, 0, '2021-07-23 06:30:29', NULL),
(11, 3, 10, 'EMR-010', '2021-07-23', '00:05:00', 14, 4, 0, 200, 7, 200, 1, 1, 0, '2021-07-23 18:37:00', NULL),
(12, 4, 11, 'EMR-011', '2021-08-01', '19:20:00', 0, 4, 2000, 0, 7, 2000, 1, 1, 0, '2021-08-01 13:52:33', NULL),
(13, 9, 12, 'EMR-012', '2021-08-15', '19:33:00', 0, 6, 2000, 0, 7, 2000, 1, 1, 0, '2021-08-15 14:04:02', NULL),
(14, 9, 13, 'EMR-013', '2021-08-15', '19:34:00', 0, 8, 30000, 0, 8, 30000, 1, 1, 0, '2021-08-15 14:05:33', NULL),
(15, 9, 14, 'EMR-014', '2021-08-15', '19:35:00', 0, 4, 2000, 0, 8, 2000, 1, 1, 0, '2021-08-15 14:06:26', NULL),
(16, 9, 15, 'EMR-015', '2021-08-15', '19:36:00', 0, 4, 5000, 0, 7, 5000, 1, 1, 0, '2021-08-15 14:07:24', NULL),
(17, 11, 16, 'EMR-016', '2021-08-17', '08:54:00', 0, 4, 2000, 0, 7, 2000, 1, 1, 0, '2021-08-17 03:26:01', NULL),
(18, 11, 17, 'EMR-017', '2021-08-17', '08:56:00', 0, 4, 20000, 0, 8, 20000, 1, 1, 0, '2021-08-17 03:26:50', NULL),
(19, 11, 18, 'EMR-018', '2021-08-17', '08:56:00', 0, 6, 200, 0, 16, 200, 1, 1, 0, '2021-08-17 03:27:58', NULL),
(20, 12, 19, 'EMR-019', '2021-08-19', '11:30:00', 0, 6, 2000, 0, 7, 2000, 1, 1, 0, '2021-08-19 06:01:50', NULL),
(21, 4, 20, 'EMR-020', '2021-08-25', '15:45:00', 0, 4, 4000, 0, 7, 4000, 1, 1, 0, '2021-08-25 10:17:09', NULL),
(22, 16, 21, 'EMR-021', '2021-08-26', '13:01:00', 0, 6, 2000, 0, 8, 2000, 1, 1, 0, '2021-08-26 07:33:46', NULL),
(23, 5, 22, 'EMR-022', '2021-08-26', '14:49:00', 0, 8, 20000, 0, 7, 20000, 1, 1, 0, '2021-08-26 09:20:20', NULL),
(24, 2, 23, 'EMR-023', '2021-08-29', '18:12:00', 0, 4, 2000, 0, 7, 2000, 1, 1, 0, '2021-08-29 12:43:36', NULL),
(25, 5, 25, 'EMR-025', '2021-08-29', '18:58:00', 14, 7, 4000, 0, 16, 4000, 1, 1, 0, '2021-08-29 13:29:29', NULL),
(26, 21, 28, 'EMR-028', '2021-08-29', '19:45:00', 0, 7, 4000, 0, 7, 4000, 1, 1, 0, '2021-08-29 14:16:19', NULL),
(27, 23, 31, 'EMR-031', '2021-08-29', '20:15:00', 14, 4, 2000, 1, 7, 2001, 1, 1, 0, '2021-08-29 14:46:32', NULL),
(28, 23, 32, 'EMR-032', '2021-08-29', '20:18:00', 14, 4, 2000, 0, 7, 2000, 1, 1, 0, '2021-08-29 14:48:58', NULL),
(29, 2, 42, 'EMR-042', '2021-08-30', '16:45:00', 0, 4, 200, 0, 7, 200, 1, 1, 0, '2021-08-30 11:15:56', NULL),
(30, 2, 51, 'EMR-051', '2021-09-06', '00:11:00', 14, 4, 2000, 0, 7, 2000, 1, 1, 0, '2021-09-06 18:42:08', NULL),
(31, 2, 52, 'EMR-052', '2021-09-06', '00:42:00', 14, 4, 2000, 0, 7, 2000, 1, 1, 0, '2021-09-06 19:12:57', NULL),
(32, 3, 55, 'EMR-055', '2021-10-16', '21:11:00', 0, 4, 1700, 0, 7, 1700, 1, 1, 0, '2021-10-16 15:42:13', NULL),
(33, 4, 56, 'EMR-056', '2021-10-16', '21:12:00', 0, 4, 1500, 0, 7, 1500, 1, 1, 0, '2021-10-16 15:47:58', NULL),
(34, 43, 61, 'EMR-061', '2021-10-31', '12:37:00', 0, 4, 20000, 0, 7, 20000, 1, 1, 0, '2021-10-31 07:08:23', NULL),
(35, 2, 73, 'EMR-073', '2021-11-21', '12:50:00', 0, 4, 2000, 0, 7, 2000, 1, 1, 0, '2021-11-21 07:21:52', NULL),
(36, 67, 93, 'EMR-093', '2021-12-05', '12:40:00', 0, 4, 2000, 0, 8, 2000, 1, 1, 0, '2021-12-05 07:11:47', NULL),
(37, 3, 107, 'EMR-0107', '2021-12-26', '09:55:00', 14, 6, 200, 1, 7, 201, 106, 1, 0, '2021-12-26 04:25:51', NULL),
(38, 2, 110, 'EMR-0110', '2021-12-26', '12:00:00', 0, 6, 2000, 0, 7, 2000, 106, 1, 0, '2021-12-26 06:31:21', NULL),
(39, 3, 167, 'EMR-0167', '2022-01-04', '22:04:00', 14, 4, 10000, 1, 7, 10001, 1, 1, 0, '2022-01-04 16:34:42', NULL),
(40, 131, 170, 'EMR-0170', '2022-01-07', '15:26:00', 0, 4, 2000, 0, 8, 2000, 1, 1, 0, '2022-01-07 09:57:25', NULL),
(41, 132, 172, 'EMR-0172', '2022-01-07', '15:30:00', 0, 4, 150, 0, 7, 150, 1, 1, 0, '2022-01-07 10:01:19', NULL),
(42, 133, 174, 'EMR-0174', '2022-01-07', '19:19:00', 0, 4, 700, 0, 7, 700, 1, 1, 0, '2022-01-07 13:50:51', NULL),
(43, 134, 176, 'EMR-0176', '2022-01-07', '21:07:00', 14, 4, 600, 0, 7, 600, 1, 1, 0, '2022-01-07 15:37:45', NULL),
(44, 136, 179, 'EMR-0179', '2022-01-12', '20:10:00', 14, 6, 200, 0, 7, 200, 1, 1, 0, '2022-01-12 14:41:32', NULL),
(45, 136, 180, 'EMR-0180', '2022-01-12', '20:12:00', 0, 4, 2000, 0, 7, 2000, 1, 1, 0, '2022-01-12 14:42:56', NULL),
(46, 137, 182, 'EMR-0182', '2022-01-12', '20:25:00', 0, 4, 400, 0, 7, 400, 1, 1, 0, '2022-01-12 14:55:47', NULL),
(47, 137, 183, 'EMR-0183', '2022-01-12', '20:39:00', 0, 8, 2500, 0, 7, 2500, 1, 1, 0, '2022-01-12 15:11:11', NULL),
(48, 2, 184, 'EMR-0184', '2022-01-12', '20:41:00', 0, 4, 3400, 0, 7, 3400, 1, 1, 0, '2022-01-12 15:14:44', '2022-01-12 15:55:19'),
(49, 154, 205, 'EMR-0205', '2022-01-29', '11:21:00', 0, 4, 4000, 0, 7, 4000, 1, 1, 0, '2022-01-29 05:52:52', NULL),
(51, 2, 233, 'EMR-0233', '2022-03-04', '21:30:00', 14, 4, 2000, 0, 8, 2000, 1, 1, 0, '2022-03-04 16:00:37', NULL),
(52, 81, 240, 'EMR-0240', '2022-03-15', '08:39:00', 0, 4, 2000, 0, 8, 2000, 1, 1, 0, '2022-03-15 03:10:01', NULL),
(53, 187, 242, 'EMR-0242', '2022-03-15', '12:13:00', 0, 4, 1000, 0, 8, 1000, 1, 1, 0, '2022-03-15 06:43:42', NULL),
(54, 191, 247, 'EMR-0247', '2022-03-16', '15:29:00', 0, 6, 3000, 0, 17, 3000, 106, 1, 0, '2022-03-16 10:01:14', NULL),
(55, 196, 254, 'EMR-0254', '2022-03-17', '12:44:00', 0, 4, 2000, 0, 17, 2000, 106, 1, 0, '2022-03-17 07:14:37', NULL),
(56, 104, 257, 'EMR-0257', '2022-03-18', '21:42:00', 0, 4, 1000, 0, 7, 1000, 1, 1, 0, '2022-03-18 16:13:53', NULL),
(57, 201, 260, 'EMR-0260', '2022-03-28', '12:13:00', 0, 4, 2000, 0, 7, 2000, 1, 1, 0, '2022-03-28 06:43:50', NULL),
(58, 200, 261, 'EMR-0261', '2022-03-28', '12:19:00', 0, 4, 200, 0, 7, 200, 1, 1, 0, '2022-03-28 06:49:57', NULL),
(59, 204, 265, 'EMR-0265', '2022-04-01', '22:33:00', 14, 4, 60000, 0, 7, 60000, 106, 1, 0, '2022-04-01 17:05:20', NULL),
(60, 208, 270, 'EMR-0270', '2022-04-05', '16:00:00', 0, 4, 60000, 0, 7, 60000, 1, 1, 0, '2022-04-05 10:31:17', NULL),
(61, 213, 274, 'EMR-0274', '2022-04-23', '13:10:00', 0, 6, 2000, 0, 7, 2000, 1, 1, 0, '2022-04-23 07:41:15', NULL),
(62, 217, 279, 'EMR-0279', '2022-04-30', '14:51:00', 0, 4, 30000, 5000, 8, 35000, 1, 1, 0, '2022-04-30 09:21:59', NULL),
(63, 216, 280, 'EMR-0280', '2022-04-30', '14:51:00', 0, 4, 33750, 5000, 8, 38750, 1, 1, 0, '2022-04-30 09:27:26', NULL),
(64, 217, 281, 'EMR-0281', '2022-04-30', '15:17:00', 0, 4, 30000, 5000, 7, 35000, 1, 1, 0, '2022-04-30 09:48:27', NULL),
(65, 2, 282, 'EMR-0282', '2022-05-05', '21:52:00', 14, 4, 2000, 0, 7, 2000, 1, 1, 0, '2022-05-05 16:22:30', NULL),
(66, 3, 283, 'EMR-0283', '2022-05-05', '22:12:00', 14, 4, 0, 5000, 7, 5000, 1, 1, 0, '2022-05-05 16:44:52', NULL),
(67, 3, 284, 'EMR-0284', '2022-05-05', '22:12:00', 14, 4, 0, 5000, 7, 5000, 1, 1, 0, '2022-05-05 16:45:06', NULL),
(68, 2, 285, 'EMR-0285', '2022-05-05', '22:15:00', 14, 4, 0, 5000, 7, 5000, 1, 1, 0, '2022-05-05 16:45:49', NULL);

-- --------------------------------------------------------

--
-- Table structure for table `bill_number`
--

CREATE TABLE `bill_number` (
  `bill_id` int(11) NOT NULL,
  `bill_number` int(125) DEFAULT NULL,
  `master_id` int(11) DEFAULT NULL,
  `type` int(11) DEFAULT '0' COMMENT '0:reg 1:billing',
  `office_id` int(11) DEFAULT NULL,
  `created_date` timestamp NOT NULL DEFAULT CURRENT_TIMESTAMP
) ENGINE=InnoDB DEFAULT CHARSET=utf8 COLLATE=utf8_unicode_ci;

--
-- Dumping data for table `bill_number`
--

INSERT INTO `bill_number` (`bill_id`, `bill_number`, `master_id`, `type`, `office_id`, `created_date`) VALUES
(1, 1, 2, 1, 1, '2021-08-29 12:34:03'),
(2, 2, 3, 1, 1, '2021-08-29 12:34:03'),
(3, 3, 4, 1, 1, '2021-08-29 12:34:03'),
(4, 4, 5, 1, 1, '2021-08-29 12:34:03'),
(5, 5, 6, 1, 1, '2021-08-29 12:34:03'),
(6, 6, 7, 1, 1, '2021-08-29 12:34:03'),
(7, 7, 8, 1, 1, '2021-08-29 12:34:03'),
(8, 8, 9, 1, 1, '2021-08-29 12:34:03'),
(9, 9, 10, 1, 1, '2021-08-29 12:34:03'),
(10, 10, 11, 1, 1, '2021-08-29 12:34:03'),
(11, 11, 12, 1, 1, '2021-08-29 12:34:03'),
(12, 12, 13, 1, 1, '2021-08-29 12:34:03'),
(13, 13, 14, 1, 1, '2021-08-29 12:34:03'),
(14, 14, 15, 1, 1, '2021-08-29 12:34:03'),
(15, 15, 16, 1, 1, '2021-08-29 12:34:03'),
(16, 16, 17, 1, 1, '2021-08-29 12:34:03'),
(17, 17, 18, 1, 1, '2021-08-29 12:34:03'),
(18, 18, 19, 1, 1, '2021-08-29 12:34:03'),
(19, 19, 20, 1, 1, '2021-08-29 12:34:03'),
(20, 20, 21, 1, 1, '2021-08-29 12:34:03'),
(21, 21, 22, 1, 1, '2021-08-29 12:34:03'),
(22, 22, 23, 1, 1, '2021-08-29 12:34:03'),
(32, 23, 24, 1, 1, '2021-08-29 12:43:36'),
(33, 24, 21, 0, 1, '2021-08-29 12:57:28'),
(34, 25, 25, 1, 1, '2021-08-29 13:29:29'),
(35, 26, NULL, 0, NULL, '2021-08-29 13:42:49'),
(36, 26, 38, 0, 1, '2021-08-29 13:47:15'),
(37, 27, 22, 0, 1, '2021-08-29 13:57:38'),
(38, 28, 26, 1, 1, '2021-08-29 14:16:19'),
(39, 29, 23, 0, 1, '2021-08-29 14:43:20'),
(40, 30, 41, 0, 1, '2021-08-29 14:44:38'),
(41, 31, 27, 1, 1, '2021-08-29 14:46:32'),
(42, 32, 28, 1, 1, '2021-08-29 14:48:58'),
(43, 33, 24, 0, 1, '2021-08-29 14:53:30'),
(44, 34, 43, 0, 1, '2021-08-29 14:54:30'),
(45, 35, 25, 0, 1, '2021-08-30 11:02:42'),
(46, 36, 26, 0, 1, '2021-08-30 11:04:56'),
(47, 37, 27, 0, 1, '2021-08-30 11:10:51'),
(48, 38, 28, 0, 1, '2021-08-30 11:11:43'),
(49, 39, 29, 0, 1, '2021-08-30 11:12:40'),
(50, 40, 49, 0, 1, '2021-08-30 11:13:38'),
(51, 41, 50, 0, 1, '2021-08-30 11:14:46'),
(52, 42, 29, 1, 1, '2021-08-30 11:15:56'),
(53, 43, 30, 0, 1, '2021-09-01 06:48:52'),
(54, 44, 31, 0, 1, '2021-09-01 14:21:04'),
(55, 45, 32, 0, 1, '2021-09-01 14:28:24'),
(56, 46, 33, 0, 1, '2021-09-01 15:32:10'),
(57, 47, 34, 0, 1, '2021-09-01 15:32:53'),
(58, 48, 35, 0, 1, '2021-09-01 15:35:03'),
(59, 49, 36, 0, 1, '2021-09-06 15:39:31'),
(60, 50, 37, 0, 1, '2021-09-06 18:36:40'),
(61, 51, 30, 1, 1, '2021-09-06 18:42:08'),
(62, 52, 31, 1, 1, '2021-09-06 19:12:57'),
(63, 53, 38, 0, 1, '2021-09-07 12:49:44'),
(64, 54, 39, 0, 1, '2021-09-07 12:51:54'),
(65, 55, 32, 1, 1, '2021-10-16 15:42:13'),
(66, 56, 33, 1, 1, '2021-10-16 15:47:58'),
(67, 57, 40, 0, 1, '2021-10-17 15:50:51'),
(68, 58, 41, 0, 1, '2021-10-18 10:00:40'),
(69, 59, 42, 0, 1, '2021-10-26 13:37:54'),
(70, 60, 43, 0, 1, '2021-10-31 07:06:31'),
(71, 61, 34, 1, 1, '2021-10-31 07:08:23'),
(72, 62, 44, 0, 1, '2021-10-31 07:33:19'),
(73, 63, 45, 0, 1, '2021-11-07 13:52:28'),
(74, 64, 46, 0, 1, '2021-11-14 14:18:17'),
(75, 65, 47, 0, 1, '2021-11-15 09:37:55'),
(76, 66, 48, 0, 1, '2021-11-15 14:56:46'),
(77, 67, 49, 0, 1, '2021-11-21 05:08:37'),
(78, 68, 50, 0, 1, '2021-11-21 05:09:28'),
(79, 69, 51, 0, 1, '2021-11-21 05:09:52'),
(80, 70, 52, 0, 1, '2021-11-21 05:10:19'),
(81, 71, 74, 0, 1, '2021-11-21 05:11:51'),
(82, 72, 53, 0, 1, '2021-11-21 05:36:54'),
(83, 73, 35, 1, 1, '2021-11-21 07:21:52'),
(84, 74, 54, 0, 1, '2021-11-21 10:01:56'),
(85, 75, 55, 0, 1, '2021-11-21 10:03:23'),
(86, 76, 56, 0, 1, '2021-11-21 10:15:44'),
(87, 77, 57, 0, 1, '2021-11-21 10:30:39'),
(88, 78, 58, 0, 1, '2021-11-21 14:41:16'),
(89, 79, 59, 0, 1, '2021-11-23 06:23:28'),
(90, 80, 82, 0, 1, '2021-11-24 13:36:26'),
(91, 81, 83, 0, 1, '2021-11-24 13:42:03'),
(92, 82, 60, 0, 1, '2021-11-25 03:16:40'),
(93, 83, 85, 0, 1, '2021-11-25 07:25:10'),
(94, 84, 61, 0, 1, '2021-11-26 07:34:08'),
(95, 85, 62, 0, 1, '2021-11-27 10:03:01'),
(96, 86, 63, 0, 1, '2021-11-28 04:22:58'),
(97, 87, 64, 0, 1, '2021-11-29 16:00:23'),
(98, 88, 90, 0, 1, '2021-11-29 16:02:43'),
(99, 89, 65, 0, 1, '2021-12-02 17:26:51'),
(100, 90, 66, 0, 1, '2021-12-03 09:38:40'),
(101, 91, 67, 0, 1, '2021-12-05 07:06:26'),
(102, 92, 94, 0, 1, '2021-12-05 07:08:51'),
(103, 93, 36, 1, 1, '2021-12-05 07:11:47'),
(104, 94, 68, 0, 1, '2021-12-05 16:13:25'),
(105, 95, 69, 0, 1, '2021-12-12 04:21:37'),
(106, 96, 70, 0, 1, '2021-12-17 09:31:06'),
(107, 97, 71, 0, 1, '2021-12-17 12:01:38'),
(108, 98, 99, 0, 1, '2021-12-21 14:52:42'),
(109, 99, 100, 0, 1, '2021-12-22 14:54:48'),
(110, 100, 101, 0, 1, '2021-12-22 14:55:16'),
(111, 101, 72, 0, 1, '2021-12-23 07:21:13'),
(112, 102, 73, 0, 1, '2021-12-23 11:00:24'),
(113, 103, 104, 0, 1, '2021-12-23 15:18:31'),
(114, 104, 74, 0, 1, '2021-12-24 05:56:45'),
(115, 105, 75, 0, 1, '2021-12-24 06:08:06'),
(116, 106, 107, 0, 1, '2021-12-25 04:07:12'),
(117, 107, 37, 1, 1, '2021-12-26 04:25:51'),
(118, 108, 76, 0, 1, '2021-12-26 06:26:10'),
(119, 109, 109, 0, 1, '2021-12-26 06:30:41'),
(120, 110, 38, 1, 1, '2021-12-26 06:31:21'),
(121, 111, 77, 0, 1, '2021-12-26 06:44:15'),
(122, 112, 78, 0, 1, '2021-12-26 06:46:47'),
(123, 113, 112, 0, 1, '2021-12-27 15:13:03'),
(124, 114, 113, 0, 1, '2022-01-01 15:02:37'),
(125, 115, 79, 0, 1, '2022-01-02 05:44:33'),
(126, 116, 80, 0, 1, '2022-01-02 05:45:43'),
(127, 117, 81, 0, 1, '2022-01-02 05:46:34'),
(128, 118, 117, 0, 1, '2022-01-02 07:06:24'),
(129, 119, 118, 0, 1, '2022-01-02 07:36:20'),
(132, 120, 84, 0, 1, '2022-01-02 14:56:20'),
(133, 121, 85, 0, 1, '2022-01-02 14:56:49'),
(134, 122, 86, 0, 1, '2022-01-03 14:33:59'),
(135, 123, 87, 0, 1, '2022-01-03 14:35:23'),
(136, 124, 123, 0, 1, '2022-01-03 14:37:18'),
(137, 125, 88, 0, 1, '2022-01-03 15:06:08'),
(138, 126, 89, 0, 1, '2022-01-03 15:07:34'),
(139, 127, 90, 0, 1, '2022-01-03 15:10:44'),
(140, 128, 91, 0, 1, '2022-01-03 15:12:23'),
(141, 129, 92, 0, 1, '2022-01-03 15:27:36'),
(142, 130, 93, 0, 1, '2022-01-03 15:33:31'),
(143, 131, 94, 0, 1, '2022-01-03 15:35:42'),
(144, 132, 95, 0, 1, '2022-01-03 15:45:26'),
(145, 133, 96, 0, 1, '2022-01-03 15:45:32'),
(146, 134, 97, 0, 1, '2022-01-03 15:59:27'),
(147, 135, 98, 0, 1, '2022-01-03 16:00:40'),
(148, 136, 99, 0, 1, '2022-01-03 16:09:02'),
(149, 137, 100, 0, 1, '2022-01-03 16:10:33'),
(150, 138, 101, 0, 1, '2022-01-03 16:14:46'),
(151, 139, 102, 0, 1, '2022-01-03 16:36:41'),
(152, 140, 103, 0, 1, '2022-01-03 16:46:36'),
(153, 141, 104, 0, 1, '2022-01-03 16:49:33'),
(154, 142, 105, 0, 1, '2022-01-03 16:49:39'),
(155, 143, 106, 0, 1, '2022-01-03 16:54:09'),
(156, 144, 107, 0, 1, '2022-01-03 16:58:01'),
(157, 145, 108, 0, 1, '2022-01-04 05:04:30'),
(158, 146, 109, 0, 1, '2022-01-04 11:39:09'),
(159, 147, 110, 0, 1, '2022-01-04 12:14:14'),
(160, 148, 111, 0, 1, '2022-01-04 14:40:10'),
(161, 149, 112, 0, 1, '2022-01-04 14:42:22'),
(162, 150, 113, 0, 1, '2022-01-04 14:43:02'),
(163, 151, 114, 0, 1, '2022-01-04 14:44:06'),
(164, 152, 115, 0, 1, '2022-01-04 14:45:11'),
(165, 153, 116, 0, 1, '2022-01-04 14:45:40'),
(166, 154, 117, 0, 1, '2022-01-04 14:46:55'),
(167, 155, 118, 0, 1, '2022-01-04 14:49:04'),
(168, 156, 119, 0, 1, '2022-01-04 14:49:52'),
(169, 157, 120, 0, 1, '2022-01-04 14:50:57'),
(170, 158, 121, 0, 1, '2022-01-04 14:51:16'),
(171, 159, 122, 0, 1, '2022-01-04 14:51:49'),
(172, 160, 123, 0, 1, '2022-01-04 15:08:11'),
(173, 161, 124, 0, 1, '2022-01-04 15:08:41'),
(174, 162, 125, 0, 1, '2022-01-04 15:09:59'),
(175, 163, 126, 0, 1, '2022-01-04 15:10:30'),
(176, 164, 127, 0, 1, '2022-01-04 15:24:01'),
(177, 165, 128, 0, 1, '2022-01-04 15:35:27'),
(178, 166, 129, 0, 1, '2022-01-04 15:37:28'),
(179, 167, 39, 1, 1, '2022-01-04 16:34:42'),
(180, 168, 130, 0, 1, '2022-01-04 17:21:53'),
(181, 169, 131, 0, 1, '2022-01-07 09:52:20'),
(182, 170, 40, 1, 1, '2022-01-07 09:57:25'),
(183, 171, 132, 0, 1, '2022-01-07 10:00:08'),
(184, 172, 41, 1, 1, '2022-01-07 10:01:19'),
(185, 173, 133, 0, 1, '2022-01-07 13:47:59'),
(186, 174, 42, 1, 1, '2022-01-07 13:50:51'),
(187, 175, 134, 0, 1, '2022-01-07 15:36:06'),
(188, 176, 43, 1, 1, '2022-01-07 15:37:45'),
(189, 177, 135, 0, 1, '2022-01-11 14:47:25'),
(190, 178, 136, 0, 1, '2022-01-12 14:40:01'),
(191, 179, 44, 1, 1, '2022-01-12 14:41:32'),
(192, 180, 45, 1, 1, '2022-01-12 14:42:56'),
(193, 181, 137, 0, 1, '2022-01-12 14:54:52'),
(194, 182, 46, 1, 1, '2022-01-12 14:55:47'),
(195, 183, 47, 1, 1, '2022-01-12 15:11:11'),
(196, 184, 48, 1, 1, '2022-01-12 15:14:44'),
(197, 185, 138, 0, 1, '2022-01-12 16:07:43'),
(198, 186, 139, 0, 1, '2022-01-13 16:14:54'),
(199, 187, 140, 0, 1, '2022-01-14 05:34:29'),
(200, 188, 141, 0, 1, '2022-01-17 06:06:32'),
(201, 189, 142, 0, 1, '2022-01-18 13:44:58'),
(202, 190, 143, 0, 1, '2022-01-18 13:51:20'),
(203, 191, 144, 0, 1, '2022-01-19 04:48:05'),
(204, 192, 145, 0, 1, '2022-01-19 06:56:20'),
(205, 193, 146, 0, 1, '2022-01-19 06:57:42'),
(206, 194, 147, 0, 1, '2022-01-19 06:59:20'),
(207, 195, 148, 0, 1, '2022-01-19 12:39:25'),
(208, 196, 149, 0, 1, '2022-01-19 15:24:27'),
(209, 197, 186, 0, 1, '2022-01-27 12:14:46'),
(210, 198, 150, 0, 1, '2022-01-29 03:11:16'),
(211, 199, 151, 0, 1, '2022-01-29 03:12:50'),
(212, 200, 152, 0, 1, '2022-01-29 03:14:26'),
(213, 201, 153, 0, 1, '2022-01-29 03:16:25'),
(214, 202, 191, 0, 1, '2022-01-29 03:17:34'),
(215, 203, 154, 0, 1, '2022-01-29 05:38:51'),
(216, 204, 193, 0, 1, '2022-01-29 05:41:07'),
(217, 205, 49, 1, 1, '2022-01-29 05:52:52'),
(218, 206, 155, 0, 1, '2022-01-30 03:51:09'),
(219, 207, 156, 0, 1, '2022-01-30 05:08:30'),
(220, 208, 157, 0, 1, '2022-01-31 10:10:44'),
(221, 209, 197, 0, 1, '2022-02-03 16:05:13'),
(222, 210, 158, 0, 1, '2022-02-05 05:48:10'),
(223, 211, 159, 0, 1, '2022-02-06 13:38:35'),
(224, 212, 160, 0, 1, '2022-02-06 14:38:15'),
(225, 213, 161, 0, 1, '2022-02-06 15:02:09'),
(226, 214, 162, 0, 1, '2022-02-06 16:19:29'),
(227, 215, 203, 0, 1, '2022-02-08 14:43:10'),
(228, 216, 163, 0, 1, '2022-02-09 15:24:19'),
(229, 217, 205, 0, 1, '2022-02-09 15:52:48'),
(230, 218, 206, 0, 1, '2022-02-10 15:14:34'),
(231, 219, 164, 0, 1, '2022-02-10 15:17:20'),
(232, 220, 208, 0, 1, '2022-02-12 04:27:50'),
(233, 221, 165, 0, 1, '2022-02-12 15:29:41'),
(235, 222, 168, 0, 1, '2022-02-12 17:38:35'),
(236, 223, 171, 0, 1, '2022-02-12 17:55:32'),
(237, 224, 173, 0, 1, '2022-02-13 03:19:42'),
(238, 225, 174, 0, 1, '2022-02-13 15:05:17'),
(239, 226, 175, 0, 1, '2022-02-13 15:24:21'),
(240, 227, 176, 0, 1, '2022-02-14 16:25:43'),
(241, 228, 177, 0, 1, '2022-02-14 16:37:38'),
(242, 229, 178, 0, 1, '2022-02-14 16:39:04'),
(243, 230, 179, 0, 1, '2022-02-15 18:35:57'),
(244, NULL, 0, 0, NULL, '2022-02-15 18:40:02'),
(245, NULL, 0, 0, NULL, '2022-02-17 15:21:04'),
(246, NULL, 0, 0, NULL, '2022-02-18 17:35:15'),
(247, 231, 180, 0, 1, '2022-02-19 15:43:11'),
(248, NULL, 0, 0, NULL, '2022-03-03 16:09:24'),
(249, 232, 50, 1, 1, '2022-03-04 15:59:28'),
(250, 233, 51, 1, 1, '2022-03-04 16:00:37'),
(251, 234, 181, 0, 1, '2022-03-05 16:10:05'),
(252, 235, 182, 0, 1, '2022-03-05 16:11:30'),
(253, NULL, 0, 0, NULL, '2022-03-05 16:14:43'),
(254, NULL, 0, 0, NULL, '2022-03-06 14:06:35'),
(255, 236, 183, 0, 1, '2022-03-07 15:08:37'),
(256, 237, 184, 0, 1, '2022-03-08 06:54:32'),
(257, 238, 185, 0, 1, '2022-03-10 06:51:33'),
(258, NULL, 0, 0, NULL, '2022-03-12 04:30:36'),
(259, NULL, 0, 0, NULL, '2022-03-13 13:51:17'),
(260, 239, 186, 0, 1, '2022-03-14 10:05:14'),
(261, NULL, 0, 0, NULL, '2022-03-14 17:21:18'),
(262, NULL, 0, 0, NULL, '2022-03-15 03:07:01'),
(263, NULL, 0, 0, NULL, '2022-03-15 03:08:54'),
(264, 240, 52, 1, 1, '2022-03-15 03:10:01'),
(265, 241, 187, 0, 1, '2022-03-15 06:41:27'),
(266, NULL, 0, 0, NULL, '2022-03-15 06:42:38'),
(267, 242, 53, 1, 1, '2022-03-15 06:43:42'),
(268, 243, 188, 0, 1, '2022-03-15 16:23:37'),
(269, 244, 189, 0, 1, '2022-03-16 09:52:06'),
(270, 245, 190, 0, 1, '2022-03-16 09:57:48'),
(271, 246, 191, 0, 1, '2022-03-16 09:59:13'),
(272, 247, 54, 1, 1, '2022-03-16 10:01:14'),
(273, 248, 192, 0, 1, '2022-03-16 10:03:06'),
(274, 249, 193, 0, 1, '2022-03-16 10:05:23'),
(275, 250, 194, 0, 1, '2022-03-16 10:08:01'),
(276, 251, 195, 0, 1, '2022-03-16 10:20:24'),
(277, NULL, 0, 0, NULL, '2022-03-16 17:04:30'),
(278, NULL, 0, 0, NULL, '2022-03-16 17:17:44'),
(279, 252, 196, 0, 1, '2022-03-17 07:09:28'),
(280, 253, 197, 0, 1, '2022-03-17 07:11:01'),
(281, 254, 55, 1, 1, '2022-03-17 07:14:37'),
(282, 255, 198, 0, 1, '2022-03-17 11:25:47'),
(283, NULL, 0, 0, NULL, '2022-03-17 16:49:22'),
(284, 256, 199, 0, 1, '2022-03-17 16:54:08'),
(285, NULL, 0, 0, NULL, '2022-03-17 16:56:43'),
(286, NULL, 0, 0, NULL, '2022-03-18 15:38:43'),
(287, 257, 56, 1, 1, '2022-03-18 16:13:53'),
(288, 258, 200, 0, 1, '2022-03-20 15:38:15'),
(289, NULL, 0, 0, NULL, '2022-03-27 14:37:13'),
(290, 259, 201, 0, 1, '2022-03-28 06:40:26'),
(291, 260, 57, 1, 1, '2022-03-28 06:43:50'),
(292, NULL, 0, 0, NULL, '2022-03-28 06:45:50'),
(293, NULL, 0, 0, NULL, '2022-03-28 06:47:03'),
(294, NULL, 0, 0, NULL, '2022-03-28 06:49:30'),
(295, 261, 58, 1, 1, '2022-03-28 06:49:57'),
(296, NULL, 0, 0, NULL, '2022-03-28 07:19:01'),
(297, NULL, 0, 0, NULL, '2022-03-28 07:20:14'),
(298, 262, 202, 0, 1, '2022-03-30 09:23:18'),
(299, 263, 203, 0, 1, '2022-03-31 04:39:17'),
(300, 264, 204, 0, 1, '2022-04-01 16:13:52'),
(301, 265, 59, 1, 1, '2022-04-01 17:05:20'),
(302, 266, 205, 0, 1, '2022-04-02 10:50:29'),
(303, 267, 206, 0, 1, '2022-04-03 06:24:38'),
(304, 268, 207, 0, 1, '2022-04-04 07:05:29'),
(305, 269, 208, 0, 1, '2022-04-05 04:09:24'),
(306, 270, 60, 1, 1, '2022-04-05 10:31:17'),
(307, 271, 209, 0, 1, '2022-04-10 14:47:45'),
(308, NULL, 0, 0, NULL, '2022-04-15 05:44:57'),
(309, NULL, 0, 0, NULL, '2022-04-16 10:37:45'),
(310, 272, 211, 0, 1, '2022-04-17 06:28:11'),
(311, 273, 213, 0, 1, '2022-04-23 07:37:59'),
(312, 274, 61, 1, 1, '2022-04-23 07:41:15'),
(313, 275, 214, 0, 1, '2022-04-25 05:21:54'),
(314, 276, 215, 0, 1, '2022-04-28 11:07:59'),
(315, 277, 216, 0, 1, '2022-04-29 03:44:01'),
(316, 278, 217, 0, 1, '2022-04-30 09:21:02'),
(317, 279, 62, 1, 1, '2022-04-30 09:21:59'),
(318, 280, 63, 1, 1, '2022-04-30 09:27:26'),
(319, 281, 64, 1, 1, '2022-04-30 09:48:27'),
(320, 282, 65, 1, 1, '2022-05-05 16:22:30'),
(321, 283, 66, 1, 1, '2022-05-05 16:44:52'),
(322, 284, 67, 1, 1, '2022-05-05 16:45:06'),
(323, 285, 68, 1, 1, '2022-05-05 16:45:49'),
(324, 286, 218, 0, 1, '2022-05-06 02:59:45'),
(325, NULL, 0, 0, NULL, '2022-05-06 03:00:44'),
(326, 287, 219, 0, 1, '2022-05-07 08:57:45');

-- --------------------------------------------------------

--
-- Table structure for table `bill_settings`
--

CREATE TABLE `bill_settings` (
  `tr_id` int(100) NOT NULL,
  `login_id` int(100) NOT NULL,
  `tr_yr` varchar(100) NOT NULL,
  `type` varchar(100) NOT NULL DEFAULT '1' COMMENT '1:BtoB,2BtoC',
  `prefix` varchar(200) NOT NULL,
  `padding` varchar(200) NOT NULL,
  `starting_billno` varchar(100) NOT NULL,
  `office_id` int(11) NOT NULL,
  `created_date` timestamp NOT NULL DEFAULT CURRENT_TIMESTAMP,
  `updated_time` timestamp NOT NULL DEFAULT '0000-00-00 00:00:00' ON UPDATE CURRENT_TIMESTAMP
) ENGINE=MyISAM DEFAULT CHARSET=latin1;

--
-- Dumping data for table `bill_settings`
--

INSERT INTO `bill_settings` (`tr_id`, `login_id`, `tr_yr`, `type`, `prefix`, `padding`, `starting_billno`, `office_id`, `created_date`, `updated_time`) VALUES
(1, 1, '20-21', '1', 'EMR-0', '', '1', 1, '2020-05-07 07:19:21', '2021-07-03 05:19:29');

-- --------------------------------------------------------

--
-- Table structure for table `charge_type`
--

CREATE TABLE `charge_type` (
  `charge_type_id` int(5) NOT NULL,
  `code` varchar(100) COLLATE utf8_unicode_ci NOT NULL,
  `name` varchar(100) COLLATE utf8_unicode_ci NOT NULL,
  `charge_id` int(10) NOT NULL DEFAULT '0' COMMENT '1.opd,2.ipd,3.laser,4.injection,5.investigation',
  `description` text COLLATE utf8_unicode_ci NOT NULL,
  `status` int(10) NOT NULL DEFAULT '0',
  `office_id` int(10) NOT NULL,
  `login_id` int(10) NOT NULL,
  `parent_id` int(10) NOT NULL,
  `created_date` timestamp NOT NULL DEFAULT CURRENT_TIMESTAMP,
  `updated_date` timestamp NULL DEFAULT NULL ON UPDATE CURRENT_TIMESTAMP
) ENGINE=InnoDB DEFAULT CHARSET=utf8 COLLATE=utf8_unicode_ci;

--
-- Dumping data for table `charge_type`
--

INSERT INTO `charge_type` (`charge_type_id`, `code`, `name`, `charge_id`, `description`, `status`, `office_id`, `login_id`, `parent_id`, `created_date`, `updated_date`) VALUES
(15, '01', 'INVESTIGATION', 5, '', 1, 1, 1, 0, '2021-07-07 06:25:50', '2021-07-14 08:57:20'),
(16, '02', 'INPATIENT', 2, '', 1, 1, 1, 0, '2021-07-07 06:26:14', '2021-07-14 08:56:59'),
(17, '02', 'CONSULTATION', 1, '', 1, 1, 1, 0, '2021-07-12 10:04:22', NULL),
(18, '04', 'LASER', 3, '', 1, 1, 1, 0, '2021-07-14 08:57:38', NULL),
(19, '05', 'INJECTION', 4, '', 1, 1, 1, 0, '2021-07-14 08:57:57', NULL),
(20, '06', 'OTHERS', 1, '', 1, 1, 1, 0, '2021-07-14 08:58:14', NULL);

-- --------------------------------------------------------

--
-- Table structure for table `city`
--

CREATE TABLE `city` (
  `city_id` int(5) NOT NULL,
  `name` varchar(100) COLLATE utf8_unicode_ci NOT NULL,
  `description` text COLLATE utf8_unicode_ci NOT NULL,
  `status` int(10) NOT NULL DEFAULT '0',
  `office_id` int(10) NOT NULL,
  `login_id` int(10) NOT NULL,
  `parent_id` int(10) NOT NULL,
  `created_date` timestamp NOT NULL DEFAULT CURRENT_TIMESTAMP,
  `updated_date` timestamp NULL DEFAULT NULL ON UPDATE CURRENT_TIMESTAMP
) ENGINE=InnoDB DEFAULT CHARSET=utf8 COLLATE=utf8_unicode_ci;

--
-- Dumping data for table `city`
--

INSERT INTO `city` (`city_id`, `name`, `description`, `status`, `office_id`, `login_id`, `parent_id`, `created_date`, `updated_date`) VALUES
(14, 'PAYYANUR', '', 1, 1, 105, 0, '2021-07-10 11:49:45', '2021-11-29 08:45:25'),
(15, 'RAMANTHALI', '', 1, 1, 105, 0, '2021-11-29 08:46:02', NULL);

-- --------------------------------------------------------

--
-- Table structure for table `complaints`
--

CREATE TABLE `complaints` (
  `complaints_id` int(5) NOT NULL,
  `name` varchar(100) COLLATE utf8_unicode_ci NOT NULL,
  `description` text COLLATE utf8_unicode_ci NOT NULL,
  `status` int(10) NOT NULL DEFAULT '0',
  `office_id` int(10) NOT NULL,
  `login_id` int(10) NOT NULL,
  `parent_id` int(10) NOT NULL,
  `created_date` timestamp NOT NULL DEFAULT CURRENT_TIMESTAMP,
  `updated_date` timestamp NULL DEFAULT NULL ON UPDATE CURRENT_TIMESTAMP
) ENGINE=InnoDB DEFAULT CHARSET=utf8 COLLATE=utf8_unicode_ci;

--
-- Dumping data for table `complaints`
--

INSERT INTO `complaints` (`complaints_id`, `name`, `description`, `status`, `office_id`, `login_id`, `parent_id`, `created_date`, `updated_date`) VALUES
(17, 'BLURRED VISION FOR DISTANCE', '', 1, 1, 1, 0, '2021-11-21 04:07:27', NULL),
(18, 'BLURRED VISION FOR NEAR', '', 1, 1, 1, 0, '2021-11-21 04:07:42', NULL),
(19, 'HEADACHE', '', 1, 1, 1, 0, '2021-11-21 04:08:48', NULL),
(20, 'REDNESS', '', 1, 1, 1, 0, '2021-11-21 04:08:59', NULL),
(21, 'WATERING', '', 1, 1, 1, 0, '2021-11-21 04:09:08', NULL),
(22, 'PAIN', '', 1, 1, 1, 0, '2021-11-21 04:09:17', NULL),
(23, 'BURNING', '', 1, 1, 1, 0, '2021-11-21 04:09:30', NULL),
(24, 'DISCHARGE', '', 1, 1, 1, 0, '2021-11-21 04:09:41', NULL),
(25, 'SWELLING IN UL', '', 1, 1, 1, 0, '2021-11-21 04:09:51', NULL),
(26, 'SWELLING IN LL', '', 1, 1, 1, 0, '2021-11-21 04:09:58', NULL),
(27, 'LOST SPECTACLES', '', 1, 1, 1, 0, '2021-11-21 04:10:08', NULL),
(28, 'BROKE SPECTACLES', '', 1, 1, 1, 0, '2021-11-21 04:10:22', NULL),
(29, 'FB IN THE EYE', '', 1, 1, 1, 0, '2021-11-21 04:10:33', NULL),
(30, 'FB SENSATION', '', 1, 1, 1, 0, '2021-11-21 04:10:42', NULL),
(31, 'REGULAR EYE EXAM', '', 1, 1, 1, 0, '2021-11-21 04:10:55', NULL);

-- --------------------------------------------------------

--
-- Table structure for table `current_medication`
--

CREATE TABLE `current_medication` (
  `current_medication_id` int(5) NOT NULL,
  `name` varchar(100) COLLATE utf8_unicode_ci NOT NULL,
  `description` text COLLATE utf8_unicode_ci NOT NULL,
  `status` int(10) NOT NULL DEFAULT '0',
  `office_id` int(10) NOT NULL,
  `login_id` int(10) NOT NULL,
  `parent_id` int(10) NOT NULL,
  `created_date` timestamp NOT NULL DEFAULT CURRENT_TIMESTAMP,
  `updated_date` timestamp NULL DEFAULT NULL ON UPDATE CURRENT_TIMESTAMP
) ENGINE=InnoDB DEFAULT CHARSET=utf8 COLLATE=utf8_unicode_ci;

--
-- Dumping data for table `current_medication`
--

INSERT INTO `current_medication` (`current_medication_id`, `name`, `description`, `status`, `office_id`, `login_id`, `parent_id`, `created_date`, `updated_date`) VALUES
(1, 'fdsaf', 'sadasdsfds', 1, 1, 1, 0, '2021-09-20 17:51:19', '2021-09-20 17:54:47'),
(3, 'dsfdsf', 'dsfdsf', 1, 1, 1, 0, '2021-09-20 17:55:06', NULL),
(4, 'frttrtty1', 'rey', 1, 1, 1, 0, '2021-09-20 18:33:37', '2021-09-21 09:14:24'),
(6, '1', '1', 1, 1, 1, 0, '2021-09-21 09:14:33', NULL);

-- --------------------------------------------------------

--
-- Table structure for table `department`
--

CREATE TABLE `department` (
  `department_id` int(5) NOT NULL,
  `name` varchar(100) COLLATE utf8_unicode_ci NOT NULL,
  `description` text COLLATE utf8_unicode_ci NOT NULL,
  `status` int(10) NOT NULL DEFAULT '0',
  `office_id` int(10) NOT NULL,
  `login_id` int(10) NOT NULL,
  `parent_id` int(10) NOT NULL,
  `created_date` timestamp NOT NULL DEFAULT CURRENT_TIMESTAMP,
  `updated_date` timestamp NULL DEFAULT NULL ON UPDATE CURRENT_TIMESTAMP
) ENGINE=InnoDB DEFAULT CHARSET=utf8 COLLATE=utf8_unicode_ci;

--
-- Dumping data for table `department`
--

INSERT INTO `department` (`department_id`, `name`, `description`, `status`, `office_id`, `login_id`, `parent_id`, `created_date`, `updated_date`) VALUES
(9, 'cataract', '', 1, 1, 1, 0, '2021-07-07 06:26:45', NULL),
(10, 'RETINA', '', 1, 1, 1, 0, '2021-07-12 10:04:39', NULL),
(11, 'Glaucoma', '', 1, 1, 1, 0, '2022-01-19 07:54:06', NULL),
(12, 'OCULOPLASTY', '', 1, 1, 1, 0, '2022-01-19 07:54:18', NULL),
(13, 'PAEDIATRIC', '', 1, 1, 1, 0, '2022-01-19 07:54:26', NULL),
(14, 'SQUINT', '', 1, 1, 1, 0, '2022-01-19 07:54:34', NULL),
(15, 'CORNEA', '', 1, 1, 1, 0, '2022-01-19 07:55:08', NULL);

-- --------------------------------------------------------

--
-- Table structure for table `dialysis`
--

CREATE TABLE `dialysis` (
  `dialysis_id` int(5) NOT NULL,
  `name` varchar(100) COLLATE utf8_unicode_ci NOT NULL,
  `description` text COLLATE utf8_unicode_ci NOT NULL,
  `status` int(10) NOT NULL DEFAULT '0',
  `office_id` int(10) NOT NULL,
  `login_id` int(10) NOT NULL,
  `parent_id` int(10) NOT NULL,
  `created_date` timestamp NOT NULL DEFAULT CURRENT_TIMESTAMP,
  `updated_date` timestamp NULL DEFAULT NULL ON UPDATE CURRENT_TIMESTAMP
) ENGINE=InnoDB DEFAULT CHARSET=utf8 COLLATE=utf8_unicode_ci;

--
-- Dumping data for table `dialysis`
--

INSERT INTO `dialysis` (`dialysis_id`, `name`, `description`, `status`, `office_id`, `login_id`, `parent_id`, `created_date`, `updated_date`) VALUES
(8, 'TROPICAMIDE', '', 1, 1, 1, 0, '2021-11-29 16:11:48', NULL),
(9, 'ATROPINE', '', 1, 1, 1, 0, '2021-11-29 16:12:01', NULL),
(10, 'CYCLOPENTOLATE', '', 1, 1, 1, 0, '2021-11-29 16:12:46', NULL),
(11, 'PHENYLEPHRINE', '', 1, 1, 1, 0, '2021-11-29 16:13:34', NULL),
(12, 'HOMATROPINE', '', 1, 1, 1, 0, '2021-11-29 16:14:20', NULL);

-- --------------------------------------------------------

--
-- Table structure for table `doctors_registration`
--

CREATE TABLE `doctors_registration` (
  `doctors_registration_id` int(15) NOT NULL,
  `designation` int(5) NOT NULL DEFAULT '1' COMMENT '1:consulatant,2:surgery,3:anthes',
  `name` varchar(100) COLLATE utf8_unicode_ci NOT NULL,
  `mobileno` varchar(100) COLLATE utf8_unicode_ci NOT NULL,
  `specialist` varchar(100) COLLATE utf8_unicode_ci NOT NULL,
  `regno` varchar(100) COLLATE utf8_unicode_ci DEFAULT NULL,
  `dgs` varchar(100) COLLATE utf8_unicode_ci DEFAULT NULL,
  `description` text COLLATE utf8_unicode_ci NOT NULL,
  `status` int(10) NOT NULL DEFAULT '0',
  `office_id` int(10) NOT NULL,
  `login_id` int(10) NOT NULL,
  `parent_id` int(10) NOT NULL,
  `created_date` timestamp NOT NULL DEFAULT CURRENT_TIMESTAMP,
  `updated_date` timestamp NULL DEFAULT NULL ON UPDATE CURRENT_TIMESTAMP
) ENGINE=InnoDB DEFAULT CHARSET=utf8 COLLATE=utf8_unicode_ci;

--
-- Dumping data for table `doctors_registration`
--

INSERT INTO `doctors_registration` (`doctors_registration_id`, `designation`, `name`, `mobileno`, `specialist`, `regno`, `dgs`, `description`, `status`, `office_id`, `login_id`, `parent_id`, `created_date`, `updated_date`) VALUES
(4, 1, 'Dr Arjun', '45', '456', '', '', 't', 1, 1, 1, 0, '2021-06-29 10:19:50', '2022-01-19 06:54:08'),
(6, 2, 'Dr Vijay', '2', '2', '', '', '', 1, 1, 1, 0, '2021-06-29 10:39:31', '2022-02-08 15:05:09'),
(7, 1, 'Dr Anish', '1', '1', '', '', '1', 1, 1, 1, 0, '2021-06-29 12:03:36', '2022-01-19 06:54:29'),
(8, 3, 'Dr Rajan', '1', 's', '', '', '1', 1, 1, 1, 0, '2021-06-29 12:05:29', '2022-02-08 15:04:57'),
(10, 2, 'sfds', '213213', '213213', '213', '213', '213', 1, 1, 1, 0, '2022-02-08 15:04:40', '2022-02-08 15:04:50');

-- --------------------------------------------------------

--
-- Table structure for table `examination`
--

CREATE TABLE `examination` (
  `examination_id` int(20) NOT NULL,
  `confirm_flag` int(5) NOT NULL DEFAULT '0' COMMENT '0:examination,1:doctor',
  `patient_registration_id` int(20) NOT NULL,
  `patient_appointment_id` int(20) NOT NULL,
  `doctor_id` int(20) NOT NULL,
  `examination_date` date NOT NULL,
  `pre1` varchar(100) COLLATE utf8_unicode_ci NOT NULL,
  `pre2` varchar(100) COLLATE utf8_unicode_ci NOT NULL,
  `pre3` varchar(100) COLLATE utf8_unicode_ci NOT NULL,
  `pre4` varchar(100) COLLATE utf8_unicode_ci NOT NULL,
  `pre5` varchar(100) COLLATE utf8_unicode_ci NOT NULL,
  `pre6` varbinary(100) NOT NULL,
  `pre7` varchar(100) COLLATE utf8_unicode_ci NOT NULL,
  `pre8` varchar(100) COLLATE utf8_unicode_ci NOT NULL,
  `pre9` varchar(100) COLLATE utf8_unicode_ci NOT NULL,
  `pre10` varchar(100) COLLATE utf8_unicode_ci NOT NULL,
  `pre11` varchar(100) COLLATE utf8_unicode_ci NOT NULL,
  `pre12` varchar(100) COLLATE utf8_unicode_ci NOT NULL,
  `pre_remarks` varchar(100) COLLATE utf8_unicode_ci NOT NULL,
  `vis1` varchar(100) COLLATE utf8_unicode_ci NOT NULL,
  `vis2` varchar(100) COLLATE utf8_unicode_ci NOT NULL,
  `vis3` varchar(100) COLLATE utf8_unicode_ci NOT NULL,
  `vis4` varchar(100) COLLATE utf8_unicode_ci NOT NULL,
  `vis5` varchar(100) COLLATE utf8_unicode_ci NOT NULL,
  `vis6` varchar(100) COLLATE utf8_unicode_ci NOT NULL,
  `vis7` varchar(100) COLLATE utf8_unicode_ci NOT NULL,
  `vis8` varchar(100) COLLATE utf8_unicode_ci NOT NULL,
  `vis9` varchar(100) COLLATE utf8_unicode_ci NOT NULL,
  `vis10` varchar(100) COLLATE utf8_unicode_ci NOT NULL,
  `cur1` varchar(100) COLLATE utf8_unicode_ci NOT NULL,
  `cur2` varchar(100) COLLATE utf8_unicode_ci NOT NULL,
  `cur3` varchar(100) COLLATE utf8_unicode_ci NOT NULL,
  `cur4` varchar(100) COLLATE utf8_unicode_ci NOT NULL,
  `cur5` varchar(100) COLLATE utf8_unicode_ci NOT NULL,
  `cur6` varchar(100) COLLATE utf8_unicode_ci NOT NULL,
  `cur7` varchar(100) COLLATE utf8_unicode_ci NOT NULL,
  `cur8` varchar(100) COLLATE utf8_unicode_ci NOT NULL,
  `cur9` varchar(100) COLLATE utf8_unicode_ci NOT NULL,
  `cur10` varchar(100) COLLATE utf8_unicode_ci NOT NULL,
  `cur11` varchar(100) COLLATE utf8_unicode_ci NOT NULL,
  `cur12` varchar(100) COLLATE utf8_unicode_ci NOT NULL,
  `cur13` varchar(100) COLLATE utf8_unicode_ci NOT NULL,
  `cur14` varchar(100) COLLATE utf8_unicode_ci NOT NULL,
  `cur15` varchar(100) COLLATE utf8_unicode_ci NOT NULL,
  `cur16` varchar(100) COLLATE utf8_unicode_ci NOT NULL,
  `obj1` varchar(100) COLLATE utf8_unicode_ci NOT NULL,
  `obj2` varchar(100) COLLATE utf8_unicode_ci NOT NULL,
  `obj3` varchar(100) COLLATE utf8_unicode_ci NOT NULL,
  `obj4` varchar(100) COLLATE utf8_unicode_ci NOT NULL,
  `obj5` varchar(100) COLLATE utf8_unicode_ci NOT NULL,
  `obj6` varchar(100) COLLATE utf8_unicode_ci NOT NULL,
  `obj7` varchar(100) COLLATE utf8_unicode_ci NOT NULL,
  `obj8` varchar(100) COLLATE utf8_unicode_ci NOT NULL,
  `obj9` varchar(100) COLLATE utf8_unicode_ci NOT NULL,
  `obj10` varchar(100) COLLATE utf8_unicode_ci NOT NULL,
  `obj11` varchar(100) COLLATE utf8_unicode_ci NOT NULL,
  `obj12` varchar(100) COLLATE utf8_unicode_ci NOT NULL,
  `obj13` varchar(100) COLLATE utf8_unicode_ci NOT NULL,
  `obj14` varchar(100) COLLATE utf8_unicode_ci NOT NULL,
  `obj15` varchar(100) COLLATE utf8_unicode_ci NOT NULL,
  `ar1` varchar(100) COLLATE utf8_unicode_ci NOT NULL,
  `ar2` varchar(100) COLLATE utf8_unicode_ci NOT NULL,
  `ar3` varchar(100) COLLATE utf8_unicode_ci NOT NULL,
  `ar4` varchar(100) COLLATE utf8_unicode_ci NOT NULL,
  `ar5` varchar(100) COLLATE utf8_unicode_ci NOT NULL,
  `ar6` varchar(100) COLLATE utf8_unicode_ci NOT NULL,
  `ar7` varchar(100) COLLATE utf8_unicode_ci NOT NULL,
  `ar8` varchar(100) COLLATE utf8_unicode_ci NOT NULL,
  `ar9` varchar(100) COLLATE utf8_unicode_ci NOT NULL,
  `ar10` varchar(100) COLLATE utf8_unicode_ci NOT NULL,
  `man1` varchar(100) COLLATE utf8_unicode_ci NOT NULL,
  `man2` varchar(100) COLLATE utf8_unicode_ci NOT NULL,
  `man3` varchar(100) COLLATE utf8_unicode_ci NOT NULL,
  `man4` varchar(100) COLLATE utf8_unicode_ci NOT NULL,
  `man5` varchar(100) COLLATE utf8_unicode_ci NOT NULL,
  `man6` varchar(100) COLLATE utf8_unicode_ci NOT NULL,
  `man7` varchar(100) COLLATE utf8_unicode_ci NOT NULL,
  `man8` varchar(100) COLLATE utf8_unicode_ci NOT NULL,
  `man9` varchar(100) COLLATE utf8_unicode_ci NOT NULL,
  `man10` varchar(100) COLLATE utf8_unicode_ci NOT NULL,
  `spe1` varchar(100) COLLATE utf8_unicode_ci NOT NULL,
  `spe2` varchar(100) COLLATE utf8_unicode_ci NOT NULL,
  `spe3` varchar(100) COLLATE utf8_unicode_ci NOT NULL,
  `spe4` varchar(100) COLLATE utf8_unicode_ci NOT NULL,
  `spe5` varchar(100) COLLATE utf8_unicode_ci NOT NULL,
  `spe6` varchar(100) COLLATE utf8_unicode_ci NOT NULL,
  `spe7` varchar(100) COLLATE utf8_unicode_ci NOT NULL,
  `spe8` varchar(100) COLLATE utf8_unicode_ci NOT NULL,
  `spe9` varchar(100) COLLATE utf8_unicode_ci NOT NULL,
  `spe10` varchar(100) COLLATE utf8_unicode_ci NOT NULL,
  `spe11` varchar(100) COLLATE utf8_unicode_ci NOT NULL,
  `spe12` varchar(100) COLLATE utf8_unicode_ci NOT NULL,
  `spe13` varchar(100) COLLATE utf8_unicode_ci NOT NULL,
  `spe14` varchar(100) COLLATE utf8_unicode_ci NOT NULL,
  `spe15` varchar(100) COLLATE utf8_unicode_ci NOT NULL,
  `spe16` varchar(100) COLLATE utf8_unicode_ci DEFAULT NULL,
  `con1` varchar(100) COLLATE utf8_unicode_ci NOT NULL,
  `con2` varchar(100) COLLATE utf8_unicode_ci NOT NULL,
  `con3` varchar(100) COLLATE utf8_unicode_ci NOT NULL,
  `con4` varchar(100) COLLATE utf8_unicode_ci NOT NULL,
  `con5` varchar(100) COLLATE utf8_unicode_ci NOT NULL,
  `con6` varchar(100) COLLATE utf8_unicode_ci NOT NULL,
  `con7` varchar(100) COLLATE utf8_unicode_ci NOT NULL,
  `con8` varchar(100) COLLATE utf8_unicode_ci NOT NULL,
  `con9` varchar(100) COLLATE utf8_unicode_ci NOT NULL,
  `con10` varchar(100) COLLATE utf8_unicode_ci NOT NULL,
  `con11` varchar(100) COLLATE utf8_unicode_ci NOT NULL,
  `con12` varchar(100) COLLATE utf8_unicode_ci NOT NULL,
  `con13` varchar(100) COLLATE utf8_unicode_ci NOT NULL,
  `con14` varchar(100) COLLATE utf8_unicode_ci NOT NULL,
  `con15` varchar(100) COLLATE utf8_unicode_ci NOT NULL,
  `con16` varchar(100) COLLATE utf8_unicode_ci NOT NULL,
  `pmt1` varchar(100) COLLATE utf8_unicode_ci NOT NULL,
  `pmt2` varchar(100) COLLATE utf8_unicode_ci NOT NULL,
  `pmt3` varchar(100) COLLATE utf8_unicode_ci NOT NULL,
  `pmt4` varchar(100) COLLATE utf8_unicode_ci NOT NULL,
  `pmt5` varchar(100) COLLATE utf8_unicode_ci NOT NULL,
  `pmt6` varchar(100) COLLATE utf8_unicode_ci NOT NULL,
  `pmt7` varchar(100) COLLATE utf8_unicode_ci NOT NULL,
  `pmt8` varchar(100) COLLATE utf8_unicode_ci NOT NULL,
  `pmt9` varchar(100) COLLATE utf8_unicode_ci NOT NULL,
  `pmt10` varchar(100) COLLATE utf8_unicode_ci NOT NULL,
  `pmt11` varchar(100) COLLATE utf8_unicode_ci DEFAULT NULL,
  `pmt12` varchar(100) COLLATE utf8_unicode_ci NOT NULL,
  `pmt13` varchar(100) COLLATE utf8_unicode_ci NOT NULL,
  `pmt14` varchar(100) COLLATE utf8_unicode_ci NOT NULL,
  `pmt15` varchar(100) COLLATE utf8_unicode_ci NOT NULL,
  `pmt16` varchar(100) COLLATE utf8_unicode_ci NOT NULL,
  `material` varchar(100) COLLATE utf8_unicode_ci NOT NULL,
  `cr` varchar(100) COLLATE utf8_unicode_ci NOT NULL,
  `usage` varchar(100) COLLATE utf8_unicode_ci NOT NULL,
  `typev` varchar(100) COLLATE utf8_unicode_ci NOT NULL,
  `ipd` varchar(100) COLLATE utf8_unicode_ci NOT NULL,
  `pdre` varchar(100) COLLATE utf8_unicode_ci DEFAULT NULL,
  `le` varchar(100) COLLATE utf8_unicode_ci DEFAULT NULL,
  `segmentre` varchar(100) COLLATE utf8_unicode_ci DEFAULT NULL,
  `lle` varchar(100) COLLATE utf8_unicode_ci DEFAULT NULL,
  `followup` varchar(100) COLLATE utf8_unicode_ci DEFAULT NULL,
  `workup` varchar(100) COLLATE utf8_unicode_ci DEFAULT NULL,
  `mm` varchar(100) COLLATE utf8_unicode_ci DEFAULT NULL,
  `www` varchar(100) COLLATE utf8_unicode_ci DEFAULT NULL,
  `dayss` varchar(100) COLLATE utf8_unicode_ci DEFAULT NULL,
  `d_date` date DEFAULT NULL,
  `sos` varchar(100) COLLATE utf8_unicode_ci DEFAULT NULL,
  `plan_of_action` varchar(100) COLLATE utf8_unicode_ci DEFAULT NULL,
  `opth_user_comments` varchar(100) COLLATE utf8_unicode_ci DEFAULT NULL,
  `gen_comp_remarks` varchar(200) COLLATE utf8_unicode_ci DEFAULT NULL,
  `gen_medi_remarks` varchar(200) COLLATE utf8_unicode_ci DEFAULT NULL,
  `gen_opth_remarks` varchar(200) COLLATE utf8_unicode_ci DEFAULT NULL,
  `family_history` varchar(200) COLLATE utf8_unicode_ci DEFAULT NULL,
  `drug_history` varchar(200) COLLATE utf8_unicode_ci DEFAULT NULL,
  `current_meditation` varchar(200) COLLATE utf8_unicode_ci DEFAULT NULL,
  `dialysis_con` int(10) NOT NULL DEFAULT '0' COMMENT '1:no,2:yes',
  `dialysis_drop` int(10) DEFAULT NULL,
  `medicine_doc_remarks` text COLLATE utf8_unicode_ci,
  `login_id` int(10) NOT NULL,
  `office_id` int(10) NOT NULL,
  `parent_id` int(10) NOT NULL,
  `history_id` varchar(200) COLLATE utf8_unicode_ci DEFAULT NULL COMMENT 'temp_id reference',
  `addmedhistory_id` varchar(200) COLLATE utf8_unicode_ci DEFAULT NULL COMMENT 'doctor examination medicine history reference id',
  `optho_action` int(5) NOT NULL DEFAULT '0' COMMENT '0:inprogress,1:completed',
  `doc_action` int(5) NOT NULL DEFAULT '0' COMMENT '0:inprogress,1:completed',
  `treatmentplan_ref_id` varchar(100) COLLATE utf8_unicode_ci DEFAULT NULL,
  `clinical_advisor` varchar(250) COLLATE utf8_unicode_ci DEFAULT NULL,
  `eyepartshistory_id` varchar(100) COLLATE utf8_unicode_ci DEFAULT NULL COMMENT 'temp_id referece',
  `created_date` timestamp NOT NULL DEFAULT CURRENT_TIMESTAMP,
  `updated_date` timestamp NULL DEFAULT NULL ON UPDATE CURRENT_TIMESTAMP
) ENGINE=InnoDB DEFAULT CHARSET=utf8 COLLATE=utf8_unicode_ci;

--
-- Dumping data for table `examination`
--

INSERT INTO `examination` (`examination_id`, `confirm_flag`, `patient_registration_id`, `patient_appointment_id`, `doctor_id`, `examination_date`, `pre1`, `pre2`, `pre3`, `pre4`, `pre5`, `pre6`, `pre7`, `pre8`, `pre9`, `pre10`, `pre11`, `pre12`, `pre_remarks`, `vis1`, `vis2`, `vis3`, `vis4`, `vis5`, `vis6`, `vis7`, `vis8`, `vis9`, `vis10`, `cur1`, `cur2`, `cur3`, `cur4`, `cur5`, `cur6`, `cur7`, `cur8`, `cur9`, `cur10`, `cur11`, `cur12`, `cur13`, `cur14`, `cur15`, `cur16`, `obj1`, `obj2`, `obj3`, `obj4`, `obj5`, `obj6`, `obj7`, `obj8`, `obj9`, `obj10`, `obj11`, `obj12`, `obj13`, `obj14`, `obj15`, `ar1`, `ar2`, `ar3`, `ar4`, `ar5`, `ar6`, `ar7`, `ar8`, `ar9`, `ar10`, `man1`, `man2`, `man3`, `man4`, `man5`, `man6`, `man7`, `man8`, `man9`, `man10`, `spe1`, `spe2`, `spe3`, `spe4`, `spe5`, `spe6`, `spe7`, `spe8`, `spe9`, `spe10`, `spe11`, `spe12`, `spe13`, `spe14`, `spe15`, `spe16`, `con1`, `con2`, `con3`, `con4`, `con5`, `con6`, `con7`, `con8`, `con9`, `con10`, `con11`, `con12`, `con13`, `con14`, `con15`, `con16`, `pmt1`, `pmt2`, `pmt3`, `pmt4`, `pmt5`, `pmt6`, `pmt7`, `pmt8`, `pmt9`, `pmt10`, `pmt11`, `pmt12`, `pmt13`, `pmt14`, `pmt15`, `pmt16`, `material`, `cr`, `usage`, `typev`, `ipd`, `pdre`, `le`, `segmentre`, `lle`, `followup`, `workup`, `mm`, `www`, `dayss`, `d_date`, `sos`, `plan_of_action`, `opth_user_comments`, `gen_comp_remarks`, `gen_medi_remarks`, `gen_opth_remarks`, `family_history`, `drug_history`, `current_meditation`, `dialysis_con`, `dialysis_drop`, `medicine_doc_remarks`, `login_id`, `office_id`, `parent_id`, `history_id`, `addmedhistory_id`, `optho_action`, `doc_action`, `treatmentplan_ref_id`, `clinical_advisor`, `eyepartshistory_id`, `created_date`, `updated_date`) VALUES
(1, 0, 39, 60, 4, '2021-10-17', '12', '', '', '', '12', '', '', '', '121', '', '', '', '213', '1', '', '', '12', '', '12', '', '', '', '1212', '', '12', '', '', '', '12', '', '12', '', '', '', '', '', '', '', '12', '', '', '12', '', '', '', '12', '', '2', '', '', '', '', '', '', '2', '', '', '12', '', '', '12', '', '12', '', '12', '', '', '', '12', '', '', '12', '', '2', '', '', '', '', '', '', '', '', '', '', '', '', '', '', '', '', '', '', '', '', '', '', '', '', '', '', '', '', '', '', '', '', '23', '', '', '', '23', '', '', '', '', '', '', '', '', '', '23', '', '1', '2', '3', '4', '5', '6', '7', '8', '9', NULL, NULL, '10', '11', '12', '2021-10-27', '13', '111', '111 cqw', '', '', '', '213', '213213', '123213', 0, NULL, NULL, 104, 1, 0, 'hH3V142MLzKTrBVwso1zEP3fQwdHY9CYpQC', NULL, 0, 0, NULL, NULL, NULL, '2021-10-16 15:06:30', '2021-10-17 15:33:58'),
(2, 0, 38, 59, 6, '2021-10-17', '12', '', '', '', '', '', '', '', '12', '', '12', '12', '1212', '', '', '', '', '', '', '123', '', '', '', '', '', '', '', '', '', '', '', '', '', '', '', '', '', '', '', '', '', '123', '', '', '', '', '', '', '', '', '', '', '123', '', '', '', '', '', '', '', '', '', '', '', '', '', '', '', '', '', '', '', '', '', '', '', '', '', '', '', '', '', '', '', '', '', '', '', '', '', '', '', '', '', '', '', '', '', '', '', '', '', '', '', '', '', '', '', '', '', '', '', '', '', '', '', '', '', '', '', '', '', '', '', '', '', '', '123', '123', '', '', NULL, NULL, '12', '123', '123', '2021-10-17', '123213', '', '13123123', '', '', '', '213', '12312', '3213', 0, NULL, NULL, 104, 1, 0, 'rAsQgYnkk7OeSPAIk2kZycUIH33JuX67Jv9', NULL, 0, 0, NULL, NULL, NULL, '2021-10-17 15:35:44', '2021-10-17 15:37:25'),
(3, 0, 40, 61, 4, '2021-10-17', '19', '20', '252', 'open', '', '', '', '', '', '', '', '', '', '6/12', 'N6', '6/6', '', '', '6/12', 'n6', '6/6', '', '', '', '', '', '', '', '', '', '', '', '', '', '', '', '', '', '', '-0.25', '-0.25', '110', '', '', '', '-0.50', '-0.50', '20', '', '', '', '', '', '', '', '', '', '', '', '', '', '', '', '', '', '', '', '', '', '', '', '', '', '', '-0.25', '-0.25', '120', '6/6', '', '', '', '', '', '', '', '', '', '', '', '', '', '', '', '', '', '', '', '', '', '', '', '', '', '', '', '', '', '', '', '', '', '', '', '', '', '', '', '', '', '', '', '', '', '', '', '', '', '', '', '', '', NULL, NULL, '', '', '', '2021-10-15', '', '', '', '', '', '', 'nill', 'Dilating drops', '', 0, NULL, NULL, 104, 1, 0, 'Rnvj96ByabpO5HOpKXRkisVyJc6nN8hHCvd', NULL, 0, 0, NULL, NULL, NULL, '2021-10-17 15:57:10', '2021-10-17 16:02:40'),
(4, 0, 40, 61, 4, '2021-10-17', '', '', '', '', '', '', '', '', '', '', '', '', '', '6/12', 'N6', '6/6', '', '', '6/12', 'n6', '6/6', '', '', '+0.25', '-0.25', '120', '6/6', '+2.00', '', '', '+0.25', '', '', '', '', '', '', '', '', '-0.25', '-0.25', '110', '', '', '', '-0.50', '-0.50', '20', '', '', '', '', '', '', '', '', '', '', '', '', '', '', '', '', '', '', '', '', '', '', '', '', '', '', '-0.25', '-0.25', '120', '6/6', '', '', '', '', '', '', '', '', '', '', '', '', '', '', '', '', '', '', '', '', '', '', '', '', '', '', '', '', '', '', '', '', '', '', '', '', '', '', '', '', '', '', '', '', '', '', '', '', '', '', '', '', '', NULL, NULL, '', '', '', '2021-10-15', '', '', '', '', '', '', 'nill', 'Dilating drops', '', 0, NULL, NULL, 104, 1, 0, 'Eb6DaK2oKX0XHjpWrAUSXvpqF8cG9fXazIe', NULL, 0, 0, NULL, NULL, NULL, '2021-10-17 15:57:17', '2021-10-17 16:01:36'),
(5, 0, 40, 61, 6, '2021-10-17', '19', '', '', '', '', '', '20', '', '', '', '', '', '', '+2.75', '', '', '', '', '', '', '', '', '', '', '', '', '', '', '', '', '', '', '', '', '', '', '', '', '', '', '', '', '', '', '', '', '', '', '', '', '', '', '', '', '', '', '', '', '', '', '', '', '', '', '', '', '', '', '', '', '', '', '', '', '', '', '', '', '', '', '', '', '', '', '', '', '', '', '', '', '', '', '', '', '', '', '', '', '', '', '', '', '', '', '', '', '', '', '', '', '', '', '', '', '', '', '', '', '', '', '', '', '', '', '', '', '', '', '', '', '', NULL, NULL, '', '', '', '2021-10-17', '', '', '', '', '', '', 'Test', 'Test', 'Test', 0, NULL, NULL, 104, 1, 0, 'tsX1ExscnOsiF2jG4FArOWHFHsEs58yV4vG', NULL, 0, 0, NULL, NULL, NULL, '2021-10-17 16:24:30', NULL),
(6, 0, 42, 63, 4, '2021-10-26', '19', '', '', 'OPEN', '', '', '19', '', '', 'CLOSE', '', '', '', '6/6', 'n6', '6/6', '', '', '6/6', 'n6', '6/12', '', '', '', '', '', '', '', '', '', '', '', '', '', '', '', '', '', '', '0.25', '-0.25', '120', '', '', '', '+0.25', '-0.25', '120', '', '', '', '', '', '', '', '', '', '', '', '', '', '', '', '', '', '', '', '', '', '', '', '', '', '', '-0.25', '-0.25', '20', '6/6', '+2.50', '', '', 'N6', '-0.25', '-0.25', '120', '6/6', '+2.50', '', '', 'N6', '', '', '', '', '', '', '', '', '', '', '', '', '', '', '', '', '', '', '', '', '', '', '', '', '', '', '', '', '', '', '', '', '', '', '', '', '', '', '', '', '', NULL, NULL, '', '', '', '2021-10-26', '', '', 'DONT PUT DRPS', '', '', '', '', '', '', 0, NULL, NULL, 104, 1, 0, 'MBHSdzMMOL5KnXhG4rCl7MJhrGbqAUCKvin', NULL, 0, 0, NULL, NULL, NULL, '2021-10-26 14:10:22', '2021-10-26 14:16:42'),
(7, 0, 42, 63, 4, '2021-10-26', '19', '', '', '', '', '', '', '', '', '', '', '', '', '', '', '', '', '', '', '', '', '', '', '', '', '', '', '', '', '', '', '', '', '', '', '', '', '', '', '', '', '', '', '', '', '', '', '', '', '', '', '', '', '', '', '', '', '', '', '', '', '', '', '', '', '', '', '', '', '', '', '', '', '', '', '', '', '', '', '', '', '', '', '', '', '', '', '', '', '', '', '', '', '', '', '', '', '', '', '', '', '', '', '', '', '', '', '', '', '', '', '', '', '', '', '', '', '', '', '', '', '', '', '', '', '', '', '', '', '', '', NULL, NULL, '', '', '', '2021-10-26', '', '', '', 'undefined', '', '', '', '', '', 0, NULL, NULL, 104, 1, 0, 'gJUfhkJL5FhQRttBp1M9ezAK8LWq72XPXrx', NULL, 0, 0, NULL, NULL, NULL, '2021-10-26 14:14:27', '2021-10-26 14:16:50'),
(8, 0, 42, 63, 4, '2021-10-30', '1', '1', '', '', '', '', '', '1', '1', '', '1', '', '', '1', '', '', '', '', '', '', '', '', '', '', '', '', '', '', '', '', '', '', '', '', '', '', '', '', '', '', '', '', '', '', '', '', '', '', '', '', '', '', '', '', '', '', '', '', '', '', '', '', '', '', '', '', '', '', '', '', '', '', '', '', '', '', '', '', '', '', '', '', '', '', '', '', '', '', '', '', '', '', '', '', '', '', '', '', '', '', '', '', '', '', '', '', '', '', '', '', '', '', '', '', '', '', '', '', '', '', '', '', '', '', '', '', '', '', '', '', '', NULL, NULL, '1', '', '', '2021-10-30', '', '1', '1vbb', '', '', '', '1', '1', '1', 0, NULL, NULL, 104, 1, 0, 'QXkQdYKJ9CVeTJw5uVgoTCya92ldmJinP6c', NULL, 0, 0, NULL, NULL, NULL, '2021-10-30 15:58:25', '2021-10-30 15:59:04'),
(9, 0, 44, 65, 4, '2021-10-31', '', '', '', '', '', '', '', '', '', '', '', '', '', '', '', '', '', '', '', '', '', '', '', '', '', '', '', '', '', '', '', '', '', '', '', '', '', '', '', '', '', '', '', '', '', '', '', '', '', '', '', '', '', '', '', '', '', '', '', '', '', '', '', '', '', '', '', '', '', '', '', '', '', '', '', '', '', '', '', '', '', '', '', '', '', '', '', '', '', '', '', '', '', '', '', '', '', '', '', '', '', '', '', '', '', '', '', '', '', '', '', '', '', '', '', '', '', '', '', '', '', '', '', '', '', '', '', '', '', '', '', NULL, NULL, '', '', '', '2021-10-31', '', '', '', 'undefined', 'undefined', 'undefined', '', '', '', 0, NULL, NULL, 104, 1, 0, '', NULL, 0, 0, NULL, NULL, NULL, '2021-10-31 07:36:49', NULL),
(10, 0, 44, 65, 4, '2021-10-31', '', 'sd', '', '', '', '', '', '', 'wew', '', '', '', '', '', '', '', '', '', 'ww', 'rwr', '', '', '', '', '', '', '', '', '', '', '', '', '', '', '', '', '', '', '', '', '', '', '', '', '', '', '', '', '', '', '', '', '', '', '', '', '', '', '', '', '', '', '', '', '', '', '', '', '', '', '', '', '', '', '', 'w', '', '', '', '', '', '', '', '', '', '', '', '', '', '', '', '', '', '', '', '', '', '', '', '', '', '', '', '', '', '', '', '', '', '', '', '', '', '', '', '', '', '', '', '', '', '', '', '', '', '', '', '', '', '', '', NULL, NULL, 'wr', '', '', '2021-10-31', '', 'wr', 'wr', '', '', '', '', '', '', 0, NULL, NULL, 104, 1, 0, 'w9VU3saaLoJ1aIhM6D934sAXGtpsAh0YEOC', NULL, 0, 0, NULL, NULL, NULL, '2021-10-31 16:32:32', NULL),
(11, 0, 44, 65, 4, '2021-11-06', '', '', '', '', '', '', '', '', '', '', '', '', '12', '1212', '12', '', '', '', '', '12', '', '', '12', '', '', '', '12', '12', '', '', '12', '', '', '', '12', '', '', '', '', '12', '', '12', '', '', '', '12', '', '', '', '12', '', '', '', '', '', '', '', '', '', '', '', '', '', '', '', '1212', '', '', '', '1212', '', '', '', '1212', '12', '', '12', '', '12', '12', '12', '', '', '12', '', '12', '', '12', '', '12', '', '', '', '', '', '', '', '', '', '', '', '', '', '', '', '', '', '', '', '1212', '1212', '', '', '', '', '', '', '', '', '', '', '12', '12', '12', '12', '12', '12', '', '', '12', '', NULL, NULL, '12', '12', '', '2021-11-06', '12', '12', '12utu', '', '', '', 'dsfsdf', 'sdf', 'sdfdsf', 2, 3, NULL, 104, 1, 0, 'cWnnk5xOaaq8jprmYfkDcFpdH8Otrwk7Ojn', NULL, 0, 0, NULL, NULL, NULL, '2021-11-06 16:18:31', '2021-11-07 05:50:18'),
(12, 0, 45, 66, 4, '2021-11-07', '12', '', '', '', '', '', '19', '', '', '', '', '', '', '6/6', '6/6', '6/6', '', '', '', '', '', '', '', '-0.25', '-0.25', '120', '6/6', '', '', '', '', '', '', '', '', '', '', '', '', '-0.25', '-0.25', '60', '', '', '', '', '', '', '', '', '', '', '', '', '', '', '', '', '', '', '', '', '', '', '', '', '', '', '', '', '', '', '', '', '1', '2', '3', '4', '5', '', '', '6', '7', '8', '9', '10', '11', '', '', '12', '', '', '', '', '', '', '', '', '', '', '', '', '', '', '', '', '', '', '', '', '', '', '', '', '', '', '', '', '', '', '', '', '', '', '', '', '', '', '', '', '', NULL, NULL, '', '', '2', '2021-11-07', '', '', 'put drops', '', '', '', '', '', '', 2, 2, NULL, 104, 1, 0, 'PXaPPK0NC5ZxLvHoZQj25pK79sAijdMrsko', NULL, 0, 0, NULL, NULL, NULL, '2021-11-07 13:55:24', '2021-11-07 13:57:13'),
(13, 1, 46, 67, 6, '2021-11-14', '11', '', '', '', '', '', '', '', '', '', '', '', '', 'sfd', '', '', '', '', '', '', '', 'sdf', '', '', '', '', '', '', '', '', '', '', '', '', '', '', '', '', '', '', '', '', '', '', '', '', '', '', '', '', '', '', '', '', '', '', '', '', '', '', '', '', '', '', '', '', '', '', '', '', '', '', '', '', '12', '', '', '', '12', '', '', '', '', '12', '', '', '', '', '12', '', '', '', '', '', '', '', '', '', '', '', '', '', '', '', '', '', '', '', 'dsf', '', '', 'sdf', '', '', '', '', '', '', '', '', '', '', '', 'dsfds', 'dsf', '', '', '', '', '', '', NULL, NULL, 'sdf', '', '', '2021-11-14', 'dsf', 'sdf', 'f', '', '', '', 'wer', 'wer', 'ewrwer', 2, 5, NULL, 105, 1, 0, 'KdHPd5886QeAVZGFerrtIWbFvxgihxOa8vF', NULL, 0, 0, NULL, NULL, NULL, '2021-11-14 14:37:28', '2021-11-14 15:00:07'),
(14, 1, 47, 68, 4, '2021-11-15', '20', '', '', '', '', '', '19', '', '', '', '', '', '', '6/6', 'N6', '', '', '', '6/6', 'N6', '', '', '', '', '', '', '', '', '', '', '', '', '', '', '', '', '', '', '', '-0.50', '-1.00', '120', '', '', '', '-0.50', '-0.25', '100', '', '', '', '', '', '', '', '', '', '', '', '', '', '', '', '', '', '', '', '', '', '', '', '', '', '', '-0.25', '-0.25', '120', '6/6', '+2.00', '', '', 'N6', '', '', '', '', '', '', '', '', '', '', '', '', '', '', '', '', '', '', '', '', '', '', '', '', '', '', '', '', '', '', '', '', '', '', '', '', '', '', '', '', '', '', '', '', '', '', '', '', '', NULL, NULL, '', '', '', '2021-11-15', '', '', '', '', '', '', 'fa', 'dr', '23', 2, 2, 'dsfdsfds', 105, 1, 0, 'jRs292J7nlS1TSGZq7cEeMAlAQbte6z9ofp', 'rX8iBgJInxHUMbc6i6KlGqodfc1o3owdg5h', 0, 0, NULL, NULL, NULL, '2021-11-15 09:41:39', '2021-11-17 16:14:21'),
(15, 0, 47, 68, 4, '2021-11-15', '19', '20', '20', '202', '26', 0x3230, '20', '20', '20', '202', '202', '20', '', '6/6', 'N6', '6/6T', '', '', '', '', '', '', '', '', '', '', '', '', '', '', '', '', '', '', '', '', '', '', '', '-0.50', '-0.75', '120', '', '', '', '-0.75', '-0.25', '10', '', '', '', '', '', '', '', '', '', '', '', '', '', '', '', '', '', '', '', '', '', '', '', '', '', '', '-0.25', '', '', '', '', '', '', '', '', '', '', '', '', '', '', '', '', '', '', '', '', '', '', '', '', '', '', '', '', '', '', '', '', '', '', '', '', '', '', '', '', '', '', '', '', '', '', '', '', '', '', '', '', '', '', '', '', NULL, NULL, '', '', '', '2021-11-15', '', '', '', 'undefined', '', '', '', '', '', 2, 2, NULL, 104, 1, 0, '', NULL, 0, 0, NULL, NULL, NULL, '2021-11-15 14:50:44', NULL),
(16, 1, 48, 69, 4, '2021-11-15', '19', '20', '252', 'open', '26', 0x3230, '20', '20', '20', '202', '202', '20', '', '6/12', 'N6', '6/6', '', '', '6/12', 'n6', '6/6', '', '', '', '', '', '', '', '', '', '', '', '', '', '', '', '', '', '', '-0.25', '-0.25', '110', '', '', '', '-0.50', '-0.50', '20', '', '', '', '', '', '', '', '', '', '', '', '', '', '', '', '', '', '', '', '', '', '', '', '', '', '', '-0.75', '-0.25', '120', '6/6', '', '', '', '', '', '', '', '', '', '', '', '', '', '', '', '', '', '', '', '', '', '', '', '', '', '', '', '', '', '', '', '', '', '', '', '', '', '', '', '', '', '', '', '', '', '', '', '', '', '', '', '', '', NULL, NULL, '', '', '', '2021-11-18', '', '', '', '', '', '', 'nill', 'Dilating drops', 'LUBIFRESH', 2, 2, '', 105, 1, 0, 'yt0ttwmIBTJ29WB8RYFGtL5m20IvGo5ck6E', '7F93eT33zianT4p3yrDziv5HT7oBlwCLAbZ', 0, 0, NULL, NULL, NULL, '2021-11-15 15:06:50', '2021-11-19 15:30:00'),
(17, 1, 48, 69, 4, '2021-11-21', '121', '', '', '', '12', '', '', '', '', '', '12', '', '', '21321', '', '', 'dfs', '', '', '', '', 'dsf', '', '', '', '', '', '', '', '', '', '', '', '', '', '', '', '', '', '', '', '', '', '', '', '', '', '', '', '', '', '', '', '', '', '', '', '', '', '', '', '', '', '', '', '', 'sdf', '', '', 'sadf', '', 'sdaf', '', 'sdf', '', '213', '', '', '', '', '', '', '', '213', '', '', '', '21', '', '', '', '', '', '', '', '', '', '', '', '', '', '', '', '', '', '', '', '', '', '', '', '', '', '', '213', '', '', '', '', '', '', '', '', '', '', '', '', '', '', '', '', NULL, NULL, '', '', '', '2021-11-21', '', '213', 'sdfds', '', '', '', '12', '12', '12', 1, 0, '2312', 105, 1, 0, '4Rm87zw5RX14Z15AtNJQbmXwyp2GgtrI04t', 'XCBloSOPJPDCC1Z71D4PBw78kui1d3fxRS6', 0, 1, NULL, NULL, NULL, '2021-11-21 05:06:11', '2021-11-21 06:32:18'),
(18, 1, 4, 74, 4, '2021-11-21', '18', '', '', 'OPEN', '25/25', '', '19', '', '', 'OPEN', '25/25', '', '', '6/12', 'N6', '6/6 ', '', '', '6/6', 'N6', '6/6', '', '', '-0.25', '-1.00', '10', '6/6', '+2.00', '', '', 'N6', '-0.25', '-1.00', '120', '6/6', '+2.00', '', '', 'N6', '-0.50', '-1.00', '60', '', '', '', '-0.25', '-1.00', '120', '', '', '', '', '', '', '', '', '', '', '', '', '', '', '', '', '', '', '', '', '', '', '', '', '', '', '-0.25', '-1.00', '120', '6/6', '+2.00', '', '', 'N6', '-1.00', '-0.25', '120', '6/6', '+2.00', '', '', 'N6', '', '', '', '', '', '', '', '', '', '', '', '', '', '', '', '', '', '', '', '', '', '', '', '', '', '', '', '', '', '', '', '', '', '', '', '', '', '', '', '', '', NULL, NULL, '', '', '', '2021-11-21', '', '', '', '', '', '', 'NULL', '', '', 2, 2, '', 105, 1, 0, 'kkalBPE5yLQ3N75ygieCRDyeLQzR0p8yZ33', '8xAmi2Mn6z1AhwLiQdxxbjli4qZR2WpoLQ5', 0, 0, NULL, NULL, NULL, '2021-11-21 05:23:04', '2021-11-21 05:27:15'),
(19, 1, 53, 75, 4, '2021-11-21', '19', '', '', 'open', '25', '', '20', '', '', 'OPEN', '25', '', '', '6/6', 'N6', '6/6', '', '', '6/12', 'n6', '6/6', '', '', '', '', '', '', '', '', '', '', '', '', '', '', '', '', '', '', '-0.25', '-0.75', '110', '', '', '', '-0.50', '-0.50', '20', '', '', '', '', '', '', '', '', '', '', '', '', '', '', '', '', '', '', '', '', '', '', '', '', '', '', '-0.25', '-0.25', '120', '6/6', '+2.00', '', '', 'N6', '-0.25', '-0.50', '120', '6/6', '+2.50', '', '', 'N6', '', '', '', '', '', '', '', '', '', '', '', '', '', '', '', '', '', '', '', '', '', '', '', '', '', '', '', '', '', '', '', '', '', '', '', '', '', '', '', '', '', NULL, NULL, '', '', '', '2021-11-25', '', '', '', '', '', '', 'nill', 'Dilating drops', 'LUBI FRESH', 1, 0, '', 1, 1, 0, 'RcxTtaCMpRz0tnsLNKwB7qBq3c3v3wFs7md', '1XOyWlACN91ZASWYdgrOWt6zd9JsyI3R32G', 0, 0, NULL, NULL, NULL, '2021-11-21 05:39:51', '2021-11-21 05:41:49'),
(20, 0, 4, 74, 4, '2021-11-21', 'dsf', '', '', '', '', '', 'sdf', '', '', '', '', '', '', '121', '', '', '', '', '', '', '', '', '', '', '', '', '', '', '', '', '', '', '', '', '', '', '', '', '', '', '', '', '12', '', '', '', '', '', '', '', '', '', '', '', '', '', '', '', '', '', '', '', '', '', '', '', '', '', '', '', '', '', '', '', '', '', '', '', '', '', '', '', '', '', '', '', '', '', '', '', '', '', '', '', '', '', '', '', '', '', '', '', '', '', '', '', '', '', '', '', '', '', '', '', '', '', '', '', '', '', '', '', '', '', '', '', '', '', '', '', '', NULL, NULL, '', '12', '', '2021-11-21', '', '', '121', '', '', '', '', '', '12', 2, 2, '', 104, 1, 0, 'PVV2wusoAD5hukF0so0JcsXj5X8g5qcQ6Un', '', 0, 0, NULL, NULL, NULL, '2021-11-21 06:16:08', NULL),
(21, 1, 54, 76, 4, '2021-11-21', '19', '', '', '', '', '', '20', '', '', '', '', '', '', '6/6', 'N6', '6/6', '', '', '6/6', 'N6', '6/6', '', '', '', '', '', '', '', '', '', '', '', '', '', '', '', '', '', '', '-0.25', '-0.25', '110', '', '', '', '-0.75', '-0.75', '10', '', '', '', '', '', '', '', '', '', '', '', '', '', '', '', '', '', '', '', '', '', '', '', '', '', '', '-0.25', '-0.50', '110', '6/6', '+2.00', '', '', 'N6', '+0.25', '-0.25', '10', '6/6', '+2.00', '', '', 'N6', '', '', '', '', '', '', '', '', '', '', '', '', '', '', '', '', '', '', '', '', '', '', '', '', '', '', '', '', '', '', '', '', '', '', '', '', '', '', '', '', '', NULL, NULL, '', '', '', '2021-11-22', '', '', '', '', '', '', 'NILL', '', '', 2, 2, '', 105, 1, 0, 'ipUoQK4Xtn8uzSYyn160WiHyvQwR2vZhW9b', '', 0, 0, NULL, NULL, NULL, '2021-11-21 10:09:44', '2021-11-21 10:10:41'),
(22, 1, 56, 78, 4, '2021-11-21', '19', '', '', '', '', '', '20', '', '', '', '', '', '', '6/6', 'N6', '6/6', '', '', '6/6', 'N6', '6/6', '', '', '', '', '', '', '', '', '', '', '', '', '', '', '', '', '', '', '1', '2', '3', '', '', '', '4', '5', '6', '', '', '', '', '', '', '', '', '', '', '', '', '', '', '', '', '', '', '', '', '', '', '', '', '', '', '1', '2', '3', '4', '5', '6', '7', '8', '9', '10', '11', '12', '13', '14', '15', '16', '', '', '', '', '', '', '', '', '', '', '', '', '', '', '', '', '', '', '', '', '', '', '', '', '', '', '', '', '', '', '', '', '', '', '', '', '', '', '', '', '', NULL, NULL, '', '', '', '2021-11-23', '', '', '', '', '', '', '', '', '', 1, 0, '', 105, 1, 0, 'Cw266eLIw83MfDb3KB9HO0p4Mcg9C694MtY', 'NJ6Ym0hC9E2sHnvsGyYf4zZnH0ok4X8pA0v', 0, 1, NULL, NULL, NULL, '2021-11-21 10:21:57', '2021-11-21 10:25:01'),
(23, 1, 57, 79, 8, '2021-11-21', '', '', '', '', '', '', '', '', '', '', '', '', '', '', '', '', '', '', '', '', '', '', '', '', '', '', '', '', '', '', '', '', '', '', '', '', '', '', '', '', '', '', '', '', '', '', '', '', '', '', '', '', '', '', '', '', '', '', '', '', '', '', '', '', '', '', '', '', '', '', '', '', '', '', '', '', '', '', '', '', '', '', '', '', '', '', '', '', '', '', '1', '2', '3', '4', '5', '56', '45', '5', '5', '5', '5', '5', '', '5', '5', '', '', '', '', '', '', '', '', '', '', '', '', '', '', '', '', '', '', '', '', '', '', '', '', '', '', NULL, NULL, '', '', '', '2021-11-21', '', '', '', '', '', '', '', '', '', 1, 0, '', 105, 1, 0, 'mMT65GIwiAqz40gTiuog1ON3FetgMGFgqQC', '3pryNQMdcj7Kkcda0zJ4i4Ww68HMHw4rt9c', 0, 1, NULL, NULL, NULL, '2021-11-21 10:33:05', '2021-11-21 10:44:03'),
(24, 0, 58, 80, 6, '2021-11-21', '19', '', '', '', '', '', '20', '', '', '', '', '', '', '6/6', 'N6', '6/6', '6/6', 'N6', '6/6', 'N6', '6/6', '6/6', 'N6', '', '', '', '', '', '', '', '', '', '', '', '', '', '', '', '', '1', '2', '3', '4', '5', '6', '7', '8', '9', '10', '11', '12', '', '', '', '', '', '', '', '', '', '', '', '', '', '', '', '', '', '', '', '', '', '', '', '1', '2', '3', '4', '5', '6', '7', '8', '9', '10', '11', '12', '13', '14', '15', '16', '', '', '', '', '', '', '', '', '', '', '', '', '', '', '', '', '', '', '', '', '', '', '', '', '', '', '', '', '', '', '', '', '', '', '', '', '', '', '', '', '', NULL, NULL, '', '', '', '2021-11-21', '', '', '', 'CAME FOR GENERAL CHECKUP', '', '', 'NILL', 'NILL', 'NILL', 2, 3, '', 104, 1, 0, '0E0fD6KY825KB4VeH7NzmIo3iajSZHtJ5JS', '', 0, 0, NULL, NULL, NULL, '2021-11-21 14:44:22', NULL),
(25, 1, 59, 81, 6, '2021-11-23', '53', '', '', '', '', '', '', '', '', '', '', '', '', '424', '', '', '', '', '', '4242', '', '', '', '', '', '', '', '', '', '', '', '', '', '', '', '', '', '', '', '42', '', '', '', '', '', '', '', '', '', '', '', '', '42', '', '', '', '', '', '', '', '', '', '', '', '', '', '', '', '', '', '', '', '', '', '242', '24', '', '', '', '', '24', '', '', '', '', '', '', '', '', '', '', '', '', '', '', '', '', '', '', '', '', '', '', '', '', '', '', '', '', '', '', '', '', '', '', '', '', '', '', '', '', '', '', '', '', '', '4242', '', '', '', '', NULL, NULL, '', '', '', '2021-11-23', '', '', '', '', '', '', '', '', '', 1, 0, '', 105, 1, 0, 'fTYWP2xtmW5bkq474CbIEIRJ17EPBik5uIA', 'hIB50etkU8P8flIfSjt9h2oiHoZ2E5JT5A4', 0, 0, NULL, NULL, NULL, '2021-11-23 06:26:33', '2021-11-23 06:27:30'),
(26, 1, 2, 113, 6, '2021-11-24', 'we', '', '', '', '', '', '', '', '', '', '', '', '', '', '', '', '', '', '', '', '', '', '', '', '', '', '', '', '', '', '', '', '', '', '', '', '', '', '', '', '', '', '', '', '', '', '', '', '', '', '', '', '', '', '', '', '', '', '', '', '', '', '', '', '', '', '', '', '', '', '', '', '', '', '', '', '', '', '', '', '', '', '', '', '', '', '', '', '', '', '', '', '', '', '', '', '', '', '', '', '', '', '', '', '', '', '', '', '', '', '', '', '', '', '', '', '', '', '', '', '', '', '', '', '', '', '', '', '', '', '', NULL, NULL, '', '', '', '2021-11-24', '', '', '', '', '', '', '23', '23', '23', 1, 0, '', 105, 1, 0, '93U1Z1Cn1G1RD1p0DBwK86Xk1ws731crol7', 'km2zZxQptTU1MMYO8cSJMZtC44A2SDH1Tmp', 0, 0, NULL, NULL, NULL, '2021-11-24 13:41:11', '2022-01-02 05:59:18'),
(27, 1, 60, 84, 7, '2021-11-25', '20', '', '', '', '', '', '20', '', '', '', '', '', '', '6/6', 'N6', '', '', '', '6/6', 'N6', '', '', '', '', '', '', '', '', '', '', '', '', '', '', '', '', '', '', '', '-0.50', '-0.25', '90', '', '', '', '-0.50', '', '', '', '', '', '', '', '', '', '', '', '', '', '', '', '', '', '', '', '', '', '', '', '', '', '', '', '', '-0.50', '', '', '6/6', '', '', '', '', '', '', '', '', '', '', '', '', '', '', '', '', '', '', '', '', '', '', '', '', '', '', '', '', '', '', '', '', '', '', '', '', '', '', '', '', '', '', '', '', '', '', '', '', '', '', '', '', '', NULL, NULL, '', '', '', '2021-11-25', '', '', 'CORNEAL ULCER', '', '', '', 'nill', 'TROPICAMIDE', '', 2, 2, '', 105, 1, 0, 'cv5vpbX1kHDuFPIHD6dze6b29RK71K6C6K6', 'cW6hV7oJ78joXbjk7X57dL8r71Sf6nh202i', 0, 0, NULL, NULL, NULL, '2021-11-25 07:17:12', '2021-11-25 07:21:12'),
(28, 1, 60, 85, 7, '2021-11-25', '19', '', '', '', '', '', '20', '', '', '', '', '', '', '6/6', 'N6', '', '', '', '', '', '', '', '', '', '', '', '', '', '', '', '', '', '', '', '', '', '', '', '', '', '', '', '', '', '', '', '', '', '', '', '', '', '', '', '', '', '', '', '', '', '', '', '', '', '', '', '', '', '', '', '', '', '', '', '', '', '', '', '', '', '', '', '', '', '', '', '', '', '', '', '', '', '', '', '', '', '', '', '', '', '', '', '', '', '', '', '', '', '', '', '', '', '', '', '', '', '', '', '', '', '', '', '', '', '', '', '', '', '', '', '', NULL, NULL, '', '', '', '2021-11-25', '', '', '', '', '', '', '', '', '', 1, 0, '', 105, 1, 0, '805m8YQyR5q7Z672Bz3naST72gEfytV1Y6n', '', 0, 0, NULL, NULL, NULL, '2021-11-25 07:35:17', '2021-11-25 07:39:21'),
(29, 1, 61, 86, 4, '2021-11-26', '19', '', '', '', '', '', '20', '', '', '', '', '', '', '6/6', 'N6', '', '', '', '6/6', 'N6', '', '', '', '', '', '', '', '', '', '', '', '', '', '', '', '', '', '', '', '-0.25', '', '', '', '', '', '', '', '', '', '', '', '', '', '', '', '', '', '', '', '', '', '', '', '', '', '', '', '', '', '', '', '', '', '', '-0.25', '', '', '6/6', '', '', '', '', '', '', '', '', '', '', '', '', '', '', '', '', '', '', '', '', '', '', '', '', '', '', '', '', '', '', '', '', '', '', '', '', '', '', '', '', '', '', '', '', '', '', '', '', '', '', '', '', '', NULL, NULL, '', '', '', '2021-11-26', '', '', '', '', '', '', '', '', '', 2, 2, '', 105, 1, 0, 'ir8LL1RF2BBVw9X14u9q5zxZrhLa1w6b1dS', 'w8sTlzk8nTBchvL9lX0UPd9gr77z1x9uNy6', 0, 1, NULL, NULL, NULL, '2021-11-26 07:38:06', '2021-11-26 07:40:13'),
(30, 1, 63, 88, 4, '2021-11-28', '19', '', '', '', '', '', '20', '', '', '', '', '', '', '6/6', 'n6', '', '', '', '6/6', 'n6', '', '', '', '', '', '', '', '', '', '', '', '', '', '', '', '', '', '', '', '-0.25', '-0.25', '10', '', '', '', '-0.25', '', '', '', '', '', '', '', '', '', '', '', '', '', '', '', '', '', '', '', '', '', '', '', '', '', '', '', '', '-1.00', '', '', '6/6', '', '', '', '', '-1.00', '', '', '6/6', '', '', '', '', '', '', '', '', '', '', '', '', '', '', '', '', '', '', '', '', '', '', '', '', '', '', '', '', '', '', '', '', '', '', '', '', '', '', '', '', '', '', '', '', '', NULL, NULL, '', '', '', '2021-11-28', '', '', '', '', '', '', 'nill', '', '', 2, 2, '', 105, 1, 0, 'ln05baLMLF3JQDG210Kx0NgHiJri8lyH806', 'rG8B197yLVVcr8dhDfYO81U3lZV1aom5ltS', 0, 0, NULL, NULL, NULL, '2021-11-28 04:28:49', '2021-11-28 04:31:08'),
(31, 1, 64, 90, 4, '2021-11-29', '20', '', '', '', '', '', '21', '', '', '', '', '', '', '6/6', '', '', '', '', '6/6', '', '', '', '', '', '', '', '', '', '', '', '', '', '', '', '', '', '', '', '', '-0.25', '-0.25', '10', '', '', '', '-1.00', '', '', '', '', '', '', '', '', '', '', '', '', '', '', '', '', '', '', '', '', '', '', '', '', '', '', '', '', '-0.25', '', '', '6/6', '', '', '', 'N6', '-1.00', '', '', '6/6', '', '', '', 'N6', '', '', '', '', '', '', '', '', '', '', '', '', '', '', '', '', '', '', '', '', '', '', '', '', '', '', '', '', '', '', '', '', '', '', '', '', '', '', '', '', '', NULL, NULL, '', '', '10', '2021-11-29', '', '', '', '', '', '', '', '', '', 2, 8, '', 105, 1, 0, 'mVyQ2koiFUw0Xek8lgmhfB6V2NNaVe0pxPF', 'W2c7voW07Uz9gXF0hp1maGKAYlbWvowzvgp', 0, 0, NULL, NULL, NULL, '2021-11-29 16:17:18', '2021-11-29 16:18:51'),
(32, 1, 69, 96, 4, '2021-12-12', '19', '', '', '', '', '', '20', '', '', '', '', '', '', '6/6', 'n6', '', '', '', '6/6', 'n6', '', '', '', '', '', '', '', '', '', '', '', '', '', '', '', '', '', '', '', '-0.25', '-0.25', '120', '', '', '', '-0.50', '-0.25', '10', '', '', '', '', '', '', '', '', '', '', '', '', '', '', '', '', '', '', '', '', '', '', '', '', '', '', '-0.25', '-0.25', '120', '6/6', '0.00', '', '', 'n6', '', '', '', '', '', '', '', '', '', '', '', '', '', '', '', '', '', '', '', '', '', '', '', '', '', '', '', '', '', '', '', '', '', '', '', '', '', '', '', '', '', '', '', '', '', '', '', '', '', NULL, NULL, '', '', '', '2021-12-12', '', '', '', '', '', '', '', '', '', 1, 0, '', 105, 1, 0, 'XR6bVVZzFg1sIc7Pyb3xrLTqG0ZZmG3N8E7', 'D6906i9x0KzTzC26S62g1u2Mq3JMPRXv8f8', 0, 0, NULL, NULL, NULL, '2021-12-12 04:25:56', '2021-12-12 04:27:05'),
(33, 0, 70, 97, 7, '2021-12-17', '', '', '', '', '', '', '', '', '', '', '', '', '', '', '', '', '', '', '', '', '', '', '', '', '', '', '', '', '', '', '', '', '', '', '', '', '', '', '', '', '', '', '', '', '', '', '', '', '', '', '', '', '', '', '', '', '', '', '', '', '', '', '', '', '', '', '', '', '', '', '', '', '', '', '', '', '', '', '', '', '', '', '', '', '', '', '', '', '', '', '', '', '', '', '', '', '', '', '', '', '', '', '', '', '', '', '', '', '', '', '', '', '', '', '', '', '', '', '', '', '', '', '', '', '', '', '', '', '', '', '', NULL, NULL, '', '', '', '2021-12-17', '', '', '', '', '', '', '', '', '', 1, 0, '', 104, 1, 0, '', '', 0, 0, NULL, NULL, NULL, '2021-12-17 09:32:32', NULL),
(34, 1, 71, 98, 4, '2021-12-17', '20', '', '', '', '', '', '21', '', '', '', '', '', '', '6/6', '', '', '', '', '6/6', '', '', '', '', '', '', '', '', '', '', '', '', '', '', '', '', '', '', '', '', '-0.25', '', '', '', '', '', '-0.25', '', '', '', '', '', '', '', '', '', '', '', '', '', '', '', '', '', '', '', '', '', '', '', '', '', '', '', '', '-0.25', '', '', '6/6', '', '', '', 'N6', '-0.50', '', '', '6/6', '', '', '', 'N6', '', '', '', '', '', '', '', '', '', '', '', '', '', '', '', '', '', '', '', '', '', '', '', '', '', '', '', '', '', '', '', '', '', '', '', '', '', '', '', '', '', NULL, NULL, '', '', '5', '2021-12-24', '', '', '', '', '', '', 'NILL', 'NILL', '', 2, 8, '', 105, 1, 0, 'mEzdN48lxnyxcHwFuPwlLH8IA84bpmOe1Ha', 'gr1MJYWNxr4neJ8pw0svwYzqwgb8Kj26OO1', 0, 1, NULL, NULL, NULL, '2021-12-17 12:03:56', '2021-12-17 12:08:36'),
(35, 0, 2, 99, 4, '2021-12-21', '', '', '', '', '', '', '', '', '', '', '', '', '', '', '', '', '', '', '', '', '', '', '', '', '', '', '', '', '', '', '', '', '', '', '', '', '', '', '', '12', '', '', '', '', '', '', '', '', '', '', '', '', '', '', '', '', '', '', '', '', '', '', '', '', '', '', '', '', '', '', '', '', '', '', '', '', '', '', '', '', '', '', '', '', '', '', '', '', '', '', '', '', '', '', '', '', '', '', '', '', '', '', '', '', '', '', '', '', '', '', '', '', '', '', '', '', '', '', '', '', '', '', '', '', '', '', '', '', '', '', '', NULL, NULL, '', '', '', '2021-12-21', '', '', '', '', '', '', 'wdf', 'ewfwd', 'wsd', 1, 0, '', 104, 1, 0, '1yA1Me6J9Mzptj4Z02Sh5IUsX92J5wH5o53', '', 0, 0, NULL, NULL, NULL, '2021-12-21 16:31:54', '2021-12-22 15:06:44'),
(36, 1, 4, 101, 6, '2021-12-22', '', '213', '', '', '58', '', '', '', '', '', '123', '213123', 'wef', '123', '', '', '123', '', '', '', '', '', '', '', '', '5448', '', '', '', '', '', '', '', '', '', '', '548', '', '', '', '', '', '123', '', '', '', '', '', '', '88', '', '', '', '', '', '', '', '', '', '', '', '', '', '', '', '', '', '', '', '', '', '', '', '', '123', '', '', '', '', '', '', '', '', '', '', '', '', '', '848', '', '', '', '', '', '', '', '', '', '', '', '', '', '', '', '', '', '', '', '', '', '', '', '', '', '', '', '', '', '', '', '', '', '', '', '', '', '98', '', '213', '123', '123', NULL, NULL, '213', '558', '', '2021-12-22', '123', '123', '123', '', '', '', '213', '2131', '23213sdgsdg', 2, 8, '', 105, 1, 0, 'X0fO6i11847mkFm0lqvSlKbNNAa1htSoZ5R', '805W7wkD6II7T1y8qnPd10quEuDxbe4s4nd', 1, 0, NULL, NULL, NULL, '2021-12-22 14:59:14', '2021-12-22 15:10:08'),
(37, 1, 72, 102, 4, '2021-12-23', '12', '', '', '', '', '', '', '', '', '', '', '', '', '', '', '', '', '', '', '', '', '', '', '', '', '', '', '', '', '', '', '', '', '', '', '', '', '', '', '', '', '', '', '', '', '', '', '', '', '', '', '', '', '', '', '', '', '', '', '', '', '', '', '', '', '', '', '', '', '', '', '', '', '', '-0.25', '-0.25', '10', '6/6', '', '', '', '', '', '', '', '', '', '', '', '', '', '', '', '', '', '', '', '', '', '', '', '', '', '', '', '', '', '', '', '', '', '', '', '', '', '', '', '', '', '', '', '', '', '', '', '', '', '', '', '', '', NULL, NULL, '', '', '10', '2021-12-23', '', '', '', '', '', '', '', '', '', 1, 0, '', 105, 1, 0, 'ZtZs2Ewzz6f5CTA5Xq21BrE3G4mranRudu2', '', 1, 1, NULL, NULL, NULL, '2021-12-23 07:23:23', '2021-12-23 15:17:10'),
(38, 1, 73, 103, 4, '2021-12-23', '12', '', '', '', '', '', '19', '', '', '', '', '', '', '6/6', '', '', '', '', '6/6', '', '', '', '', '', '', '', '', '', '', '', '', '', '', '', '', '', '', '', '', '-0.25', '', '', '', '', '', '-0.50', '', '', '', '', '', '', '', '', '', '', '', '', '', '', '', '', '', '', '', '', '', '', '', '', '', '', '', '', '', '', '', '', '', '', '', '', '', '', '', '', '', '', '', '', '', '', '', '', '', '', '', '', '', '', '', '', '', '', '', '', '', '', '', '', '', '', '', '', '', '', '', '', '', '', '', '', '', '', '', '', '', '', '', '', '', NULL, NULL, '', '', '', '2021-12-23', '', '', '', '', '', '', '', '', '', 1, 0, '', 105, 1, 0, 'nART0vTkZr5cI9l1QKC4fLOmlgAEOMI87qT', 'M0L5wBN4DVNkmF462nCr7v0o37xrJrD6hU5', 1, 1, NULL, NULL, NULL, '2021-12-23 11:01:57', '2021-12-23 11:04:34'),
(39, 1, 2, 104, 8, '2021-12-23', '', '', '', '', '', 0x32333132, '', '123', '', '', '2131', '', '', '', '', '', '213', '123', '', '', '', '123', '', '', '', '', '', '', '', '', '', '', '', '', '', '', '', '', '', '', '', '', '', '', '', '', '123', '', '', '', '', '', '', '', '', '', '', '', '', '', '', '', '', '', '', '', '', '', '', '', '', '', '', '', '', '', '', '', '', '', '', '', '', '', '', '', '', '', '', '', '', '', '', '', '', '', '', '', '', '', '', '', '', '', '', '', '', '', '', '', '', '', '', '', '', '', '', '', '', '', '', '', '', '', '', '', '', '', '', '', '', NULL, NULL, '', '123', '', '2021-12-23', '', '', '123', '', '', '', '213', '123', '123', 2, 8, '21312', 105, 1, 0, 'LuR6Ab2zMT413pdKGtXdRPxSQawqJvzd8B0', 'OU3PbuN04gPj99KaTXIPfMqPG4w3TQGmhsk', 1, 1, NULL, NULL, NULL, '2021-12-23 15:20:07', '2021-12-23 15:22:23'),
(40, 1, 74, 105, 4, '2021-12-24', '19', '', '', '', '', '', '20', '', '', '', '', '', '', '6/6', '', '', '', '', '6/6', '', '', '', '', '', '', '', '', '', '', '', '', '', '', '', '', '', '', '', '', '-0.25', '', '', '', '', '', '-0.25', '', '', '', '', '', '', '', '', '', '', '', '', '', '', '', '', '', '', '', '', '', '', '', '', '', '', '', '', '-1.00', '', '', '6/6', '+2.00', '', '', '', '', '', '', '', '', '', '', '', '', '', '', '', '', '', '', '', '', '', '', '', '', '', '', '', '', '', '', '', '', '', '', '', '', '', '', '', '', '', '', '', '', '', '', '', '', '', '', '', '', NULL, NULL, '', '', '', '2021-12-28', '', '', '', '', '', '', '', '', '', 1, 0, '', 105, 1, 0, 'o67R0AyW2O9kr0a402YNz0Ht2Zgh0VicES8', '', 1, 1, NULL, NULL, NULL, '2021-12-24 05:58:45', '2021-12-24 06:01:35'),
(41, 1, 74, 105, 4, '2021-12-24', '', '', '', '', '', '', '', '', '', '', '', '', '', '', '', '', '', '', '', '', '', '', '', '', '', '', '', '', '', '', '', '', '', '', '', '', '', '', '', '', '', '', '', '', '', '', '', '', '', '', '', '', '', '', '', '', '', '', '', '', '', '', '', '', '', '', '', '', '', '', '', '', '', '', '', '', '', '', '', '', '', '', '', '', '', '', '', '', '', '', '', '', '', '', '', '', '', '', '', '', '', '', '', '', '', '', '', '', '', '', '', '', '', '', '', '', '', '', '', '', '', '', '', '', '', '', '', '', '', '', '', NULL, NULL, '', '', '', '2021-12-24', '', '', '', '', '', '', '', '', '', 1, 0, '', 105, 1, 0, 'SLjTb3V0wTm0P6Soyc4Rg4QFD1S9XBniY26', 'WRFNX9y17emtmN2F9msIEVpUUF6c70JYFW2', 0, 1, NULL, NULL, NULL, '2021-12-24 06:01:10', '2021-12-24 06:02:59'),
(42, 1, 75, 106, 4, '2021-12-24', '20', '', '', '', '', '', '20', '', '', '', '', '', '', '6/6', '', '', '', '', '6/6', '', '', '', '', '', '', '', '', '', '', '', '', '', '', '', '', '', '', '', '', '-0.25', '', '', '', '', '', '-0.25', '', '', '', '', '', '', '', '', '', '', '', '', '', '', '', '', '', '', '', '', '', '', '', '', '', '', '', '', '', '', '', '', '', '', '', '', '', '', '', '', '', '', '', '', '', '', '', '', '', '', '', '', '', '', '', '', '', '', '', '', '', '', '', '', '', '', '', '', '', '', '', '', '', '', '', '', '', '', '', '', '', '', '', '', '', NULL, NULL, '', '', '', '2021-12-25', '', '', '', '', '', '', '', '', '', 2, 0, '', 105, 1, 0, 'KlilH5q3mT2vrfDJAisfz36Dl6091rUG5zc', 'TaYGh1A0y8MEb3Kgy6cNPGn0JbgpJXGg562', 1, 1, NULL, NULL, NULL, '2021-12-24 06:11:27', '2021-12-24 06:13:46'),
(43, 0, 2, 107, 6, '2021-12-25', '', '12', '', '', '12', 0x3132, '', '12', '', '', '', '12', '12', '', '', '12', '', '', '', '', '', '', '', '', '', '', '', '', '', '', '', '', '', '', '', '', '', '', '', '', '', '12', '', '', '', '', '', '12', '', '', '', '', '', '', '', '', '', '', '', '', '', '', '', '', '', '', '', '', '', '', '', '', '', '', '', '', '', '', '', '', '', '', '', '', '', '', '', '', '', '', '', '', '', '', '', '', '', '', '', '', '', '', '', '', '', '', '', '', '', '', '', '', '', '', '', '', '', '', '', '', '', '', '', '', '', '', '', '', '', '', '', NULL, NULL, '12', '', '', '2021-12-25', '', '12', '', '', '', '', 'weqw', 'eqwe', 'qwe', 1, 0, '', 104, 1, 0, 'Fhl71AlS6kLEOV6KdgbkL4rqqpZ7YD720HZ', '', 0, 0, NULL, NULL, NULL, '2021-12-25 04:47:34', NULL),
(44, 1, 2, 109, 4, '2021-12-26', '19', '', '', '', '', '', '20', '', '', '', '', '', '', '6/6', '', '', '', '', '6/6', '', '', '', '', '', '', '', '', '', '', '', '', '', '', '', '', '', '', '', '', '-0.50', '', '', '', '', '', '-1.50', '', '', '', '', '', '', '', '', '', '', '', '', '', '', '', '', '', '', '', '', '', '', '', '', '', '', '', '', '', '', '', '', '', '', '', '', '', '', '', '', '', '', '', '', '', '', '', '', '', '', '', '', '', '', '', '', '', '', '', '', '', '', '', '', '', '', '', '', '', '', '', '', '', '', '', '', '', '', '', '', '', '', '', '', '', NULL, NULL, '', '', '', '2021-12-27', '', '', '', '', '', '', 'NILL', '', '', 1, 0, '', 105, 1, 0, 'ra6kyV9eL23d4E6drVr5ym1P00hwtb0agu5', '2P727UAB4kkwlIimhft9jo716b2IGv0EcEO', 1, 1, NULL, NULL, NULL, '2021-12-26 06:37:33', '2021-12-26 06:39:19'),
(45, 1, 78, 111, 7, '2021-12-26', '', '', '', '', '', '', '', '', '', '', '', '', '', '', '', '', '', '', '', '', '', '', '', '', '', '', '', '', '', '', '', '', '', '', '', '', '', '', '', '', '', '', '', '', '', '', '', '', '', '', '', '', '', '', '', '', '', '', '', '', '', '', '', '', '', '', '', '', '', '', '', '', '', '', '', '', '', '', '', '', '', '', '', '', '', '', '', '', '', '', '', '', '', '', '', '', '', '', '', '', '', '', '', '', '', '', '', '', '', '', '', '', '', '', '', '', '', '', '', '', '', '', '', '', '', '', '', '', '', '', '', 'on', NULL, '', '', '', '2021-12-28', '', '', '', '', '', '', '', '', '', 1, 0, '', 105, 1, 0, '0V90ZILdX64JuGFaD3uR19ctcicFXJXJ34y', '', 0, 0, NULL, NULL, NULL, '2021-12-26 06:50:49', '2021-12-26 06:53:31'),
(46, 0, 77, 110, 6, '2021-12-26', '', '', '', '', '', '', '', '', '', '', '', '', '', '', '', '', '', '', '', '', '', '', '', '', '', '', '', '', '', '', '', '', '', '', '', '', '', '', '', '', '', '', '', '', '', '', '', '', '', '', '', '', '', '', '', '', '', '', '', '', '', '', '', '', '', '', '', '', '', '', '', '', '', '', '', '', '', '', '', '', '', '', '', '', '', '', '', '', '', '', '', '', '', '', '', '', '', '', '', '', '', '', '', '', '', '', '', '', '', '', '', '', '', '', '', '', '', '', '', '', '', '', '', '', '', '', '', '', '', '', '', NULL, NULL, '', '', '', '2021-12-26', '', '', '', '', '', '', '', '', '', 1, 0, '', 104, 1, 0, '', '', 1, 0, NULL, NULL, NULL, '2021-12-26 06:57:29', NULL),
(47, 1, 2, 113, 4, '2022-01-02', '12', '', '', '', '', '', '', '', '', '', '12', '', '', '6/6', '', '', '', '', '6/6', '', '', '', '', '', '', '', '', '', '', '', '', '', '', '', '', '', '', '', '', '-0.50', '', '', '', '', '', '', '', '', '', '', '', '', '', '', '', '', '', '', '', '', '', '', '', '', '', '', '', '', '', '', '', '', '', '', '', '', '', '', '', '', '', '', '', '', '', '', '', '', '', '', '', '', '', '', '', '', '', '', '', '', '', '', '', '', '', '', '', '', '', '', '', '', '', '', '', '', '', '', '', '', '', '', '', '', '', '', '', '', '', '', '', NULL, NULL, '', '', '', '2022-01-02', '', '', '12', '', '', '', '12', '', '1212', 1, 0, '', 105, 1, 0, 'LfixDv5q16uw9b8jVPCT14f2AYE48SzQiM1', '', 1, 1, NULL, NULL, NULL, '2022-01-02 04:07:24', '2022-01-02 06:00:15'),
(48, 1, 79, 114, 4, '2022-01-02', '', '', '', '', '', '', '', '', '', '', '', '', '', '6/6', '', '', '', '', '6/6', '', '', '', '', '', '', '', '', '', '', '', '', '', '', '', '', '', '', '', '', '', '', '', '', '', '', '', '', '', '', '', '', '', '', '', '', '', '', '', '', '', '', '', '', '', '-0.25', '', '', '', '', '-1.00', '', '', '', '', '-1.00', '', '', '6/6', '', '', '', 'N6', '-1.00', '', '', '6/6', '', '', '', 'N6', '', '', '', '', '', '', '', '', '', '', '', '', '', '', '', '', '', '', '', '', '', '', '', '', '', '', '', '', '', '', '', '', '', '', '', '', '', '', '', '', '', NULL, NULL, '', '', '', '2022-01-02', '', '', '', '', '', '', '', 'NILL', 'LUBI FRESH,', 2, 10, '', 105, 1, 0, '6Dyi6v8V62E5HBbWcYo3VvelXBD0pQI6wye', '', 1, 1, NULL, NULL, NULL, '2022-01-02 05:51:02', '2022-01-02 06:01:38'),
(49, 1, 80, 115, 6, '2022-01-02', '14', '', '', '', '', '', '15', '', '', '', '', '', '', '6/6', '', '', '', '', '6/6', '', '', '', '', '', '', '', '', '', '', '', '', '', '', '', '', '', '', '', '', '-0.50', '', '', '', '', '', '-1.00', '', '', '', '', '', '', '', '', '', '', '', '', '', '', '', '', '', '', '', '', '', '', '', '', '', '', '', '', '-1.00', '', '', '6/6', '', '', '', 'N6', '-1.00', '', '', '6/6', '', '', '', 'N6', '', '', '', '', '', '', '', '', '', '', '', '', '', '', '', '', '', '', '', '', '', '', '', '', '', '', '', '', '', '', '', '', '', '', '', '', '', '', '', '', '', 'on', NULL, '', '', '', '2022-01-03', '', '', '', '', '', '', 'NILL', 'NILL', 'LUBI FRESH', 2, 10, '', 105, 1, 0, 'wKjEOr1naCJv15aAgFnD42rJ1hGBSlppwOK', '', 1, 0, NULL, NULL, NULL, '2022-01-02 05:56:47', '2022-01-02 14:22:01'),
(50, 0, 4, 117, 6, '2022-01-02', '', '', '', '', '', '', '1', '', '', '', '', '', '212', '', '', '', '', '', '', '', '', '', '', '', '', '', '', '', '', '', '', '', '', '', '', '', '', '', '', '1212', '', '', '', '', '', '', '12', '', '12', '', '', '12', '', '', '', '', '', '', '', '', '', '', '', '', '', '', '', '', '', '', '', '', '', '', '12', '', '', '', '', '', '12', '', '', '', '12', '', '', '12', '', '', '', '', '', '', '', '', '', '', '', '', '', '', '', '', '', '', '', '', '', '', '', '', '', '', '', '', '', '', '', '', '', '', '', '', '', '', '', '', '', '', '', NULL, NULL, '', '', '', '2022-01-02', '', '', '', '', '', '', 'asd', 'sad', 'asd', 1, 0, '', 104, 1, 0, 'bt80G3U7RO8cNwPtienUrYg4z4Oh62ic8Uo', '', 0, 0, NULL, NULL, NULL, '2022-01-02 07:08:59', '2022-01-02 07:24:38'),
(52, 0, 86, 121, 7, '2022-01-03', '19', '', '', '', '', '', '20', '', '', '', '', '', '', '6/6', '', '', '', '', '6/6', '', '', '', '', '', '', '', '', '', '', '', '', '', '', '', '', '', '', '', '', '-0.50', '-0.25', '', '', '', '', '', '', '', '', '', '', '', '', '', '', '', '', '', '', '', '', '', '', '', '', '', '', '', '', '', '', '', '', '', '-1.00', '', '', '6/6', '+2.00', '', '', '', '', '', '', '', '', '', '', '', '', '', '', '', '', '', '', '', '', '', '', '', '', '', '', '', '', '', '', '', '', '', '', '', '', '', '', '', '', '', '', '', '', '', '', '', '', '', '', '', '', NULL, NULL, '', '', '', '2022-01-03', '', '', '', '', '', '', '', '', '', 2, 8, '', 104, 1, 0, '4I88UfN941RKd8d9m1hCmpz6TcG0tRqC2J1', '', 1, 0, NULL, NULL, NULL, '2022-01-03 14:58:55', NULL),
(53, 0, 131, 167, 4, '2022-01-07', '18', '', '', '', '', '', '20', '', '', '', '', '', '', '6/6', '', '', '', '', '6/12', '', '', '', '', '', '', '', '', '', '', '', '', '', '', '', '', '', '', '', '', '+0.25', '-0.25', '120', '', '', '', '', '', '', '', '', '', '', '', '', '', '', '', '', '', '', '', '', '', '', '', '', '', '', '', '', '', '', '', '', '', '', '', '', '', '', '', '', '', '', '', '', '', '', '', '', '', '', '', '', '', '', '', '', '', '', '', '', '', '', '', '', '', '', '', '', '', '', '', '', '', '', '', '', '', '', '', '', '', '', '', '', '', '', '', '', '', NULL, NULL, '', '', '', '2022-01-08', '', '', '', '', '', '', '', '', '', 2, 0, '', 104, 1, 0, '175Eoj5cLA4Uk49bDQsR2CPGr96fWXdp5q6', '', 0, 0, NULL, NULL, NULL, '2022-01-07 09:55:41', NULL),
(54, 1, 142, 178, 4, '2022-01-18', '20', '', '', '', '', '', '25', '', '', '', '', '', '', '6/6', 'N6', '6/6', '6/6', '', '6/9', 'N8', '6/9', '55', '', '', '', '', '', '', '', '', '', '', '', '', '', '', '', '', '', '', '', '', '', '', '', '', '', '', '', '', '', '', '', '', '', '', '', '', '', '', '', '', '', '', '', '', '', '', '', '', '', '', '', '', '-0.25', '-0.25', '', '', '', '', '', '', '', '', '', '', '', '', '', '', '', '', '', '', '', '', '', '', '', '', '', '', '', '', '', '', '', '', '', '', '', '', '', '', '', '', '', '', '', '', '', '', '', '', '', '', '', '', '', '', '', NULL, NULL, '', '', '', '2022-01-18', '', '', '', '', '', '', 'nill', 'Nill', '', 2, 8, '', 105, 1, 0, '2rkQzYc2eDyBgwGC1PNrJ6oZrmw27nh5D9L', 'I7p317LAUV215NpPEXkgkqjUI1324yDDy21', 1, 1, NULL, NULL, NULL, '2022-01-18 16:22:20', '2022-01-18 16:26:17'),
(55, 1, 147, 183, 4, '2022-01-19', '20', '', '', '', '', '', '20', '', '', '', '', '', '', '6/6', 'N6', '6/6', '6/6', '2', '6/6', 'N6', '6/6', '55', '', '', '', '', '', '', '', '', '', '', '', '', '', '', '', '', '', ' -0.25', ' -0.25', '', '', '', '', ' 120', ' -0.25', ' 120', '', '', '', '', '', '', '', '', '', '', '', '', '', '', '', '', '', '', '', '', '', '', '', '', '', '', '', '', '', '', '', '', '', '', '', '', '', '', '', '', '', '', '', '', '', '', '', '', '', '', '', '', '', '', '', '', '', '', '', '', '', '', '', '', '', '', '', '', '', '', '', '', '', '', '', '', '', '', '', '', '', '', '', NULL, NULL, '', '', '', '2022-01-19', '', '', '', '', '', '', 'NILL', 'NILL', '', 2, 8, '', 105, 1, 0, '7ni6Jdl6ml9O8iY65BrR1JPfhXf9G94rw0w', 'BnGFvBe763Sxa9Cg7yCXR5TKEhuLHLko4cO', 1, 0, NULL, NULL, NULL, '2022-01-19 07:12:36', '2022-01-19 07:13:59'),
(56, 1, 146, 182, 4, '2022-01-19', '20', '', '', '', '', '', '20', '', '', '', '', '', '', '6/6p', 'N6', '6/9', '', '', '6/6p', 'N6', '6/6', '', '', '', '', '', '', '', '', '', '', '', '', '', '', '', '', '', '', '', '', '', '', '', '', '', '', '', '', '', '', '', '', '', '', '', '', '', '', '', '', '', '', '', '', '', '', '', '', '', '', '', '', '', '', '', '', '', '', '', '', '', '', '', '', '', '', '', '', '', '', '', '', '', '', '', '', '', '', '', '', '', '', '', '', '', '', '', '', '', '', '', '', '', '', '', '', '', '', '', '', '', '', '', '', '', '', '', '', '', '', NULL, NULL, '', '', '', '2022-01-20', '', '', '', '', '', '', '', '', '', 2, 8, '', 105, 1, 0, 'p9yg6a84kM617myl071F2ZBH7MSEQwqy51R', '', 1, 1, NULL, NULL, NULL, '2022-01-19 09:13:54', '2022-01-19 09:15:38'),
(57, 1, 148, 184, 4, '2022-01-19', '20', '', '', '', '', '', '20', '', '', '', '', '', '', '6/6', 'N6', '', '', '', '6/6', 'N6', '', '', '', '', '', '', '', '', '', '', '', '', '', '', '', '', '', '', '', ' -0.50', ' -0.50', '', '', '', '', ' 10', ' -0.50', '', '', '', '', '', '', '', '', '', '', '', '', '', '', '', '', '', '', '', '', '', '', '', '', '', '', '', '-1.00', '', '', '6/6', '+2.00', '', '', '', '', '', '', '', '', '', '', '', '', '', '', '', '', '', '', '', '', '', '', '', '', '', '', '', '', '', '', '', '', '', '', '', '', '', '', '', '', '', '', '', '', '', '', '', '', '', '', '', '', NULL, NULL, '', '', '', '2022-01-19', '', '', '', '', '', '', 'NILL', 'NILL', '', 2, 9, '', 105, 1, 0, 'UqVtLpUvF16P2J2oNnHiWOKGul23M7T182J', 'cEMQ3s2rvHCM6ZN0Y7E9BIFQ3yT0rUPU29r', 1, 1, NULL, NULL, NULL, '2022-01-19 12:43:35', '2022-01-19 12:48:01'),
(58, 1, 143, 179, 4, '2022-01-25', '', '', '', '', '', '', '', '', '', '', '', '', '', '', '', '', '', '', '', '', '', '', '', '', '', '', '', '', '', '', '', '', '', '', '', '', '', '', '', '', '', '', '', '', '', '', '', '', '', '', '', '', '', '', '', '', '', '', '', '', '', '', '', '', '', '', '', '', '', '', '', '', '', '', '', '', '', '', '', '', '', '', '', '', '', '', '', '', '', '', '', '', '', '', '', '', '', '', '', '', '', '', '', '', '', '', '', '', '', '', '', '', '', '', '', '', '', '', '', '', '', '', '', '', '', '', '', '', '', '', '', NULL, NULL, '', '', '', '2022-01-25', '', '', '', '', '', '', '', '', '', 1, 0, '', 105, 1, 0, '', '', 0, 0, 'dl62uYr9RoM3iXx1XF1jm8SwB38tE4aL2BV', NULL, NULL, '2022-01-25 12:35:44', '2022-01-26 12:09:06'),
(59, 0, 149, 185, 4, '2022-01-26', '', '', '', '', '', '', '', '', '', '', '', '', '', '', '', '', '', '', '', '', '', '', '', '', '', '', '', '', '', '', '', '', '', '', '', '', '', '', '', '', '', '', '', '', '', '', '', '', '', '', '', '', '', '', '', '', '', '', '', '', '', '', '', '', '', '', '', '', '', '', '', '', '', '', '', '', '', '', '', '', '', '', '', '', '', '', '', '', '', '', '', '', '', '', '', '', '', '', '', '', '', '', '', '', '', '', '', '', '', '', '', '', '', '', '', '', '', '', '', '', '', '', '', '', '', '', '', '', '', '', '', NULL, NULL, '', '', '', '2022-01-26', '', '', '', '', '', '', '', '', '', 1, 0, '', 104, 1, 0, '', '', 0, 0, 'Ion16hqzjpgLo6V7NbI4z1PJ3ID1NAlw8sQ', NULL, NULL, '2022-01-26 12:13:22', NULL);
INSERT INTO `examination` (`examination_id`, `confirm_flag`, `patient_registration_id`, `patient_appointment_id`, `doctor_id`, `examination_date`, `pre1`, `pre2`, `pre3`, `pre4`, `pre5`, `pre6`, `pre7`, `pre8`, `pre9`, `pre10`, `pre11`, `pre12`, `pre_remarks`, `vis1`, `vis2`, `vis3`, `vis4`, `vis5`, `vis6`, `vis7`, `vis8`, `vis9`, `vis10`, `cur1`, `cur2`, `cur3`, `cur4`, `cur5`, `cur6`, `cur7`, `cur8`, `cur9`, `cur10`, `cur11`, `cur12`, `cur13`, `cur14`, `cur15`, `cur16`, `obj1`, `obj2`, `obj3`, `obj4`, `obj5`, `obj6`, `obj7`, `obj8`, `obj9`, `obj10`, `obj11`, `obj12`, `obj13`, `obj14`, `obj15`, `ar1`, `ar2`, `ar3`, `ar4`, `ar5`, `ar6`, `ar7`, `ar8`, `ar9`, `ar10`, `man1`, `man2`, `man3`, `man4`, `man5`, `man6`, `man7`, `man8`, `man9`, `man10`, `spe1`, `spe2`, `spe3`, `spe4`, `spe5`, `spe6`, `spe7`, `spe8`, `spe9`, `spe10`, `spe11`, `spe12`, `spe13`, `spe14`, `spe15`, `spe16`, `con1`, `con2`, `con3`, `con4`, `con5`, `con6`, `con7`, `con8`, `con9`, `con10`, `con11`, `con12`, `con13`, `con14`, `con15`, `con16`, `pmt1`, `pmt2`, `pmt3`, `pmt4`, `pmt5`, `pmt6`, `pmt7`, `pmt8`, `pmt9`, `pmt10`, `pmt11`, `pmt12`, `pmt13`, `pmt14`, `pmt15`, `pmt16`, `material`, `cr`, `usage`, `typev`, `ipd`, `pdre`, `le`, `segmentre`, `lle`, `followup`, `workup`, `mm`, `www`, `dayss`, `d_date`, `sos`, `plan_of_action`, `opth_user_comments`, `gen_comp_remarks`, `gen_medi_remarks`, `gen_opth_remarks`, `family_history`, `drug_history`, `current_meditation`, `dialysis_con`, `dialysis_drop`, `medicine_doc_remarks`, `login_id`, `office_id`, `parent_id`, `history_id`, `addmedhistory_id`, `optho_action`, `doc_action`, `treatmentplan_ref_id`, `clinical_advisor`, `eyepartshistory_id`, `created_date`, `updated_date`) VALUES
(60, 1, 150, 187, 4, '2022-01-29', '', '', '', '', '', '', '', '', '', '', '', '', '', '6/6', 'N6', '', '', '', '6/6', 'N6', '', '', '', '', '', '', '', '', '', '', '', '', '', '', '', '', '', '', '', '-3', '-1.2', '60', '', '', '85', '-1.50', '', '55', '', '2 3', '55', '', '', '', '', '', '', '', '', '', '', '', '', '', '', '', '', '', '', '', '', '', '', '', '', '', '', '', '', '', '', '', '', '', '', '', '', '', '', '', '', '', '', '', '', '', '', '', '', '', '', '', '', '', '', '', '-0.25', '-0.25', '10', '6/6', '+2.00', '', '', 'N6', '', '', '', '', '', '', '', '', '', '', '', '', '', '', '', '', '', NULL, NULL, '', '', '', '2022-01-29', '', '', '', '', '', '', 'NILL', 'NILL', '', 2, 9, '', 105, 1, 0, '3jks5PR220CYzzyWMicUjeePf3y3QFI2BIC', 'd013R1xQmU47BkIyZB5MZ1FJdcA2vL48R4W', 1, 0, 'jga7VDCWPz48sakgr4bX77XAr4dd1P62hTO', NULL, NULL, '2022-01-29 03:40:16', '2022-01-29 03:41:31'),
(61, 1, 40, 191, 8, '2022-01-29', '', '', '', '', '', '', '', '', '', '', '', '', '', '6/6', 'N6', '', '', '', '6/6p', 'N6', '', '', '', '', '', '', '', '', '', '', '', '', '', '', '', '', '', '', '', '-12.3', '-1.2', '5', '', '', '', '-1.50', '', '55', '', '2 3', '', '', '', '', '', '', '', '', '', '', '', '', '', '', '', '', '', '', '', '', '', '', '', '', '-0.25', '-0.25', '120', '6/6', '+2.00', '', '', 'N6', '', '', '', '', '', '', '', '', '', '', '', '', '', '', '', '', '', '', '', '', '', '', '', '', '', '', '', '', '', '', '', '', '', '', '', '', '', '', '', '', '', '', '', '', '', '', '', '', '', NULL, NULL, '', '', '', '2022-01-29', '', '', '', '', '', '', 'NILL', 'NILL', 'NILL', 1, 0, '', 105, 1, 0, '4Pps1PRTK84fAQXYbijiP3t3E8iO246Zx48', 'aeU31ZYHgTf4tzlhck3838S62rwEGvi844J', 1, 0, 'f32I7lJL84QVEy4w0C6sC4NM84BumJkgeqm', NULL, NULL, '2022-01-29 03:46:09', '2022-01-29 05:47:42'),
(62, 0, 152, 189, 4, '2022-01-29', '', '', '', '', '', '', '', '', '', '', '', '', '', '', '', '', '', '', '', '', '', '', '', '', '', '', '', '', '', '', '', '', '', '', '', '', '', '', '', '', '', '', '', '', '', '', '', '', '', '', '', '', '', '', '', '', '', '', '', '', '', '', '', '', '', '', '', '', '', '', '', '', '', '', '', '', '', '', '', '', '', '', '', '', '', '', '', '', '', '', '', '', '', '', '', '', '', '', '', '', '', '', '', '', '', '', '', '', '', '', '', '', '', '', '', '', '', '', '', '', '', '', '', '', '', '', '', '', '', '', '', NULL, NULL, '', '', '', '2022-01-29', '', '', '', '', '', '', '', '', '', 2, 11, '', 104, 1, 0, '', '', 0, 0, 'bahmT2HFF510N47x1Bjyi67ftgG3pUFNLA5', NULL, NULL, '2022-01-29 03:46:57', NULL),
(63, 0, 10, 193, 4, '2022-01-29', '20', '', '', '', '', '', '20', '', '', '', '', '', '', '6/6', 'N6', '6/6', '', '', '6/6', 'N6', '6/6', '', '', '', '', '', '', '', '', '', '', '', '', '', '', '', '', '', '', '-0.25', '-0.50', '35', '', '', '', '-0.25', '', '5', '', '1 0.50', '', '', '', '', '', '', '', '', '', '', '', '', '', '', '', '', '', '', '', '', '', '', '', '', '-1.00', '', '', '6/6', '', '', '', 'N6', '-1.00', '', '', '6/6', '', '', '', 'N6', '', '', '', '', '', '', '', '', '', '', '', '', '', '', '', '', '', '', '', '', '', '', '', '', '', '', '', '', '', '', '', '', '', '', '', '', '', '', '', '', '', NULL, NULL, '', '', '', '2022-01-29', '', '', '', '', '', '', 'NILL', 'NILL', '', 2, 8, '', 104, 1, 0, 'H4efqdgbHwDdmb3TB1l3u2J8JlH61r34gXO', '', 1, 0, 'wg7d3HEjs4RPArU44r144ZsOm9iLtA9G91K', NULL, NULL, '2022-01-29 05:44:43', NULL),
(64, 0, 154, 192, 4, '2022-01-29', '121', '', '', '', '', '', '', '', '', '', '', '', '', '6/60', '', '', '', '', '', 'N8', '', '', '', '', '', '', '', '', '', '', '', '', '', '', '', '', '', '', '', '', '-3.00', '', '', '', '', '', '', '', '++0.50', '', '', '', '', '', '', '', '', '', '', '', '', '', '', '', '', '', '', '', '', '', '', '', '', '', '', '', '', '', '', '', '', '', '', '', '', '', '', '', '', '', '', '', '', '', '', '', '', '', '', '', '', '', '', '', '', '', '', '', '', '', '', '', '', '', '', '', '', '', '', '', '', '', '', '', '', '', '', '', '', '', '', NULL, NULL, '', '', '', '2022-01-29', '', '', '', '', '', '', '', '', '', 1, 0, '', 104, 1, 0, '', '', 0, 0, 'kj6Ug3SjsMhyNW223r3uhbXz7Z5oH198t0F', NULL, NULL, '2022-01-29 16:29:04', NULL),
(65, 0, 155, 194, 4, '2022-01-30', '', '', '', '', '', '', '', '', '', '', '', '', '', '', '', '', '', '', '', '', '', '', '', '', '', '', '', '', '', '', '', '', '', '', '', '', '', '', '', '', '', '', '', '', '', '', '', '', '', '', '', '', '', '', '', '', '', '', '', '', '', '', '', '', '', '', '', '', '', '', '', '', '', '', '', '', '', '', '', '', '', '', '', '', '', '', '', '', '', '', '', '', '', '', '', '', '', '', '', '', '', '', '', '', '', '', '', '', '', '', '', '', '', '', '', '', '', '', '', '', '', '', '', '', '', '', '', '', '', '', '', NULL, NULL, '', '', '', '2022-01-30', '', '', '', '', '', '', '', '', '', 1, 0, '', 104, 1, 0, '', '', 1, 0, 'HnULc0QVO44m8Mi2HuXLuRLfbt31CvG6vM9', NULL, NULL, '2022-01-30 03:52:20', NULL),
(66, 0, 156, 195, 4, '2022-01-30', '', '', '', '', '', '', '', '', '', '', '', '', '', '', '', '', '', '', '', '', '', '', '', '', '', '', '', '', '', '', '', '', '', '', '', '', '', '', '', '', '', '', '', '', '', '', '', '', '', '', '', '', '', '', '', '', '', '', '', '', '', '', '', '', '', '', '', '', '', '', '', '', '', '', '', '', '', '', '', '', '', '', '', '', '', '', '', '', '', '', '', '', '', '', '', '', '', '', '', '', '', '', '', '', '', '', '', '', '', '', '', '', '', '', '', '', '', '', '', '', '', '', '', '', '', '', '', '', '', '', '', NULL, NULL, '', '', '', '2022-01-30', '', '', '', '', '', '', '', '', '', 1, 0, '', 104, 1, 0, '', '', 1, 0, 'T11JXVyh4EFQHf5M9dAXLA8F1WHDpjm3XSa', NULL, NULL, '2022-01-30 05:10:37', NULL),
(67, 1, 157, 196, 4, '2022-01-31', '', '', '', '', '', '', '', '', '', '', '', '', '', '6/6', '', '', '', '', '6/6', '', '', '', '', '', '', '', '', '', '', '', '', '', '', '', '', '', '', '', '', '-0.25', '-0.25', '', '', '', '', '', '', '', '', '', '', '', '', '', '', '', '', '', '', '', '', '', '', '', '', '', '', '', '', '', '', '', '', '', '', '', '', '', '', '', '', '', '', '', '', '', '', '', '', '', '', '', '', '', '', '', '', '', '', '', '', '', '', '', '', '', '', '', '', '', '', '', '', '', '', '', '', '', '', '', '', '', '', '', '', '', '', '', '', '', '', NULL, NULL, '', '', '', '2022-01-31', '', '', '', '', '', '', '', '', '', 2, 10, '', 105, 1, 0, 'xg70Yi0TJ8T4roJaWS4tGxyoNt7T1RvZqad', 'P261VUMy18FF36SAHxqf6cl1RkslyoBL35p', 1, 1, 'R6hIJ1CpH76i1V9ue6uD6dm3S2I9FZvJcR3', NULL, NULL, '2022-01-31 10:15:10', '2022-01-31 10:17:28'),
(68, 0, 2, 197, 6, '2022-02-03', '', '', '', '', '', '', '', '', '', '', '', '', '', '', '', '', '', '', '', '', '', '', '', '', '', '', '', '', '', '', '', '', '', '', '', '', '', '', '', '', '', '', '', '', '', '', '', '', '', '', '', '', '', '', '', '', '', '', '', '', '', '', '', '', '', '', '', '', '', '', '', '', '', '', '', '', '', '', '', '', '', '', '', '', '', '', '', '', '', '', '', '', '', '', '', '', '', '', '', '', '', '', '', '', '', '', '', '', '', '', '', '', '', '', '', '', '', '', '', '', '', '', '', '', '', '', '', '', '', '', '', NULL, NULL, '', '', '', '2022-02-03', '', '', '', '', '', '', '', '', '', 1, 0, '', 104, 1, 0, '', '', 0, 0, 'eEBZqeVD2vMiJLoUbWFT31FbT9GERv439ng', NULL, NULL, '2022-02-03 16:13:11', NULL),
(69, 1, 159, 199, 4, '2022-02-06', '19', '', '', '', '', '', '20', '', '', '', '', '', '', '6/12', 'N6', '6/6', '6/6', '', '6/60', 'N8', '6/6', '6/6', '', '', '', '', '', '', '', '', '', '', '', '', '', '', '', '', '', '', '', '', '', '++0.25', '', '', '', '', '++0.25', '', '', '', '', '', '', '', '', '', '', '', '', '', '', '', '', '', '', '', '', '', '', '', '', '', '', '', '', '', '', '', '', '', '', '', '', '', '', '', '', '', '', '', '', '', '', '', '', '', '', '', '', '', '', '', '', '', '', '', '', '', '', '', '', '', '', '', '', '', '', '', '', '', '', '', '', '', '', '', '', '', '', NULL, NULL, '', '', '', '2022-02-06', '', '', '', '', '', '', '', '', '', 1, 0, '', 105, 1, 0, 'Xu2J4446vTV6Fojkl2Pq879xGLG60m6dGXu', '', 1, 1, 'qDS36QIJx0jmx0KN2L7E1gC121Cx5GMu6L4', NULL, NULL, '2022-02-06 14:12:23', '2022-02-06 15:12:55'),
(70, 0, 160, 200, 4, '2022-02-06', '', '', '', '', '', '', '', '', '', '', '', '', '', '', '', '', '', '', '', '', '', '', '', '', '', '', '', '', '', '', '', '', '', '', '', '', '', '', '', '', '', '', '', '', '', '', '', '', '', '', '', '', '', '', '', '', '', '', '', '', '', '', '', '', '', '', '', '', '', '', '', '', '', '', '', '', '', '', '', '', '', '', '', '', '', '', '', '', '', '', '', '', '', '', '', '', '', '', '', '', '', '', '', '', '', '', '', '', '', '', '', '', '', '', '', '', '', '', '', '', '', '', '', '', '', '', '', '', '', '', '', NULL, NULL, '', '', '', '2022-02-06', '', '', '', '', '', '', '', '', '', 1, 0, '', 104, 1, 0, '', '', 1, 0, 'rWgqp18O6Js5d5aJjLPplCavc1wOr463iAk', NULL, NULL, '2022-02-06 14:40:42', NULL),
(71, 0, 161, 201, 4, '2022-02-06', '', '', '', '', '', '', '', '', '', '', '', '', '', '', '', '', '', '', '', '', '', '', '', '', '', '', '', '', '', '', '', '', '', '', '', '', '', '', '', '', '', '', '', '', '', '', '', '', '', '', '', '', '', '', '', '', '', '', '', '', '', '', '', '', '', '', '', '', '', '', '', '', '', '', '', '', '', '', '', '', '', '', '', '', '', '', '', '', '', '', '', '', '', '', '', '', '', '', '', '', '', '', '', '', '', '', '', '', '', '', '', '', '', '', '', '', '', '', '', '', '', '', '', '', '', '', '', '', '', '', '', NULL, NULL, '', '', '', '2022-02-06', '', '', '', '', '', '', '', '', '', 1, 0, '', 104, 1, 0, '', '', 0, 0, 'pkR4SPify4gSJp96LNl426hQm0Uuu4NTJ25', NULL, NULL, '2022-02-06 15:02:59', NULL),
(72, 0, 162, 202, 6, '2022-02-06', '', '', '', '', '', '', '', '', '', '', '', '', '', '', '', '', '', '', '', '', '', '', '', '', '', '', '', '', '', '', '', '', '', '', '', '', '', '', '', '', '', '', '', '', '', '', '', '', '', '', '', '', '', '', '', '', '', '', '', '', '', '', '', '', '', '', '', '', '', '', '', '', '', '', '', '', '', '', '', '', '', '', '', '', '', '', '', '', '', '', '', '', '', '', '', '', '', '', '', '', '', '', '', '', '', '', '', '', '', '', '', '', '', '', '', '', '', '', '', '', '', '', '', '', '', '', '', '', '', '', '', NULL, NULL, '', '', '', '2022-02-06', '', '', '', '', '', '', '', '', '', 1, 0, '', 104, 1, 0, '', '', 0, 0, 'JrpZ18s1FixP6FHtXZWF48uWDal114DH6tY', NULL, NULL, '2022-02-06 16:20:28', NULL),
(73, 0, 3, 203, 6, '2022-02-08', '', '', '', '', '', '', '', '', '', '', '', '', '', '', '', '', '', '', '', '', '', '', '', '', '', '', '', '', '', '', '', '', '', '', '', '', '', '', '', '', '', '', '', '', '', '', '', '', '', '', '', '', '', '', '', '', '', '', '', '', '', '', '', '', '', '', '', '', '', '', '', '', '', '', '', '', '', '', '', '', '', '', '', '', '', '', '', '', '', '', '', '', '', '', '', '', '', '', '', '', '', '', '', '', '', '', '', '', '', '', '', '', '', '', '', '', '', '', '', '', '', '', '', '', '', '', '', '', '', '', '', NULL, NULL, '', '', '', '2022-02-08', '', '', '', '', '', '', '', '', '', 1, 0, '', 104, 1, 0, '', '', 1, 0, 's0onNqvDgN4BtrMzSL6vSIZ7Cn434WmYaOu', NULL, NULL, '2022-02-08 14:45:44', NULL),
(74, 1, 163, 204, 4, '2022-02-09', '', '', '', '', '', '', '', '', '', '', '', '', '', '', '', '', '', '', '', '', '', '', '', '', '', '', '', '', '', '', '', '', '', '', '', '', '', '', '', '', '', '', '', '', '', '', '', '', '', '', '', '', '', '', '', '', '', '', '', '', '', '', '', '', '', '', '', '', '', '', '', '', '', '', '', '', '', '', '', '', '', '', '', '', '', '', '', '', '', '', '', '', '', '', '', '', '', '', '', '', '', '', '', '', '', '', '', '', '', '', '', '', '', '', '', '', '', '', '', '', '', '', '', '', '', '', '', '', '', '', '', NULL, NULL, '', '', '', '2022-02-09', '', '', '', '', '', '', '', '', '', 1, 0, '', 105, 1, 0, '', '', 1, 1, 'mcTXi7mG6PrdvlsTYNd24jOqdtGRRcZYgS5', NULL, NULL, '2022-02-09 15:56:41', '2022-02-09 15:58:28'),
(75, 0, 2, 205, 7, '2022-02-09', '', '', '', '', '', '', '', '', '', '', '', '', '', '', '', '', '', '', '', '', '', '', '', '', '', '', '', '', '', '', '', '', '', '', '', '', '', '', '', '', '', '', '', '', '', '', '', '', '', '', '', '', '', '', '', '', '', '', '', '', '', '', '', '', '', '', '', '', '', '', '', '', '', '', '', '', '', '', '', '', '', '', '', '', '', '', '', '', '', '', '', '', '', '', '', '', '', '', '', '', '', '', '', '', '', '', '', '', '', '', '', '', '', '', '', '', '', '', '', '', '', '', '', '', '', '', '', '', '', '', '', NULL, NULL, '', '', '', '2022-02-09', '', '', '', '', '', '', '', '', '', 1, 0, '', 104, 1, 0, '', '', 1, 0, '2LKCmRKIuDKG9Q4OWy4s413dXAlfP2Zm0U3', NULL, NULL, '2022-02-09 15:57:29', NULL),
(76, 0, 164, 207, 6, '2022-02-10', '', '', '', '', '', '', '', '', '', '', '', '', '', '', '', '', '', '', '', '', '', '', '', '', '', '', '', '', '', '', '', '', '', '', '', '', '', '', '', '', '', '', '', '', '', '', '', '', '', '', '', '', '', '', '', '', '', '', '', '', '', '', '', '', '', '', '', '', '', '', '', '', '', '', '', '', '', '', '', '', '', '', '', '', '', '', '', '', '', '', '', '', '', '', '', '', '', '', '', '', '', '', '', '', '', '', '', '', '', '', '', '', '', '', '', '', '', '', '', '', '', '', '', '', '', '', '', '', '', '', '', NULL, NULL, '', '', '', '2022-02-10', '', '', '', '', '', '', '', '', '', 1, 0, '', 107, 1, 0, '', '', 0, 0, 'ClDb6f68YPE6Bu4Y6Ec6bMb79jyBl4MCtDp', NULL, NULL, '2022-02-10 15:18:45', NULL),
(77, 0, 2, 206, 4, '2022-02-10', '', '', '', '', '', '', '', '', '', '', '', '', '', '', '', '', '', '', '', '', '', '', '', '', '', '', '', '', '', '', '', '', '', '', '', '', '', '', '', '', '', '', '', '', '', '', '', '', '', '', '', '', '', '', '', '', '', '', '', '', '', '', '', '', '', '', '', '', '', '', '', '', '', '', '', '', '', '', '', '', '', '', '', '', '', '', '', '', '', '', '', '', '', '', '', '', '', '', '', '', '', '', '', '', '', '', '', '', '', '', '', '', '', '', '', '', '', '', '', '', '', '', '', '', '', '', '', '', '', '', '', NULL, NULL, '', '', '', '2022-02-10', '', '', '', '', '', '', '', '', '', 1, 0, '', 104, 1, 0, '', '', 0, 0, 'n2hGb0dm6L5HByvZWHpaE5huv69qByUSn11', NULL, NULL, '2022-02-10 15:40:53', NULL),
(78, 1, 2, 208, 6, '2022-02-12', '', '', '', '', '', '', '', '', '', '', '', '', '', '', '', '', '', '', '', '', '', '', '', '', '', '', '', '', '', '', '', '', '', '', '', '', '', '', '', '', '', '', '', '', '', '', '', '', '++0.25', '', '', '', '', '', '', '', '', '', '', '', '', '', '', '', '', '', '', '', '', '', '', '', '', '', '', '', '', '', '', '', '', '', '', '', '', '', '', '', '', '', '', '', '', '', '', '', '', '', '', '', '', '', '', '', '', '', '', '', '', '', '', '', '', '', '', '', '', '', '', '', '', '', '', '', '', '', '', '', '', '', '', NULL, NULL, '', '', '', '2022-02-12', '', '', '', '', '', '', '', '', '', 1, 0, '', 105, 1, 0, '', '', 0, 0, 'lGmXzv4SIu2WWZsybal8lobT1B0CXPEWFon', NULL, NULL, '2022-02-12 04:28:57', '2022-02-12 12:40:01'),
(79, 1, 168, 214, 4, '2022-02-12', '19', '', '', '', '', '', '20', '', '', '', '', '', '', '6/6', 'N6', '6/9', '', '', '6/6', 'N6', '6/6', '', '', '', '', '', '', '', '', '', '', '', '', '', '', '', '', '', '', '', '', '', '', '0.25', '', '-0.25', '', '5', '0.25', '1 0.25', '', '', '', '', '', '', '', '', '', '', '', '', '', '', '', '', '', '', '', '', '', '', '', '', '-0.25', '', '', '6/6', '', '', '', '', '', '', '', '', '', '', '', '', '', '', '', '', '', '', '', '', '', '', '', '', '', '', '', '', '', '', '', '', '', '', '', '', '', '', '', '', '', '', '', '', '', '', '', '', '', '', '', '', '', NULL, NULL, '', '', '', '2022-02-12', '', '', '', '', '', '', '', '', '', 2, 9, '', 105, 1, 0, 'cR0WKHYBZa4iLFV45DyedIPVN8665Hg2HtU', '1jTpPHNa8aOcHMpT6ShxnW3QTm2QIxjhAmH', 0, 0, '6pBu49tRE6P69JgJOMs7nbSDAI8OSk0zhr9', NULL, NULL, '2022-02-12 17:49:38', '2022-02-12 17:50:44'),
(80, 1, 171, 218, 6, '2022-02-12', '19', '', '', '', '', '', '20', '', '', '', '', '', '', '6/6', 'N6', '', '', '', '6/6', 'N6', '', '', '', '', '', '', '', '', '', '', '', '', '', '', '', '', '', '', '', '', '', '', '', '+0.25', '', '-0.25', '', '', '+0.25', '1 0.25', '', '', '', '', '', '', '', '', '', '', '', '', '', '', '', '', '', '', '', '', '', '', '', '', '', '', '', '', '', '', '', '', '', '', '', '', '', '', '', '', '', '', '', '', '', '', '', '', '', '', '', '', '', '', '', '', '', '', '', '', '', '', '', '', '', '', '', '', '', '', '', '', '', '', '', '', '', '', '', '', '', NULL, NULL, '', '', '', '2022-02-12', '', '', '', '', '', '', '', '', '', 2, 9, '', 105, 1, 0, '4ii4yJKX487oIRUvRS8sqz4T4G3yjd86kxv', '', 1, 1, '3oSuW98vTTpB580dmb8HT6vS8Im6Ysf008c', NULL, NULL, '2022-02-12 17:58:55', '2022-02-12 18:01:05'),
(81, 0, 179, 226, 4, '2022-02-16', '', '', '', '', '', '', '', '', '', '', '', '', '', '', '', '', '', '', '', '', '', '', '', '', '', '', '', '', '', '', '', '', '', '', '', '', '', '', '', '', '', '', '', '', '', '', '', '', '', '', '', '', '', '', '', '', '', '', '', '', '', '', '', '', '', '', '', '', '', '', '', '', '', '', '-1.00', '', '', '6/6', '', '', '', '', '', '', '', '', '', '', '', '', '', '', '', '', '', '', '', '', '', '', '', '', '', '', '', '', '', '', '', '', '', '', '', '', '', '', '', '', '', '', '', '', '', '', '', '', '', '', '', '', '', NULL, NULL, '', '', '', '2022-02-15', '', '', '', '', '', '', '', '', '', 1, 0, '', 104, 1, 0, '', '', 1, 0, 'zefPUnMai1KIg6I9hYTMub4ogj7WNUh9e4r', NULL, NULL, '2022-02-15 18:36:42', NULL),
(82, 0, 3, 227, 6, '2022-02-16', '', '', '', '', '', '', '', '', '', '', '', '', '', '', '', '', '', '', '', '', '', '', '', '', '', '', '', '', '', '', '', '', '', '', '', '', '', '', '', '', '', '', '', '', '', '', '', '', '', '', '', '', '', '', '', '', '', '', '', '', '', '', '', '', '', '', '', '', '', '', '', '', '', '', '-1.00', '', '', '6/6', '', '', '', '', '', '', '', '', '', '', '', '', '', '', '', '', '', '', '', '', '', '', '', '', '', '', '', '', '', '', '', '', '', '', '', '', '', '', '', '', '', '', '', '', '', '', '', '', '', '', '', '', '', NULL, NULL, '', '', '', '2022-02-15', '', '', '', '', '', '', '', '', '', 1, 0, '', 104, 1, 0, '', '', 1, 0, 'c2WsBWZcVMfBMAVemLX3os6ROX9rSAaeHX4', NULL, NULL, '2022-02-15 18:40:49', NULL),
(83, 0, 2, 228, 6, '2022-02-17', '213', '', '23', '', '', '', '', '', '', '', '', '', '', '', '', '', '', '', '', '', '', '', '', '', '', '', '', '', '', '', '', '', '', '', '', '', '', '', '', '', '', '', '', '', '', '', '23', '', '', '', '', '', '', '', '', '', '', '', '', '', '', '', '', '', '', '', '', '', '', '', '', '', '', '', '213', '', '', '', '', '', '', '', '', '', '', '', '', '', '', '', '', '', '', '', '', '', '', '', '', '', '', '', '', '', '', '', '', '', '', '', '', '', '', '', '', '', '', '', '', '', '', '', '', '', '', '', '', '', '', '', '', NULL, NULL, '', '', '', '2022-02-17', '', '', '', '', '213', '', '', '', '', 1, 0, '', 104, 1, 0, 'SF9gF020sd7oPru11I5Ll1HGlf2eDbv045Q', '', 0, 0, 'kjl1omfPrzKqX43Dw44pRnG103xz7q6G6qy', NULL, NULL, '2022-02-17 15:21:38', NULL),
(84, 1, 2, 229, 4, '2022-02-18', '13', '13', '13', '', '13', 0x3133, '313', '', '231', 'wdw', '12', '13', '', '12', '212', '21', '21', '21', '12', '12', '12', '12', '12', '12', '12', '12', '1', '12', '12', '', '21', '12', '2', '', '12', '12', '12', '12121', '', '12', '1212', '', '1212', '12', '12', '12', '12', '12', '12', '12', '', '', '', '', '', '', '', '', '', '', '', '', '', '', '', '', '', '', '', '', '', '', '', '', '12', '12', '12', '12', '24', '', '12', '1', '', '', '', '', '2', '', '', '', '12', '', '', '12', '12', '', '12', '', '', '', '12', '', '', '12', '12', '', '12', '12', '12', '', '12', '', '', '', '', '', '1212', '', '12', '12', '', '12', '', '', '', '', '12', '', '', '', '', NULL, NULL, '12', '', '', '2022-02-18', '', '', '', '', '', '', 'qweqwe', 'qweqw', 'ewqe', 1, 0, '', 105, 1, 0, 'V9ypIzVyRuCWI9Ba4P1DOnU8X5P5gxSlE6X', '5O3fDt856J4441Yb7gO22x3ADwxkR3R4Frm', 0, 0, 'Kz2U5QRwa2ZmaqhxY4N9XHX33Nb4j6pjW6X', NULL, NULL, '2022-02-18 17:36:50', '2022-02-19 04:19:34'),
(85, 0, 180, 230, 4, '2022-02-19', '19', '', '', '', '', '', '20', '', '', '', '', '', '', '6/6', 'N6', '', '', '', '', '', '', '', '', '', '', '', '', '', '', '', '', '', '', '', '', '', '', '', '', '-0.50', '', '', '', '', '', '-0.25', '', '', '', '', '', '', '', '', '', '', '', '', '', '', '', '', '', '', '', '', '', '', '', '', '', '', '', '', '-0.75', '', '', '6/6', '-2.25', '', '', 'N6', '', '', '', '', '', '', '', '', '', '', '', '', '', '', '', '', '', '', '', '', '', '', '', '', '', '', '', '', '', '', '', '', '', '', '', '', '', '', '', '', '', '', '', '', '', '', '', '', '', NULL, NULL, '', '', '', '2022-02-19', '', '', '', '', '', '', 'NILL', 'NILL', '', 1, 0, '', 104, 1, 0, 'FrwbmauSmHOW28RmR76L63rb7nwW81pPOPj', '', 1, 0, 'iwdyAg96sH06mJzY8G9Hlu4Z0DkhUJQ85Up', NULL, NULL, '2022-02-19 15:48:33', '2022-02-19 15:51:18'),
(86, 0, 2, 231, 6, '2022-03-03', '', '', '', '', '', '', '', '', '', '', '', '', '', '', '', '', '', '', '', '', '', '', '', '', '', '', '', '', '', '', '', '', '', '', '', '', '', '', '', '', '', '', '', '', '', '', '', '', '', '', '', '', '', '', '', '', '', '', '', '', '', '', '', '', '', '', '', '', '', '', '', '', '', '', '', '', '', '', '', '', '', '', '', '', '', '', '', '', '', '', '', '', '', '', '', '', '', '', '', '', '', '', '', '', '', '', '', '', '', '', '', '', '', '', '', '', '', '', '', '', '', '', '', '', '', '', '', '', '', '', '', NULL, NULL, '', '', '', '2022-03-03', '', '', '', '', '', '', '', '', '', 2, 10, '', 104, 1, 0, '', '', 1, 0, 't3Y8GWVMYjByAQx54fLmViGz32E11ezibzD', NULL, NULL, '2022-03-03 16:18:20', NULL),
(87, 1, 2, 235, 7, '2022-03-06', '', '', '', '', '', '', '12', '', '', '', '', '', '', '1212', '', '', '', '', '', '', '', '', '', '', '', '', '', '', '', '', '', '', '', '', '', '', '', '', '', '', '', '', '', '', '', '', '', '', '', '', '', '', '', '', '', '', '', '', '', '', '', '', '', '', '', '', '', '', '', '', '', '', '', '', '1', '22', '213', '', '', '', '', '', '', '', '', '13', '', '13', '13', '', '', '', '', '', '', '', '', '', '', '', '', '', '', '', '', '', '', '', '', '', '', '', '', '', '', '', '', '', '', '', '', '', '', '', '', '', '', '', '', '', '', NULL, NULL, '', '', '', '2022-03-06', '', '', '', '', '', '', '', '', '', 1, 0, '', 105, 1, 0, 'uXX6n15KCnhT3ecUL5XQbVHB2WDQ527YaP1', '', 1, 0, '5ilGE8m68OYh3W7O6Hi665imR9C46HFZM64', NULL, NULL, '2022-03-06 14:07:53', '2022-03-06 14:49:26'),
(88, 1, 183, 236, 4, '2022-03-07', '', '', '', '', '13', '', '', '', '', '', '13', '', '', '1', '1', '1', '1', '1', '1', '1', '', '1', '1', '', '', '', '', '', '', '', '', '', '', '', '', '', '', '', '', '1', '1', '1', '1', '1', '', '1', '1', '1', '1', '1', '1', '', '', '', '', '', '', '', '', '', '', '', '', '', '', '', '', '', '', '', '', '', '', '', '12', '', '', '', '', '', '', '', '', '', '', '', '', '', '', '', '', '', '', '', '', '', '', '', '', '', '', '', '', '', '', '', '', '', '', '', '', '', '', '', '', '', '', '', '', '', '', '', '', '', '', '', '', '', '', '', '', NULL, NULL, '', '', '', '2022-03-07', '', '', '', '', '', '', '', '', '', 1, 0, '', 105, 1, 0, '', '3Bc2UxPR5r0fgB2BkASy4nH57OQQI8rC6CW', 0, 0, '4Wms4690l8U3uNDdGSqDQBLWi51OvKE6eg4', NULL, NULL, '2022-03-07 16:06:34', '2022-03-09 17:01:33'),
(89, 1, 184, 237, 4, '2022-03-08', '19', '', '', '', '', '', '10', '', '', '', '', '', '', '6/6', 'N6', '', '', '', '6/6', 'N6', '', '', '', '', '', '', '', '', '', '', '', '', '', '', '', '', '', '', '', '-0.25', '-0.50', '120', '', '', '', '-050', '-1.00', '10', '', '', '', '', '', '', '', '', '', '', '', '', '', '', '', '', '', '', '', '', '', '', '', '', '', '', '-0.50', '', '', '6/6', '+NaN', '', '', 'N6', '-0.50', '', '', '6/6', '+NaN', '', '', 'N6', '', '', '', '', '', '', '', '', '', '', '', '', '', '', '', '', '', '', '', '', '', '', '', '', '', '', '', '', '', '', '', '', '', '', '', '', '', '', '', '', '', NULL, NULL, '', '', '', '2022-03-08', '', '', '', '', '', '', '', '', '', 2, 8, '', 105, 1, 0, 'E5O69Y1pWLl87r9v7DOF5Sjg7Y14ZU6ozt2', 'G9if7loez566kOnucaZZnro3N7W9ETH1K9L', 1, 1, '341mrQq7Yi0Q7xni6SjOK9V79TnVj47N6uL', NULL, NULL, '2022-03-08 07:05:13', '2022-03-08 07:11:37'),
(90, 1, 185, 238, 4, '2022-03-10', '21', '', '', '', 'NORMAL', '', '22', '', '', '', 'NORMAL1', '', '', '1', '2', '3', '4', '5', '6', '7', '8', '9', '10', '', '', '', '', '', '', '', '', '', '', '', '', '', '', '', '', '', '', '', '', '', '', '', '', '', '', '', '', '', '', '', '', '', '', '', '', '', '', '', '', '', '', '', '', '', '', '', '', '', '', '', '', '', '', '', '', '', '', '', '', '', '', '', '', '', '', '', '', '', '', '', '', '', '', '', '', '', '', '', '', '', '', '', '', '', '', '', '', '', '', '', '', '', '', '', '', '', '', '', '', '', '', '', '', '', '', '', '', NULL, NULL, '', '', '', '2022-03-10', '', '', '', '', '', '', '', '', '', 1, 0, '', 105, 1, 0, 'H6X1KOXsUz1e51QvRR55ytq9q3248444Jjz', 'ewnOroD7rnc2RJqmKH6uTs1k5s2ty5RGkw5', 1, 1, 'z6AVVfNglOND8PGwCiaK6WG7xCtFYTc01TP', NULL, NULL, '2022-03-10 06:53:53', '2022-03-10 06:56:08'),
(91, 1, 183, 239, 4, '2022-03-12', '', '', '', '', '', '', '', '', '', '', '', '', '', '', '', '', '', '', '', '', '', '', '', '', '', '', '', '', '', '', '', '', '', '', '', '', '', '', '', '', '', '', '', '', '', '', '', '', '', '', '', '', '', '', '', '', '', '', '', '', '', '', '', '', '', '', '', '', '', '', '', '', '', '', '-1.00', '-0.25', '120', '6/6', '+1', '', '', '', '-1.00', '-0.25', '120', '6/6', '+NaN', '', '', '', '', '', '', '', '', '', '', '', '', '', '', '', '', '', '', '', '', '', '', '', '', '', '', '', '', '', '', '', '', '', '', '', '', '', '', '', '', '', '', '', '', NULL, NULL, '5', '1', '5', '2022-03-12', '', '', '', '', '', '', '23232', '', '', 2, NULL, '', 105, 1, 0, 'rV1Em1Z9C0Cux7mw37eR9KqfXxen736QQLx', 'Ykzt8QjggHHqAkWVCAteEL2GA70KKR6ld6M', 1, 0, 'SrUNFLDNPmxf3TZ7466rxZ10qkR2C193GEe', NULL, NULL, '2022-03-12 04:34:19', '2022-03-12 15:33:19'),
(92, 1, 2, 240, 4, '2022-03-13', '', '', '', '', '567', '', '', '567', '', '', '', '', '', '', '', '', '', '', '', '', '', '', '', '', '', '', '', '', '', '', '', '', '', '', '', '', '', '', '', '', '', '', '', '', '', '', '', '', '', '', '', '', '', '', '', '', '', '', '', '', '', '', '', '', '', '', '', '', '', '', '', '', '', '', '-1.0', '', '', '', '+1', '', '', '', '-1.0', '', '', '', '+0', '', '', '', '', '', '', '', '', '', '', '', '', '', '', '', '', '', '', '', '', '', '', '', '', '', '', '', '', '', '', '', '', '', '', '', '', '', '', '', '', '', '', '', '', NULL, NULL, '', '', '', '2022-03-13', '1', '', '567', '', '', '', '', '567', '567', 1, 0, '', 105, 1, 0, '929366xeqEU154id8l4LnPIigiKba8Wzyle', '', 0, 0, 'MocW6GmF7AC1o5dAC3F2JkT6zR3qA1YV2yh', '', NULL, '2022-03-13 13:59:07', '2022-03-14 15:45:21'),
(93, 1, 186, 241, 4, '2022-03-14', '', '', '', '', '', '', '', '', '', '', '', '', '', '', '', '', '', '', '', '', '', '', '', '', '', '', '', '', '', '', '', '', '', '', '', '', '', '', '', '-0.50', '', '35', '', '', '', '', '', '', '', '', '', '', '', '', '', '', '', '', '', '', '', '', '', '', '', '', '', '', '', '', '', '', '', '', '-1.00', '-0.25', '120', '6/6', '+NaN', '-0.25', '120', 'N6', '', '', '', '', '', '', '', '', '1', '1', '1', '1', '1', '1', '1', '1', '', '', '', '', '', '', '', '', '1', '1', '1', '1', '1', '1', '1', '1', '', '', '', '', '', '', '', '', '', '', '', '', '', '', '', '', '', NULL, NULL, '', '', '5', '2022-03-14', '2', '', '', '', '', '', '', '', '', 2, 8, '', 105, 1, 0, 'SNWodQ9So8737T8IXGhRuzVj9zTJNyC5672', 'LbVTKLWOY2l8oh8277Vyet6UL6w7Hp4s628', 1, 1, 'ScZ21m7usMpdIy5231ycHTn6uU5GvFVQTL4', '', NULL, '2022-03-14 10:35:24', '2022-03-14 10:41:34'),
(94, 1, 2, 242, 6, '2022-03-14', '', '', '', '', '', '', '', '', '', '', '', '', '', '12', '', '', '12', '', '', '', '12', '12', '', '', '', '', '', '', '', '', '', '', '', '', '', '', '', '', '', '12', '12', '', '', '12', '', '', '12', '', '12', '', '', '', '', '', '', '', '', '', '', '', '', '', '', '', '', '', '', '', '', '', '', '', '', '', '', '', '', '', '', '', '', '', '', '', '', '', '', '', '', '', '', '', '', '', '', '', '', '', '', '', '', '', '', '', '', '', '', '', '', '', '', '', '', '', '', '', '', '', '', '', '', '', '', '', '', '', '', '', '', '', '', NULL, NULL, '', '', '', '2022-03-14', '1', '', '', '', '', '', '', '', '12', 2, NULL, '', 105, 1, 0, 'K0QG1ycC5K465UNliAj1yrWBWFfnh8Le17K', '', 0, 0, '4br7mF24o2UUSY1R72e7AaAVO2K05Sl7mSR', '', NULL, '2022-03-14 17:22:27', '2022-03-14 17:28:08'),
(95, 1, 81, 244, 4, '2022-03-15', '', '', '', '', '', '', '', '', '', '', '', '', '', '', '', '', '', '', '', '', '', '', '', '', '', '', '', '', '', '', '', '', '', '', '', '', '', '', '', '', '', '', '', '', '', '', '', '', '', '', '', '', '', '', '', '', '', '', '', '', '', '', '', '', '', '', '', '', '', '', '', '', '', '', '-1.00', '5', '5', '6/6', '', '5', '5', '', '-1.00', '-0.25', '120', '6/6', '', '-0.25', '120', '', '', '', '', '', '', '', '', '', '', '', '', '', '', '', '', '', '', '', '', '', '', '', '', '', '', '', '', '', '', '', '', '', '', '', '', '', '', '', '', '', '', NULL, NULL, '', '', '', '2022-03-15', '1', '', '', '', '', '', '', '', '', 1, 0, '', 105, 1, 0, '', 'k4UM12xe4sIj1o2h3Aatu2ryVbix3vjPDRp', 1, 1, 'ObUPtY1Hq8g1D1wiB97V4I4Ijq2jTTktTkz', '', NULL, '2022-03-15 03:15:08', '2022-03-15 03:18:03'),
(96, 0, 198, 259, 4, '2022-03-17', '', '', '', '', '', '', '', '', '', '', '', '', '', '', '', '', '', '', '', '', '', '', '', '', '', '', '', '', '', '', '', '', '', '', '', '', '', '', '', '', '', '', '', '', '', '', '', '', '', '', '', '', '', '', '', '', '', '', '', '', '', '', '', '', '', '', '', '', '', '', '', '', '', '', '-1.00', '-0.25', '120', '6/6', '+1', '-0.25', '120', 'N6', '-1.00', '-0.25', '120', '6/6', '+1', '-0.25', '120', 'N6', '', '', '', '', '', '', '', '', '', '', '', '', '', '', '', '', '', '', '', '', '', '', '', '', '', '', '', '', '', '', '', '', '', '', '', '', '', '', '', '', '', NULL, NULL, '', '', '', '2022-03-17', '1', '', '', '', '', '', '', '', '', 1, 0, '', 104, 1, 0, '', '', 1, 0, '68GJ9ktRKal0Jn74eH6e97639WnLOp4HY78', '', NULL, '2022-03-17 11:27:38', '2022-03-17 11:28:36'),
(97, 1, 2, 263, 6, '2022-03-18', '20', '', '', '', '', '', '23', '', '', '', '', '', '', '6/6', 'N6', '6/6', '6/6', '5', '6/6', 'N6', '6/6', '6/6', '10', '', '', '', '', '', '', '', '', '', '', '', '', '', '', '', '', '-0.50', ' -0.50', '35', '', '', '', '-0.25', ' -0.50', '5', '', '', '', '', '', '', '', '', '', '', '', '', '', '', '', '', '', '', '', '', '', '', '', '', '', '', '-1.00', '-0.25', '120', '6/6', '+1', '', '', 'N6', '-1.00', '-0.25', '120', '6/6', '', '', '', '', '', '', '', '', '', '', '', '', '', '', '', '', '', '', '', '', '', '', '', '', '', '', '', '', '', '', '', '', '', '', '', '', '', '', '', '', '', '', '', '', '', NULL, NULL, '', '', '', '2022-03-19', '1', '', '', '', '', '', 'NILL', 'NILL', '', 1, 0, '', 105, 1, 0, 'M7sMM2tS4882441txaWfl1cizT16cjK5nDF', '74s2punAVqak4r8875H3zHLS2Kn7qLR6T38', 1, 1, 'Uhqp2Bj3a1deL2q9W1yy7OdSQpkjDGoZb4S', '', NULL, '2022-03-18 16:30:50', '2022-03-18 16:34:52'),
(98, 0, 200, 264, 6, '2022-03-20', '', '', '', '', '', '', '', '', '', '', '', '', '', '', '', '', '', '', '', '', '', '', '', '-0.25', '-0.5.', '120', '6/6', '0.5', '', '', '', '-3.0', '-3.0', '120', '6/9', '', '', '', '', '', '', '', '', '', '', '', '', '', '', '', '', '', '', '', '', '', '', '', '', '', '', '', '', '', '', '', '', '', '', '', '', '', '', '', '', '', '', '', '', '', '', '', '', '', '', '', '', '', '', '', '', '', '', '', '', '', '', '', '', '', '', '', '', '', '', '', '', '', '', '', '', '', '', '', '', '', '', '', '', '', '', '', '', '', '', '', '', '', '', '', '', NULL, NULL, '', '', '', '2022-03-20', '1', '', '', '', '', '', '', '', '', 1, 0, '', 104, 1, 0, '', '', 1, 0, 'qqo0XzYS7h1kQmnXYzc7sl776pqT5r4qtX3', '', NULL, '2022-03-20 15:40:25', '2022-03-20 15:40:42'),
(99, 1, 202, 272, 4, '2022-03-30', '', '', '', '', '', '', '', '', '', '', '', '', '', '', '', '', '', '', '', '', '', '', '', '', '', '', '', '', '', '', '', '', '', '', '', '', '', '', '', '-3', '', '', '+2', '', '', '-4', '', '', '+1', '', '', '', '', '', '', '', '', '', '', '', '', '', '', '', '', '', '', '', '', '', '', '', '', '', '', '', '', '', '', '', '', '', '', '', '', '', '', '', '', '', '', '', '', '', '', '', '', '', '', '', '', '', '', '', '', '', '', '', '', '', '', '', '', '', '', '', '', '', '', '', '', '', '', '', '', '', '', '', '', '', '', NULL, NULL, '', '', '', '2022-03-30', '1', '', '', '', '', '', '', '', '', 1, 0, '', 105, 1, 0, '', '', 1, 1, '5knzHOYogJiDOI8yvA873hXfXmvw6KBtF58', '', NULL, '2022-03-30 10:12:28', '2022-03-30 10:20:34'),
(100, 0, 203, 273, 4, '2022-03-31', '', '', '', '', '', '', '', '', '', '', '', '', '', '6/6', 'N8', '6/6', '6/6', '', '6/6p', 'N8', '6/6', '6/6', '', '', '', '', '', '', '', '', '', '', '', '', '', '', '', '', '', '-2', '-1', '10', '', '', '', '-3', '+1', '10', '', '', '', '', '', '', '', '', '', '', '', '', '', '', '', '', '', '', '', '', '', '', '', '', '', '', '', '', '', '', '', '', '', '', '', '', '', '', '', '', '', '', '', '', '', '', '', '', '', '', '', '', '', '', '', '', '', '', '', '', '', '', '', '', '', '', '', '', '', '', '', '', '', '', '', '', '', '', '', '', '', '', '', NULL, NULL, '', '', '', '2022-03-31', '1', '', '', '', '', '', '', '', '', 1, 0, '', 104, 1, 0, '', '', 0, 0, 'gGNDi0ErIPc8Dq6017Hf4w6ueJqUcPalan7', '', NULL, '2022-03-31 04:43:19', NULL),
(101, 1, 204, 274, 4, '2022-04-01', '10', '', '', '', '', '', '30', '', '', '', '', '', '', '', '', '', '', '', '', '', '', '', '', '', '', '', '', '', '', '', '', '', '', '', '', '', '', '', '', '', '', '', '', '', '', '', '', '', '', '', '', '', '', '', '', '', '', '', '', '', '', '', '', '', '', '', '', '', '', '', '', '', '', '', '', '', '', '', '', '', '', '', '', '', '', '', '', '', '', '', '', '', '', '', '', '', '', '', '', '', '', '', '', '', '', '', '', '', '', '', '', '', '', '', '', '', '', '', '', '', '', '', '', '', '', '', '', '', '', '', '', NULL, NULL, '', '', '', '2022-04-01', '1', '', '', '', '', '', '', '', '', 1, 0, '', 105, 1, 0, 'Q86X8DwKVyzG96X8l28cl3cdaZpxp6148W9', '', 1, 0, '32SV6aCMxO3k46zwlvvoDBUyzluW80YsHv5', '', NULL, '2022-04-01 16:56:22', '2022-04-01 16:57:42'),
(102, 0, 34, 271, 4, '2022-04-04', '1', '', '', '', '', '', '', '', '', '', '', '', '', '', '', '', '', '', '', '', '', '', '', '', '', '', '', '', '', '', '', '', '', '', '', '', '', '', '', '', '', '', '', '', '', '', '', '', '', '', '', '', '', '', '', '', '', '', '', '', '', '', '', '', '', '', '', '', '', '', '', '', '', '', '', '', '', '', '', '', '', '', '', '', '', '', '', '', '', NULL, '', '', '', '', '', '', '', '', '', '', '', '', '', '', '', '', '', '', '', '', '', '', '', '', '', '', '', '', '', '', '', '', '', '', '', '', '', '', '', '', '', NULL, NULL, '', '', '', '2022-04-04', '1', '', '', '', '', '', '', '', '', 1, 0, '', 104, 1, 0, '', '', 0, 0, '118T4f5WqTlNQfnwPRrCDI0CY2I408WCydn', '', NULL, '2022-04-04 05:10:38', NULL),
(103, 0, 207, 277, 6, '2022-04-04', '', '', '', '', '', '', '', '', '', '', '', '', '', '6/6p', 'N8', '6/9', '6/6', '', '6/9', 'N8', '6/6', '', '', '', '', '', '', '', '', '', '', '', '', '', '', '', '', '', '', '-1', '+2', '10', '-2', '+2', '', '-2', '+2', '10', '-3', '+2', '', '', '', '', '', '', '', '', '', '', '', '', '', '', '', '', '', '', '', '', '', '', '', '', '-0.75', '+1.75', '55', '70', '-1.50', '+12', '55', '70', '-0.25', '-12', '', '', '-1.50', '-0.25', '', '', '', '', '', '', '', '', '', '', '', '', '', '', '', '', '', '', '', '', '', '', '', '', '', '', '', '', '', '', '', '', '', '', '', '', '', '', '', '', '', '', '', NULL, NULL, '', '', '', '2022-04-04', '1', '', '', '', '', '', '', '', '', 1, 0, '', 104, 1, 0, '', '', 0, 0, 'CKxbr0lSYKAzWsZLm09Szu536rd6mVp0d5X', '', NULL, '2022-04-04 07:29:56', NULL),
(104, 0, 186, 270, 4, '2022-04-04', '', '', '', '', '', '', '', '', '', '', '', '', '', '', '', '', '', '', '', '', '', '', '', '', '', '', '', '', '', '', '', '', '', '', '', '', '', '', '', '+1', '+2', '10', '', '', '', '', '', '10', '', '', '', '', '', '', '', '', '', '', '', '', '', '', '', '', '', '', '', '', '', '', '', '', '', '', '-3', '+1.75', '35', '6/6', '', '', '35', '6/6', '', '', '', '', '', '', '', '', '', '', '', '', '', '', '', '', '', '', '', '', '', '', '', '', '', '', '', '', '', '', '', '', '', '', '', '', '', '', '', '', '', '', '', '', '', '', '', '', '', NULL, NULL, '', '', '', '2022-04-04', '1', '', '', '', '', '', '', '', '', 1, 0, '', 104, 1, 0, '', '', 0, 0, 'P9u09NJc2i0gIY7lOiBOvClU4ovT1iVOqUG', '', NULL, '2022-04-04 16:50:10', NULL),
(105, 1, 208, 278, 4, '2022-04-05', '', '', '', '', '', '', '', '', '', '', '', '', '', '6/6p', 'N6', '6/6', '6/6', 'n6', '6/6p', 'N6', '6/6', '6/6', 'n6', '', '', '', '', '', '', '', '', '', '', '', '', '', '', '', '', '-1', '-1', '10', '-1', '-1', '', '-2', '-2', '10', '-2', '-2', '', '', '', '', '', '', '', '', '', '', '', '', '', '', '', '', '', '', '', '', '', '', '', '', '-1', '-12', '10', '6/6', '-1', '-3', '10', '6/6', '', '', '', '', '', '', '', '', '', '', '', '', '', '', '', '', '', '', '', '', '', '', '', '', '', '', '', '', '', '', '', '', '', '', '', '', '', '', '', '', '', '', '', '', '', '', '', '', '', NULL, NULL, '', '', '', '2022-04-05', '1', '', '', '', '', '', '', '', '', 1, 0, '', 105, 1, 0, 'H8VB3z68196S1VMnQT9cVU3D2eA9WXi1DX3', 'FLV1Z3hl3fs62AQwP1sJHuASO4J4iF9fQa9', 1, 0, 'zJ2zTx11760m110MsG3XmZU8B5dO4R0QtGq', '', NULL, '2022-04-05 04:12:21', '2022-04-05 04:14:12'),
(106, 1, 210, 280, 4, '2022-04-15', '', '', '', '', '', '', '', '', '', '', '', '', '', '', '', '', '', '', '', '', '', '', '', '', '', '', '', '', '', '', '', '', '', '', '', '', '', '', '', '', '', '', '', '', '', '', '', '', '', '', '', '', '', '', '', '', '', '', '', '', '', '', '', '', '', '', '', '', '', '', '', '', '', '', '-2', '-5', '10', '6/9', '1', '-6', '10', 'n6', '-1', '+12', '3', '6/24', '2', '-0.50', '30', 'n8', '', '', '', '', '', '', '', '', '', '', '', '', '', '', '', '', '', '', '', '', '', '', '', '', '', '', '', '', '', '', '', '', '', '', '', '', '', '', '', '', '', NULL, NULL, '', '', '', '2022-04-15', '1', '', '', '', '', '', '', '', '', 1, 0, '', 105, 1, 0, '', '62719gN5dC6Lt4AM6c7fSSP9Bq9R1H1sGm3', 1, 1, 'mMkLQMuERJDJ1pE0U50AKzII5SYsk5goyMz', '', NULL, '2022-04-15 05:36:09', '2022-04-15 10:11:30'),
(107, 1, 210, 281, 4, '2022-04-15', '', '', '', '', '', '', '', '', '', '', '', '', '', '6/6', 'N6', '6/9', '6/6p', 'n6', '6/6', 'N6', '6/6', '6/6p', 'n6', '', '', '', '', '', '', '', '', '', '', '', '', '', '', '', '', '-1', '-1', '10', '', '', '', '-2', '-2', '20', '', '', '', '', '', '', '', '', '', '', '', '', '', '', '', '', '', '', '', '', '', '', '', '', '', '', '1', '2', '3', '4', '6', '6', '7', '8', '4', '4', '45', '45', '48', '66', '55', '66', '', '', '', '', '', '', '', '', '', '', '', '', '', '', '', '', '', '', '', '', '', '', '', '', '', '', '', '', '', '', '', '', '', '', '', '', '', '', '', '', '', NULL, NULL, '', '', '', '2022-04-15', '1', '', '', '', '', '', '', '', '', 1, 0, '', 105, 1, 0, '', '', 1, 1, 'zSx7A8R00BhdfT8U83uIWzx81g0xO3emm4A', '', NULL, '2022-04-15 05:49:48', '2022-04-15 05:50:36'),
(108, 0, 3, 282, 4, '2022-04-16', '12', '', '', '', '', '', '121', '', '', '', '', '', '', '', '', '', '', '', '', '', '', '', '', '', '', '', '', '', '', '', '', '', '', '', '', '', '', '', '', '', '', '', '', '', '', '', '', '', '', '', '', '', '', '', '', '', '', '', '', '', '', '', '', '', '', '', '', '', '', '', '', '', '', '', '', '', '', '', '', '', '', '', '', '', '', '', '', '', '', '', '', '', '', '', '', '', '', '', '', '', '', '', '', '', '', '', '', '', '', '', '', '', '', '', '', '', '', '', '', '', '', '', '', '', '', '', '', '', '', '', '', NULL, NULL, '', '', '', '2022-04-17', '1', '', '213213', '', '', '', '', '', '', 1, 0, '', 104, 1, 0, '', '', 0, 0, '57gyodjJ3I37fQd14O3NnzuPwqAIB6agxyD', '', 'Gaygd8B0i1oejn1KVy9DllEeNq5ASk2X99N', '2022-04-16 10:47:33', '2022-04-17 04:22:20'),
(109, 1, 97, 283, 6, '2022-04-17', '', '', '', '', '', '', '', '', '', '', '', '', '', '213', '', '', '', '', '', '', '', '', '', '', '', '', '', '', '', '', '', '', '', '', '', '', '', '', '', '', '', '', '', '', '', '', '', '', '', '', '', '', '', '', '', '', '', '', '', '', '', '', '', '', '', '', '', '', '', '', '', '', '', '', '', '', '', '', '123', '', '', '', '', '', '', '', '', '', '', '', '', '', '', '', '', '', '', '', '', '', '', '', '', '', '', '', '', '', '', '', '', '', '', '', '', '', '', '', '', '', '', '', '', '', '', '', '', '', '', '', '', NULL, NULL, '21', '', '', '2020-07-17', '1', '', '213123', '', '', '', '', '', '', 1, 0, '', 105, 1, 0, '', '', 0, 0, 'EvDjV4L0Jo8GNDPYK6i915wtv9p8Kaen50a', '', 'KrainOsDA5qJDrMPZcoiO1IRtRirsJk75pU', '2022-04-17 04:23:35', '2022-04-17 04:24:36'),
(110, 0, 211, 284, 7, '2022-04-17', '', '', '', '', '', '', '', '', '', '', '', '', '', '', '', '', '', '', '', '', '', '', '', '', '', '', '', '', '', '', '', '', '', '', '', '', '', '', '', '', '', '', '', '', '', '', '', '', '', '', '', '', '', '', '', '', '', '', '', '', '', '', '', '', '', '', '', '', '', '', '', '', '', '', '', '', '', '', '', '', '', '', '', '', '', '', '', '', '', '', '', '', '', '', '', '', '', '', '', '', '', '', '', '', '', '', '', '', '', '', '', '', '', '', '', '', '', '', '', '', '', '', '', '', '', '', '', '', '', '', '', NULL, NULL, '', '', '', '2022-04-17', '1', '', '', '', '', '', '', '', '', 1, 0, '', 104, 1, 0, '', '', 0, 0, '16g0aKyhMr92R06lZZpemnhyMp5xz0QEa1e', '', '4107Z7AqmlY5QU5iRaHSFPYBPeR9kSETIPD', '2022-04-17 12:46:46', '2022-04-17 12:47:15'),
(111, 1, 218, 291, 4, '2022-05-06', '19', '', '', '', '', '', '20', '', '', '', '', '', '', '6/6P', 'N8', '6/18', '6/6P', 'N10', '6/6P', 'N6', '6/18', '6/6P', 'N36', '', '', '', '', '', '', '', '', '', '', '', '', '', '', '', '', '-0.25', '+2.50', '40', '', '', '', '-2.75', '-0.25', '140', '', '', '', '', '', '', '', '', '', '', '', '', '', '', '', '', '', '', '', '', '', '', '', '', '', '', '-1.50', '-0.25', '90', '6/9', '1.25', '-0.25', '90', 'N8', '-1.50', '-1.50', '85', '6/6P', '2.50', '-1.50', '85', 'N8', '', '', '', '', '', '', '', '', '', '', '', '', '', '', '', '', '', '', '', '', '', '', '', '', '', '', '', '', '', '', '', '', '', '', '', '', '', '', '', '', '', NULL, NULL, '', '', '', '2022-05-06', '1', '', 'name:anoop', '', '', '', '', 'NILL', '', 1, 0, '', 105, 1, 0, '0ME1GYOJnwET0x3xUGiFoLW81o85Op818Xs', 'sOF8cNX0yoKPJF8nDf9pBue77QU0ULrARnF', 1, 1, 'a3ILay9Tqiy3fS181Sz05t7Aa6hd0v6nulS', '', 'jiUb9eDzJJJM6huY1kudN168Y5BSCQ52znx', '2022-05-06 03:07:58', '2022-05-06 03:14:53');

-- --------------------------------------------------------

--
-- Table structure for table `examination_chargesdetails`
--

CREATE TABLE `examination_chargesdetails` (
  `examination_chargesdetails_id` int(100) NOT NULL,
  `examination_id` int(100) NOT NULL,
  `charge_id` int(100) NOT NULL,
  `particulars_id` int(100) NOT NULL,
  `rate` float NOT NULL,
  `patient_registration_id` int(25) DEFAULT NULL,
  `patient_appointment_id` int(25) DEFAULT NULL,
  `doctor_id` int(25) DEFAULT NULL,
  `created_date` timestamp NOT NULL DEFAULT CURRENT_TIMESTAMP
) ENGINE=InnoDB DEFAULT CHARSET=utf8mb4;

--
-- Dumping data for table `examination_chargesdetails`
--

INSERT INTO `examination_chargesdetails` (`examination_chargesdetails_id`, `examination_id`, `charge_id`, `particulars_id`, `rate`, `patient_registration_id`, `patient_appointment_id`, `doctor_id`, `created_date`) VALUES
(3, 16, 5, 6, 2000, NULL, NULL, NULL, '2021-11-19 15:30:00'),
(4, 16, 5, 7, 2000, NULL, NULL, NULL, '2021-11-19 15:30:00'),
(13, 14, 5, 6, 2000, NULL, NULL, NULL, '2021-11-20 18:33:49'),
(14, 14, 5, 7, 2000, NULL, NULL, NULL, '2021-11-20 18:33:49'),
(19, 18, 5, 6, 2000, NULL, NULL, NULL, '2021-11-21 05:29:08'),
(20, 18, 5, 7, 2000, NULL, NULL, NULL, '2021-11-21 05:29:08'),
(21, 19, 5, 6, 2000, NULL, NULL, NULL, '2021-11-21 05:41:49'),
(22, 19, 5, 7, 2000, NULL, NULL, NULL, '2021-11-21 05:41:49'),
(39, 22, 5, 6, 2000, NULL, NULL, NULL, '2021-11-21 10:25:01'),
(42, 17, 5, 6, 2000, NULL, NULL, NULL, '2021-11-21 14:37:29'),
(43, 17, 5, 7, 2000, NULL, NULL, NULL, '2021-11-21 14:37:29'),
(44, 27, 5, 7, 2000, NULL, NULL, NULL, '2021-11-25 07:21:12'),
(45, 27, 5, 6, 2000, NULL, NULL, NULL, '2021-11-25 07:21:12'),
(46, 29, 5, 6, 2000, NULL, NULL, NULL, '2021-11-26 07:40:13'),
(47, 30, 5, 6, 2000, NULL, NULL, NULL, '2021-11-28 04:31:08'),
(49, 34, 5, 6, 2000, NULL, NULL, NULL, '2021-12-17 12:08:36'),
(50, 36, 5, 6, 2000, NULL, NULL, NULL, '2021-12-22 15:10:08'),
(54, 37, 5, 6, 2000, NULL, NULL, NULL, '2021-12-23 15:17:10'),
(55, 51, 5, 6, 2000, NULL, NULL, NULL, '2022-01-02 07:38:25'),
(59, 54, 5, 6, 2000, NULL, NULL, NULL, '2022-01-18 16:26:17'),
(60, 54, 5, 7, 2000, NULL, NULL, NULL, '2022-01-18 16:26:17'),
(61, 54, 5, 8, 1000, NULL, NULL, NULL, '2022-01-18 16:26:17'),
(62, 55, 5, 6, 2000, NULL, NULL, NULL, '2022-01-19 07:13:59'),
(63, 56, 5, 19, 4500, NULL, NULL, NULL, '2022-01-19 09:15:38'),
(64, 57, 5, 14, 750, NULL, NULL, NULL, '2022-01-19 12:48:01'),
(65, 57, 5, 11, 1500, NULL, NULL, NULL, '2022-01-19 12:48:01'),
(66, 60, 5, 6, 2000, NULL, NULL, NULL, '2022-01-29 03:41:31'),
(67, 61, 5, 7, 2000, NULL, NULL, NULL, '2022-01-29 05:47:42'),
(68, 67, 5, 6, 2000, NULL, NULL, NULL, '2022-01-31 10:17:28'),
(69, 69, 5, 6, 2000, NULL, NULL, NULL, '2022-02-06 15:12:55'),
(70, 74, 5, 6, 2000, NULL, NULL, NULL, '2022-02-09 15:58:28'),
(71, 74, 5, 7, 2000, NULL, NULL, NULL, '2022-02-09 15:58:28'),
(72, 78, 5, 6, 2000, NULL, NULL, NULL, '2022-02-12 12:40:01'),
(73, 78, 5, 8, 1000, NULL, NULL, NULL, '2022-02-12 12:40:01'),
(74, 78, 5, 9, 1000, NULL, NULL, NULL, '2022-02-12 12:40:01'),
(75, 78, 5, 16, 1500, NULL, NULL, NULL, '2022-02-12 12:40:01'),
(76, 78, 5, 29, 300, NULL, NULL, NULL, '2022-02-12 12:40:01'),
(77, 79, 5, 6, 2000, NULL, NULL, NULL, '2022-02-12 17:50:44'),
(82, 87, 5, 6, 2000, 2, 235, 7, '2022-03-06 14:49:26'),
(83, 87, 5, 8, 1000, 2, 235, 7, '2022-03-06 14:49:26'),
(84, 87, 5, 14, 750, 2, 235, 7, '2022-03-06 14:49:26'),
(85, 87, 5, 16, 1500, 2, 235, 7, '2022-03-06 14:49:26'),
(86, 87, 5, 6, 2000, 2, 235, 7, '2022-03-06 14:49:26'),
(89, 89, 5, 6, 2000, 184, 237, 4, '2022-03-08 07:11:37'),
(90, 89, 5, 7, 2000, 184, 237, 4, '2022-03-08 07:11:37'),
(96, 91, 5, 6, 2000, 183, 239, 4, '2022-03-12 15:33:19'),
(97, 97, 5, 7, 2000, 2, 263, 6, '2022-03-18 16:34:52'),
(98, 97, 5, 12, 500, 2, 263, 6, '2022-03-18 16:34:52'),
(101, 111, 5, 7, 2000, 218, 291, 4, '2022-05-06 03:14:53'),
(102, 111, 5, 8, 1000, 218, 291, 4, '2022-05-06 03:14:53');

-- --------------------------------------------------------

--
-- Table structure for table `examination_complaints`
--

CREATE TABLE `examination_complaints` (
  `examination_complaints_id` int(10) NOT NULL,
  `examination_id` int(10) NOT NULL,
  `complaints_id` int(10) NOT NULL,
  `eye_left` int(5) NOT NULL DEFAULT '0' COMMENT '0.no,1:yes',
  `eye_right` int(5) NOT NULL DEFAULT '0' COMMENT '0:no,1:yes',
  `eye_be` int(5) NOT NULL DEFAULT '0' COMMENT '0:no,1:yes',
  `remarks` text COLLATE utf8_unicode_ci NOT NULL,
  `temp_id` varchar(200) COLLATE utf8_unicode_ci DEFAULT NULL COMMENT 'ref id',
  `created_date` timestamp NOT NULL DEFAULT CURRENT_TIMESTAMP,
  `updated_date` timestamp NULL DEFAULT NULL ON UPDATE CURRENT_TIMESTAMP
) ENGINE=InnoDB DEFAULT CHARSET=utf8 COLLATE=utf8_unicode_ci;

--
-- Dumping data for table `examination_complaints`
--

INSERT INTO `examination_complaints` (`examination_complaints_id`, `examination_id`, `complaints_id`, `eye_left`, `eye_right`, `eye_be`, `remarks`, `temp_id`, `created_date`, `updated_date`) VALUES
(31, 0, 1, 1, 0, 0, '445454', 'wNXIJ6HC6abT6HTsbavF2HIndEQIkmwNP22', '2021-11-07 04:54:17', NULL),
(32, 0, 3, 0, 0, 0, '5787', 'wNXIJ6HC6abT6HTsbavF2HIndEQIkmwNP22', '2021-11-07 04:54:17', NULL),
(33, 0, 4, 1, 1, 0, '', 'wNXIJ6HC6abT6HTsbavF2HIndEQIkmwNP22', '2021-11-07 04:54:17', NULL),
(34, 0, 1, 1, 0, 0, '445454', 'oczA3fyX6otYWEPvTzch8FHVNUEJCuYJgCt', '2021-11-07 04:56:07', NULL),
(35, 0, 3, 0, 0, 0, '5787', 'oczA3fyX6otYWEPvTzch8FHVNUEJCuYJgCt', '2021-11-07 04:56:07', NULL),
(36, 0, 4, 1, 1, 0, 're', 'oczA3fyX6otYWEPvTzch8FHVNUEJCuYJgCt', '2021-11-07 04:56:07', NULL),
(37, 0, 1, 1, 0, 0, '445454', '2iVd8fxHA61LvV6vUJaDilxDPkyr4GHvi9L', '2021-11-07 05:09:59', NULL),
(38, 0, 3, 0, 0, 0, '5787', '2iVd8fxHA61LvV6vUJaDilxDPkyr4GHvi9L', '2021-11-07 05:09:59', NULL),
(39, 0, 4, 1, 1, 0, 're', '2iVd8fxHA61LvV6vUJaDilxDPkyr4GHvi9L', '2021-11-07 05:09:59', NULL),
(40, 0, 1, 1, 0, 0, '213213', 'lhMLOpZTaWz61As5N8kDWN42a4l8aTYKh2Z', '2021-11-07 05:48:03', NULL),
(41, 0, 3, 0, 1, 0, '', 'lhMLOpZTaWz61As5N8kDWN42a4l8aTYKh2Z', '2021-11-07 05:48:03', NULL),
(42, 0, 4, 0, 1, 0, '213213', 'lhMLOpZTaWz61As5N8kDWN42a4l8aTYKh2Z', '2021-11-07 05:48:03', NULL),
(43, 0, 1, 1, 0, 0, '213213', 'A0zwwgkAqIzM75M8fwcrnewjxqSKg7sCmGO', '2021-11-07 05:48:10', NULL),
(44, 0, 3, 0, 1, 0, '', 'A0zwwgkAqIzM75M8fwcrnewjxqSKg7sCmGO', '2021-11-07 05:48:10', NULL),
(45, 0, 4, 0, 1, 0, '213213', 'A0zwwgkAqIzM75M8fwcrnewjxqSKg7sCmGO', '2021-11-07 05:48:10', NULL),
(46, 0, 1, 1, 0, 0, '213213', 'K75IvZF53tV9TG25ohzd4i2FlAo3ZiRS1eu', '2021-11-07 05:48:24', NULL),
(47, 0, 3, 0, 1, 0, '', 'K75IvZF53tV9TG25ohzd4i2FlAo3ZiRS1eu', '2021-11-07 05:48:24', NULL),
(48, 0, 4, 0, 1, 0, '213213', 'K75IvZF53tV9TG25ohzd4i2FlAo3ZiRS1eu', '2021-11-07 05:48:24', NULL),
(49, 0, 1, 1, 0, 0, '213213', 'cxtf1gcLA1RRvbagdxkqD5PJkI7fCOFb4YP', '2021-11-07 05:48:31', NULL),
(50, 0, 3, 0, 1, 0, '', 'cxtf1gcLA1RRvbagdxkqD5PJkI7fCOFb4YP', '2021-11-07 05:48:31', NULL),
(51, 0, 4, 0, 1, 0, '213213', 'cxtf1gcLA1RRvbagdxkqD5PJkI7fCOFb4YP', '2021-11-07 05:48:31', NULL),
(52, 11, 1, 1, 0, 0, '213213', 'cWnnk5xOaaq8jprmYfkDcFpdH8Otrwk7Ojn', '2021-11-07 05:49:41', '2021-11-07 05:50:03'),
(53, 11, 3, 0, 1, 0, '', 'cWnnk5xOaaq8jprmYfkDcFpdH8Otrwk7Ojn', '2021-11-07 05:49:41', '2021-11-07 05:50:03'),
(54, 11, 4, 0, 1, 0, '213213', 'cWnnk5xOaaq8jprmYfkDcFpdH8Otrwk7Ojn', '2021-11-07 05:49:41', '2021-11-07 05:50:03'),
(55, 12, 13, 1, 0, 0, '2 days', 'PXaPPK0NC5ZxLvHoZQj25pK79sAijdMrsko', '2021-11-07 13:53:56', '2021-11-07 13:55:24'),
(56, 12, 14, 0, 1, 0, '', 'PXaPPK0NC5ZxLvHoZQj25pK79sAijdMrsko', '2021-11-07 13:53:56', '2021-11-07 13:55:24'),
(66, 0, 1, 0, 1, 0, 'rey', 'dp97kwtmT74HWq6GYM9JmFBRiKtJGJsehFb', '2021-11-13 06:59:52', NULL),
(67, 0, 3, 1, 0, 0, 'ty', 'dp97kwtmT74HWq6GYM9JmFBRiKtJGJsehFb', '2021-11-13 06:59:52', NULL),
(68, 0, 4, 0, 1, 0, 'ey', 'dp97kwtmT74HWq6GYM9JmFBRiKtJGJsehFb', '2021-11-13 06:59:52', NULL),
(69, 0, 1, 0, 1, 0, 'rey', 'om14bXVAkAFn0zse1YH0OUC0G0qf3nhVCYO', '2021-11-13 07:00:41', NULL),
(70, 0, 3, 1, 0, 0, 'ty', 'om14bXVAkAFn0zse1YH0OUC0G0qf3nhVCYO', '2021-11-13 07:00:41', NULL),
(71, 0, 4, 0, 1, 0, 'ey', 'om14bXVAkAFn0zse1YH0OUC0G0qf3nhVCYO', '2021-11-13 07:00:41', NULL),
(72, 0, 1, 0, 1, 0, 'rey', 'kC4Kw7LWPEsFFnEgraRhXfdX78oR316uXyR', '2021-11-13 07:01:05', NULL),
(73, 0, 3, 1, 0, 0, 'ty', 'kC4Kw7LWPEsFFnEgraRhXfdX78oR316uXyR', '2021-11-13 07:01:05', NULL),
(74, 0, 4, 0, 1, 0, 'ey', 'kC4Kw7LWPEsFFnEgraRhXfdX78oR316uXyR', '2021-11-13 07:01:05', NULL),
(75, 0, 1, 0, 0, 0, '546456', 'px0Y92gMAtEYCGVOcHWMgsaKF0cuBTK1rgb', '2021-11-13 07:25:31', NULL),
(76, 0, 3, 1, 1, 0, '456456', 'px0Y92gMAtEYCGVOcHWMgsaKF0cuBTK1rgb', '2021-11-13 07:25:31', NULL),
(77, 0, 13, 0, 0, 0, 'af', 'YXnz3hWEOOSq2kyugNHYkOjLtVdPF5OlHrO', '2021-11-13 07:38:47', NULL),
(78, 0, 14, 0, 1, 0, '', 'YXnz3hWEOOSq2kyugNHYkOjLtVdPF5OlHrO', '2021-11-13 07:38:47', NULL),
(79, 0, 13, 0, 0, 0, 'af', 'WVttPJGeBIdFqGsaLKUfn33AvZjXIiYVbSF', '2021-11-13 07:39:23', NULL),
(80, 0, 14, 0, 1, 0, '', 'WVttPJGeBIdFqGsaLKUfn33AvZjXIiYVbSF', '2021-11-13 07:39:23', NULL),
(81, 0, 13, 0, 0, 0, 'af', 'adD6Tk7sdNMXWCeR9c3G8sUAhfRERHhhRhw', '2021-11-13 07:40:02', NULL),
(82, 0, 14, 0, 1, 0, '', 'adD6Tk7sdNMXWCeR9c3G8sUAhfRERHhhRhw', '2021-11-13 07:40:02', NULL),
(83, 0, 13, 1, 1, 0, '12', 'TrPVORidNnRVfCV7WNCPt5I4kw24GKOQL8Q', '2021-11-13 07:43:42', NULL),
(84, 0, 13, 1, 1, 0, '12', '2A7EPWN9DlsDjnw5CsGyiO2fc98UaWyUeE3', '2021-11-13 08:24:46', NULL),
(85, 0, 1, 0, 0, 0, 'dsf', '0IkFmDrcSUtpFvzwAzR2xVDYhrXcsZRxOFc', '2021-11-13 08:28:53', NULL),
(86, 0, 3, 0, 1, 0, 'asfsaf', '0IkFmDrcSUtpFvzwAzR2xVDYhrXcsZRxOFc', '2021-11-13 08:28:53', NULL),
(87, 0, 1, 0, 0, 0, '12', '1kG9HmAI9SjmIdydQdwJKDLkb2LdeBghSKV', '2021-11-13 08:59:29', NULL),
(88, 0, 1, 0, 0, 0, '12', 'OhCBLzQXZ1yrvTiRNrMKlbjpkbBj0ZWqcPr', '2021-11-13 09:04:20', NULL),
(89, 0, 1, 1, 0, 0, '12', 'UyZEgZvw327HNdf78mdOYeqW4taHUHAxKrd', '2021-11-13 09:11:21', NULL),
(90, 13, 1, 1, 0, 0, '1', 'W0jv36Wh1XJ11W39fLVK3Xj2H9PdOcI2SoO', '2021-11-14 14:36:51', '2021-11-14 14:37:28'),
(91, 13, 3, 0, 1, 0, '1', 'W0jv36Wh1XJ11W39fLVK3Xj2H9PdOcI2SoO', '2021-11-14 14:36:51', '2021-11-14 14:37:28'),
(92, 13, 4, 1, 0, 0, '11dsfgse', 'W0jv36Wh1XJ11W39fLVK3Xj2H9PdOcI2SoO', '2021-11-14 14:36:51', '2021-11-14 14:37:28'),
(93, 13, 3, 1, 0, 0, 'qwe', 'KdHPd5886QeAVZGFerrtIWbFvxgihxOa8vF', '2021-11-14 14:59:38', '2021-11-14 15:00:07'),
(94, 13, 5, 1, 0, 0, 'wqe', 'KdHPd5886QeAVZGFerrtIWbFvxgihxOa8vF', '2021-11-14 14:59:38', '2021-11-14 15:00:07'),
(95, 0, 1, 1, 0, 0, '', '6EP9g8bXutV9MXjDFN9n9uvoVC9SF6qaRm0', '2021-11-15 09:39:59', NULL),
(96, 0, 3, 0, 1, 0, '', '6EP9g8bXutV9MXjDFN9n9uvoVC9SF6qaRm0', '2021-11-15 09:39:59', NULL),
(97, 0, 4, 1, 1, 0, '', '6EP9g8bXutV9MXjDFN9n9uvoVC9SF6qaRm0', '2021-11-15 09:39:59', NULL),
(98, 14, 1, 1, 0, 0, '', 'u5aptTKefkxavEBf5GzcW6mEWy9n6c901qL', '2021-11-15 09:40:10', '2021-11-15 09:41:39'),
(99, 14, 3, 0, 1, 0, '', 'u5aptTKefkxavEBf5GzcW6mEWy9n6c901qL', '2021-11-15 09:40:10', '2021-11-15 09:41:39'),
(100, 14, 4, 1, 1, 0, '', 'u5aptTKefkxavEBf5GzcW6mEWy9n6c901qL', '2021-11-15 09:40:10', '2021-11-15 09:41:39'),
(101, 0, 1, 1, 0, 0, '', 'iJV7lqS5N9F88SdlYUi4MJL4hAHNJ3f379H', '2021-11-15 15:00:59', NULL),
(102, 0, 3, 0, 1, 0, '', 'iJV7lqS5N9F88SdlYUi4MJL4hAHNJ3f379H', '2021-11-15 15:00:59', NULL),
(103, 0, 1, 1, 0, 0, '', 'PdjJagkVQnsrACq8eKzHb4N6JC3l81DkGO1', '2021-11-15 15:01:20', NULL),
(104, 0, 3, 0, 1, 0, '', 'PdjJagkVQnsrACq8eKzHb4N6JC3l81DkGO1', '2021-11-15 15:01:20', NULL),
(105, 0, 1, 1, 0, 0, '', '61TKgFaBt1wg7w132nbXEF14h26518APU8t', '2021-11-15 15:01:53', NULL),
(106, 0, 3, 0, 1, 0, '', '61TKgFaBt1wg7w132nbXEF14h26518APU8t', '2021-11-15 15:01:53', NULL),
(107, 0, 1, 1, 0, 0, '', 'tSUnVK7z8znf2W1PN6XD5BZEQI7kO4VK632', '2021-11-15 15:02:04', NULL),
(108, 0, 3, 0, 1, 0, '', 'tSUnVK7z8znf2W1PN6XD5BZEQI7kO4VK632', '2021-11-15 15:02:04', NULL),
(109, 16, 1, 1, 0, 0, '', 'yt0ttwmIBTJ29WB8RYFGtL5m20IvGo5ck6E', '2021-11-15 15:02:23', '2021-11-15 15:06:50'),
(110, 16, 3, 0, 1, 0, '', 'yt0ttwmIBTJ29WB8RYFGtL5m20IvGo5ck6E', '2021-11-15 15:02:23', '2021-11-15 15:06:50'),
(111, 0, 3, 1, 0, 0, 'fef', 'wc4NTS36KjE1i68tiR5OZy6DPvvdiAO3czE', '2021-11-16 16:00:59', NULL),
(112, 0, 4, 0, 1, 0, 'efef', 'wc4NTS36KjE1i68tiR5OZy6DPvvdiAO3czE', '2021-11-16 16:00:59', NULL),
(113, 0, 5, 1, 0, 0, 'efe', 'wc4NTS36KjE1i68tiR5OZy6DPvvdiAO3czE', '2021-11-16 16:00:59', NULL),
(114, 14, 1, 1, 0, 0, '121', 'qfpRiD0zg7dLiSTol7w7g00xtDBmc0c38Kq', '2021-11-16 16:01:41', '2021-11-16 16:01:46'),
(115, 14, 4, 0, 1, 0, '121', 'qfpRiD0zg7dLiSTol7w7g00xtDBmc0c38Kq', '2021-11-16 16:01:41', '2021-11-16 16:01:46'),
(116, 14, 6, 1, 0, 0, '1212', 'qfpRiD0zg7dLiSTol7w7g00xtDBmc0c38Kq', '2021-11-16 16:01:41', '2021-11-16 16:01:46'),
(117, 14, 1, 1, 0, 0, '121', 'm9n3vt5pg5fY5Y6qdMDM62bL05D55TP537u', '2021-11-17 13:28:50', '2021-11-17 13:28:59'),
(118, 14, 4, 0, 1, 0, '121', 'm9n3vt5pg5fY5Y6qdMDM62bL05D55TP537u', '2021-11-17 13:28:50', '2021-11-17 13:28:59'),
(119, 14, 6, 1, 0, 0, '1212', 'm9n3vt5pg5fY5Y6qdMDM62bL05D55TP537u', '2021-11-17 13:28:50', '2021-11-17 13:28:59'),
(120, 14, 1, 1, 0, 0, '121', '43fMqEV4ljao64fWO3qDbLXyVtMfUaOUBwp', '2021-11-17 14:14:04', '2021-11-17 14:14:22'),
(121, 14, 4, 0, 1, 0, '121', '43fMqEV4ljao64fWO3qDbLXyVtMfUaOUBwp', '2021-11-17 14:14:04', '2021-11-17 14:14:22'),
(122, 14, 6, 1, 0, 0, '1212', '43fMqEV4ljao64fWO3qDbLXyVtMfUaOUBwp', '2021-11-17 14:14:04', '2021-11-17 14:14:22'),
(123, 0, 1, 1, 0, 0, '121', '1s9dM6vZf9s3nzwqR1tFLoPugD272SlcFEU', '2021-11-17 14:20:32', NULL),
(124, 0, 4, 0, 1, 0, '121', '1s9dM6vZf9s3nzwqR1tFLoPugD272SlcFEU', '2021-11-17 14:20:32', NULL),
(125, 0, 6, 1, 0, 0, '1212', '1s9dM6vZf9s3nzwqR1tFLoPugD272SlcFEU', '2021-11-17 14:20:32', NULL),
(129, 0, 1, 1, 0, 0, '121', 'k7GjbNN3BBD5iY8bc9K7dQiX91c325WrVtm', '2021-11-17 14:29:59', NULL),
(130, 0, 4, 0, 1, 0, '121', 'k7GjbNN3BBD5iY8bc9K7dQiX91c325WrVtm', '2021-11-17 14:29:59', NULL),
(131, 0, 6, 1, 0, 0, '1212', 'k7GjbNN3BBD5iY8bc9K7dQiX91c325WrVtm', '2021-11-17 14:29:59', NULL),
(132, 0, 1, 1, 0, 0, '121', 'VbvxyzxxTGbe3lmNIPqA6WgFXY93mHYYhOL', '2021-11-17 14:34:46', NULL),
(133, 0, 4, 0, 1, 0, '121', 'VbvxyzxxTGbe3lmNIPqA6WgFXY93mHYYhOL', '2021-11-17 14:34:46', NULL),
(134, 0, 6, 1, 0, 0, '1212', 'VbvxyzxxTGbe3lmNIPqA6WgFXY93mHYYhOL', '2021-11-17 14:34:46', NULL),
(135, 14, 1, 1, 0, 0, '121', 'jRs292J7nlS1TSGZq7cEeMAlAQbte6z9ofp', '2021-11-17 15:25:09', '2021-11-17 15:25:12'),
(136, 14, 4, 0, 1, 0, '121', 'jRs292J7nlS1TSGZq7cEeMAlAQbte6z9ofp', '2021-11-17 15:25:09', '2021-11-17 15:25:12'),
(137, 14, 6, 1, 0, 0, '1212', 'jRs292J7nlS1TSGZq7cEeMAlAQbte6z9ofp', '2021-11-17 15:25:09', '2021-11-17 15:25:12'),
(138, 0, 17, 0, 0, 0, '12', 'nv1eq3n7146F16eMu7MGxloON83477EM13T', '2021-11-21 05:05:12', NULL),
(139, 0, 19, 0, 0, 0, '12', 'nv1eq3n7146F16eMu7MGxloON83477EM13T', '2021-11-21 05:05:12', NULL),
(140, 0, 20, 0, 0, 0, '12', 'nv1eq3n7146F16eMu7MGxloON83477EM13T', '2021-11-21 05:05:12', NULL),
(141, 17, 17, 0, 1, 0, '12', '4Rm87zw5RX14Z15AtNJQbmXwyp2GgtrI04t', '2021-11-21 05:05:27', '2021-11-21 05:06:11'),
(142, 17, 18, 1, 1, 0, '', '4Rm87zw5RX14Z15AtNJQbmXwyp2GgtrI04t', '2021-11-21 05:05:27', '2021-11-21 05:06:11'),
(143, 17, 19, 1, 0, 0, '12', '4Rm87zw5RX14Z15AtNJQbmXwyp2GgtrI04t', '2021-11-21 05:05:27', '2021-11-21 05:06:11'),
(144, 17, 20, 0, 0, 0, '12', '4Rm87zw5RX14Z15AtNJQbmXwyp2GgtrI04t', '2021-11-21 05:05:27', '2021-11-21 05:06:11'),
(145, 18, 17, 1, 0, 0, '2 months', 'kkalBPE5yLQ3N75ygieCRDyeLQzR0p8yZ33', '2021-11-21 05:16:45', '2021-11-21 05:23:04'),
(146, 18, 18, 0, 1, 0, '1 month', 'kkalBPE5yLQ3N75ygieCRDyeLQzR0p8yZ33', '2021-11-21 05:16:45', '2021-11-21 05:23:04'),
(147, 18, 22, 1, 1, 0, '', 'kkalBPE5yLQ3N75ygieCRDyeLQzR0p8yZ33', '2021-11-21 05:16:45', '2021-11-21 05:23:04'),
(148, 18, 23, 1, 1, 0, '', 'kkalBPE5yLQ3N75ygieCRDyeLQzR0p8yZ33', '2021-11-21 05:16:45', '2021-11-21 05:23:04'),
(149, 18, 24, 1, 1, 0, '', 'kkalBPE5yLQ3N75ygieCRDyeLQzR0p8yZ33', '2021-11-21 05:16:45', '2021-11-21 05:23:04'),
(150, 19, 17, 1, 0, 0, 'since 3 days', 'RcxTtaCMpRz0tnsLNKwB7qBq3c3v3wFs7md', '2021-11-21 05:38:15', '2021-11-21 05:39:51'),
(151, 19, 18, 0, 1, 0, 'since 3 days', 'RcxTtaCMpRz0tnsLNKwB7qBq3c3v3wFs7md', '2021-11-21 05:38:15', '2021-11-21 05:39:51'),
(152, 19, 19, 1, 1, 0, 'since 3 days', 'RcxTtaCMpRz0tnsLNKwB7qBq3c3v3wFs7md', '2021-11-21 05:38:15', '2021-11-21 05:39:51'),
(153, 20, 28, 1, 0, 0, '121', 'PVV2wusoAD5hukF0so0JcsXj5X8g5qcQ6Un', '2021-11-21 06:15:51', '2021-11-21 06:16:08'),
(154, 21, 17, 1, 0, 0, '', 'ipUoQK4Xtn8uzSYyn160WiHyvQwR2vZhW9b', '2021-11-21 10:06:48', '2021-11-21 10:09:44'),
(155, 21, 18, 0, 1, 0, '', 'ipUoQK4Xtn8uzSYyn160WiHyvQwR2vZhW9b', '2021-11-21 10:06:48', '2021-11-21 10:09:44'),
(156, 21, 20, 1, 1, 0, '', 'ipUoQK4Xtn8uzSYyn160WiHyvQwR2vZhW9b', '2021-11-21 10:06:48', '2021-11-21 10:09:44'),
(157, 22, 17, 1, 0, 0, '', 'Cw266eLIw83MfDb3KB9HO0p4Mcg9C694MtY', '2021-11-21 10:20:58', '2021-11-21 10:21:57'),
(158, 22, 19, 1, 1, 0, '', 'Cw266eLIw83MfDb3KB9HO0p4Mcg9C694MtY', '2021-11-21 10:20:58', '2021-11-21 10:21:57'),
(159, 22, 22, 1, 1, 0, '', 'Cw266eLIw83MfDb3KB9HO0p4Mcg9C694MtY', '2021-11-21 10:20:58', '2021-11-21 10:21:57'),
(160, 23, 17, 1, 1, 0, '', 'mMT65GIwiAqz40gTiuog1ON3FetgMGFgqQC', '2021-11-21 10:32:54', '2021-11-21 10:33:05'),
(161, 23, 18, 1, 0, 0, '', 'mMT65GIwiAqz40gTiuog1ON3FetgMGFgqQC', '2021-11-21 10:32:54', '2021-11-21 10:33:05'),
(162, 23, 19, 0, 1, 0, '', 'mMT65GIwiAqz40gTiuog1ON3FetgMGFgqQC', '2021-11-21 10:32:54', '2021-11-21 10:33:05'),
(163, 23, 22, 1, 0, 0, '', 'mMT65GIwiAqz40gTiuog1ON3FetgMGFgqQC', '2021-11-21 10:32:54', '2021-11-21 10:33:05'),
(164, 24, 17, 1, 0, 0, '', '0E0fD6KY825KB4VeH7NzmIo3iajSZHtJ5JS', '2021-11-21 14:42:43', '2021-11-21 14:44:22'),
(165, 24, 18, 0, 1, 0, '', '0E0fD6KY825KB4VeH7NzmIo3iajSZHtJ5JS', '2021-11-21 14:42:43', '2021-11-21 14:44:22'),
(166, 24, 19, 1, 1, 0, '', '0E0fD6KY825KB4VeH7NzmIo3iajSZHtJ5JS', '2021-11-21 14:42:43', '2021-11-21 14:44:22'),
(167, 25, 17, 0, 1, 0, 'dgdrg', 'fTYWP2xtmW5bkq474CbIEIRJ17EPBik5uIA', '2021-11-23 06:25:46', '2021-11-23 06:26:33'),
(168, 25, 19, 1, 0, 0, 'fhfhsrgh', 'fTYWP2xtmW5bkq474CbIEIRJ17EPBik5uIA', '2021-11-23 06:25:46', '2021-11-23 06:26:33'),
(169, 27, 17, 1, 0, 0, '4 years', 'cv5vpbX1kHDuFPIHD6dze6b29RK71K6C6K6', '2021-11-25 07:14:19', '2021-11-25 07:17:12'),
(170, 27, 18, 0, 1, 0, '4 years', 'cv5vpbX1kHDuFPIHD6dze6b29RK71K6C6K6', '2021-11-25 07:14:19', '2021-11-25 07:17:12'),
(171, 27, 20, 1, 0, 0, '4 years', 'cv5vpbX1kHDuFPIHD6dze6b29RK71K6C6K6', '2021-11-25 07:14:19', '2021-11-25 07:17:12'),
(172, 27, 22, 1, 0, 0, '', 'cv5vpbX1kHDuFPIHD6dze6b29RK71K6C6K6', '2021-11-25 07:14:19', '2021-11-25 07:17:12'),
(173, 28, 17, 1, 0, 0, '', '805m8YQyR5q7Z672Bz3naST72gEfytV1Y6n', '2021-11-25 07:34:39', '2021-11-25 07:35:17'),
(174, 28, 18, 0, 1, 0, '', '805m8YQyR5q7Z672Bz3naST72gEfytV1Y6n', '2021-11-25 07:34:39', '2021-11-25 07:35:17'),
(175, 29, 17, 1, 0, 0, '', 'ir8LL1RF2BBVw9X14u9q5zxZrhLa1w6b1dS', '2021-11-26 07:36:39', '2021-11-26 07:38:06'),
(176, 29, 20, 0, 1, 0, '', 'ir8LL1RF2BBVw9X14u9q5zxZrhLa1w6b1dS', '2021-11-26 07:36:39', '2021-11-26 07:38:06'),
(177, 30, 17, 1, 1, 0, '5 days', 'ln05baLMLF3JQDG210Kx0NgHiJri8lyH806', '2021-11-28 04:25:01', '2021-11-28 04:28:49'),
(178, 30, 18, 1, 0, 0, '', 'ln05baLMLF3JQDG210Kx0NgHiJri8lyH806', '2021-11-28 04:25:01', '2021-11-28 04:28:49'),
(179, 30, 20, 0, 1, 0, '', 'ln05baLMLF3JQDG210Kx0NgHiJri8lyH806', '2021-11-28 04:25:01', '2021-11-28 04:28:49'),
(180, 31, 17, 1, 0, 0, '2', 'mVyQ2koiFUw0Xek8lgmhfB6V2NNaVe0pxPF', '2021-11-29 16:16:10', '2021-11-29 16:17:18'),
(181, 31, 18, 0, 1, 0, '2', 'mVyQ2koiFUw0Xek8lgmhfB6V2NNaVe0pxPF', '2021-11-29 16:16:10', '2021-11-29 16:17:18'),
(182, 31, 19, 1, 1, 0, '2', 'mVyQ2koiFUw0Xek8lgmhfB6V2NNaVe0pxPF', '2021-11-29 16:16:10', '2021-11-29 16:17:18'),
(183, 32, 17, 1, 0, 0, '', 'XR6bVVZzFg1sIc7Pyb3xrLTqG0ZZmG3N8E7', '2021-12-12 04:24:33', '2021-12-12 04:25:56'),
(184, 32, 18, 0, 1, 0, '', 'XR6bVVZzFg1sIc7Pyb3xrLTqG0ZZmG3N8E7', '2021-12-12 04:24:33', '2021-12-12 04:25:56'),
(185, 34, 17, 1, 1, 0, '6 months', 'mEzdN48lxnyxcHwFuPwlLH8IA84bpmOe1Ha', '2021-12-17 12:03:04', '2021-12-17 12:03:56'),
(186, 34, 25, 1, 0, 0, '5 days', 'mEzdN48lxnyxcHwFuPwlLH8IA84bpmOe1Ha', '2021-12-17 12:03:04', '2021-12-17 12:03:56'),
(187, 35, 17, 0, 1, 0, '', '1yA1Me6J9Mzptj4Z02Sh5IUsX92J5wH5o53', '2021-12-21 16:31:36', '2021-12-21 16:31:54'),
(188, 35, 18, 0, 0, 0, '12', '1yA1Me6J9Mzptj4Z02Sh5IUsX92J5wH5o53', '2021-12-21 16:31:36', '2021-12-21 16:31:54'),
(189, 35, 19, 1, 0, 0, '21212', '1yA1Me6J9Mzptj4Z02Sh5IUsX92J5wH5o53', '2021-12-21 16:31:36', '2021-12-21 16:31:54'),
(190, 35, 20, 1, 0, 0, '12', '1yA1Me6J9Mzptj4Z02Sh5IUsX92J5wH5o53', '2021-12-21 16:31:36', '2021-12-21 16:31:54'),
(191, 36, 17, 0, 1, 0, '', 'LK9Lae3v85bRW1GQSiNMGaIIPlgk9d6oQC5', '2021-12-22 14:58:29', '2021-12-22 14:59:14'),
(192, 36, 19, 0, 0, 0, '213123', 'LK9Lae3v85bRW1GQSiNMGaIIPlgk9d6oQC5', '2021-12-22 14:58:29', '2021-12-22 14:59:14'),
(193, 36, 17, 0, 1, 0, '', 'X0fO6i11847mkFm0lqvSlKbNNAa1htSoZ5R', '2021-12-22 14:59:52', '2021-12-22 15:00:03'),
(194, 36, 18, 0, 1, 0, '12312dfdsgfdsfg', 'X0fO6i11847mkFm0lqvSlKbNNAa1htSoZ5R', '2021-12-22 14:59:52', '2021-12-22 15:00:03'),
(195, 36, 19, 0, 0, 0, '213123', 'X0fO6i11847mkFm0lqvSlKbNNAa1htSoZ5R', '2021-12-22 14:59:52', '2021-12-22 15:00:03'),
(196, 36, 20, 0, 0, 0, '213213', 'X0fO6i11847mkFm0lqvSlKbNNAa1htSoZ5R', '2021-12-22 14:59:52', '2021-12-22 15:00:03'),
(197, 37, 17, 1, 1, 0, '', 'ZtZs2Ewzz6f5CTA5Xq21BrE3G4mranRudu2', '2021-12-23 07:23:07', '2021-12-23 07:23:23'),
(198, 37, 18, 1, 1, 0, '', 'ZtZs2Ewzz6f5CTA5Xq21BrE3G4mranRudu2', '2021-12-23 07:23:07', '2021-12-23 07:23:23'),
(199, 38, 17, 1, 0, 0, '', 'nART0vTkZr5cI9l1QKC4fLOmlgAEOMI87qT', '2021-12-23 11:01:45', '2021-12-23 11:01:57'),
(200, 38, 18, 0, 1, 0, '', 'nART0vTkZr5cI9l1QKC4fLOmlgAEOMI87qT', '2021-12-23 11:01:45', '2021-12-23 11:01:57'),
(201, 39, 17, 0, 0, 0, '213', 'LuR6Ab2zMT413pdKGtXdRPxSQawqJvzd8B0', '2021-12-23 15:19:45', '2021-12-23 15:20:07'),
(202, 39, 18, 1, 0, 0, '213', 'LuR6Ab2zMT413pdKGtXdRPxSQawqJvzd8B0', '2021-12-23 15:19:45', '2021-12-23 15:20:07'),
(203, 39, 19, 0, 1, 0, '213', 'LuR6Ab2zMT413pdKGtXdRPxSQawqJvzd8B0', '2021-12-23 15:19:45', '2021-12-23 15:20:07'),
(204, 39, 20, 0, 0, 0, '213', 'LuR6Ab2zMT413pdKGtXdRPxSQawqJvzd8B0', '2021-12-23 15:19:45', '2021-12-23 15:20:07'),
(205, 39, 29, 0, 0, 0, '123', 'LuR6Ab2zMT413pdKGtXdRPxSQawqJvzd8B0', '2021-12-23 15:19:45', '2021-12-23 15:20:07'),
(206, 40, 17, 1, 1, 0, '', 'o67R0AyW2O9kr0a402YNz0Ht2Zgh0VicES8', '2021-12-24 05:57:50', '2021-12-24 05:58:45'),
(207, 40, 18, 1, 0, 0, '', 'o67R0AyW2O9kr0a402YNz0Ht2Zgh0VicES8', '2021-12-24 05:57:50', '2021-12-24 05:58:45'),
(208, 40, 19, 0, 1, 0, '', 'o67R0AyW2O9kr0a402YNz0Ht2Zgh0VicES8', '2021-12-24 05:57:50', '2021-12-24 05:58:45'),
(209, 41, 17, 1, 0, 0, '', 'SLjTb3V0wTm0P6Soyc4Rg4QFD1S9XBniY26', '2021-12-24 06:01:03', '2021-12-24 06:01:10'),
(210, 41, 18, 0, 1, 0, '', 'SLjTb3V0wTm0P6Soyc4Rg4QFD1S9XBniY26', '2021-12-24 06:01:03', '2021-12-24 06:01:10'),
(211, 42, 17, 1, 0, 0, '', 'KlilH5q3mT2vrfDJAisfz36Dl6091rUG5zc', '2021-12-24 06:10:11', '2021-12-24 06:11:27'),
(212, 42, 18, 0, 1, 0, '', 'KlilH5q3mT2vrfDJAisfz36Dl6091rUG5zc', '2021-12-24 06:10:11', '2021-12-24 06:11:27'),
(213, 42, 19, 1, 1, 0, '', 'KlilH5q3mT2vrfDJAisfz36Dl6091rUG5zc', '2021-12-24 06:10:11', '2021-12-24 06:11:27'),
(214, 43, 17, 1, 0, 1, 'sdfasf', 'Fhl71AlS6kLEOV6KdgbkL4rqqpZ7YD720HZ', '2021-12-25 04:47:08', '2021-12-25 04:47:34'),
(215, 43, 18, 0, 1, 0, '', 'Fhl71AlS6kLEOV6KdgbkL4rqqpZ7YD720HZ', '2021-12-25 04:47:08', '2021-12-25 04:47:34'),
(216, 43, 19, 0, 0, 1, 'dfasfs', 'Fhl71AlS6kLEOV6KdgbkL4rqqpZ7YD720HZ', '2021-12-25 04:47:08', '2021-12-25 04:47:34'),
(217, 43, 20, 0, 0, 0, 'fdsfdas', 'Fhl71AlS6kLEOV6KdgbkL4rqqpZ7YD720HZ', '2021-12-25 04:47:08', '2021-12-25 04:47:34'),
(218, 0, 17, 0, 0, 1, '', 'sj09R1NIsm3rG8hW0Z90Jb6MNgUsoioKmSk', '2021-12-26 06:33:03', NULL),
(219, 0, 18, 1, 0, 0, '', 'sj09R1NIsm3rG8hW0Z90Jb6MNgUsoioKmSk', '2021-12-26 06:33:03', NULL),
(220, 0, 17, 0, 0, 1, '', 'Re1uS4qrN4FwGYomEOzVBIroPa4PjoT6yT4', '2021-12-26 06:33:28', NULL),
(221, 0, 18, 1, 0, 0, '', 'Re1uS4qrN4FwGYomEOzVBIroPa4PjoT6yT4', '2021-12-26 06:33:28', NULL),
(222, 0, 17, 0, 0, 1, '', '5FWVkJVkw2opCC0ba1xLCsY597cAuRX8IX1', '2021-12-26 06:33:43', NULL),
(223, 0, 18, 1, 0, 0, '', '5FWVkJVkw2opCC0ba1xLCsY597cAuRX8IX1', '2021-12-26 06:33:43', NULL),
(224, 44, 17, 0, 0, 1, '', 'ra6kyV9eL23d4E6drVr5ym1P00hwtb0agu5', '2021-12-26 06:36:53', '2021-12-26 06:37:33'),
(225, 44, 18, 1, 0, 0, '', 'ra6kyV9eL23d4E6drVr5ym1P00hwtb0agu5', '2021-12-26 06:36:53', '2021-12-26 06:37:33'),
(226, 0, 17, 1, 0, 0, '', 'Ly6tzUl05Nm8XpznN1t035KHIqI4i545n53', '2021-12-26 06:49:15', NULL),
(227, 0, 18, 0, 1, 0, '', 'Ly6tzUl05Nm8XpznN1t035KHIqI4i545n53', '2021-12-26 06:49:15', NULL),
(228, 0, 19, 0, 0, 1, '', 'Ly6tzUl05Nm8XpznN1t035KHIqI4i545n53', '2021-12-26 06:49:15', NULL),
(229, 45, 17, 1, 0, 0, '', '0V90ZILdX64JuGFaD3uR19ctcicFXJXJ34y', '2021-12-26 06:50:36', '2021-12-26 06:50:49'),
(230, 45, 18, 0, 1, 0, '', '0V90ZILdX64JuGFaD3uR19ctcicFXJXJ34y', '2021-12-26 06:50:36', '2021-12-26 06:50:49'),
(231, 45, 19, 0, 0, 1, '', '0V90ZILdX64JuGFaD3uR19ctcicFXJXJ34y', '2021-12-26 06:50:36', '2021-12-26 06:50:49'),
(232, 0, 17, 0, 0, 0, '21312', 'CF8ozpa4Bm791PExWO8BaURG7RmdiV891K1', '2021-12-27 15:21:59', NULL),
(233, 0, 18, 0, 0, 0, '213', 'CF8ozpa4Bm791PExWO8BaURG7RmdiV891K1', '2021-12-27 15:21:59', NULL),
(234, 0, 19, 0, 0, 0, '213', 'CF8ozpa4Bm791PExWO8BaURG7RmdiV891K1', '2021-12-27 15:21:59', NULL),
(235, 0, 20, 1, 0, 1, '2', 'CF8ozpa4Bm791PExWO8BaURG7RmdiV891K1', '2021-12-27 15:21:59', NULL),
(236, 0, 17, 1, 1, 0, '1', 'uriPD8IEsR5kLy05lNPA0VnU68cv6Q87AR1', '2021-12-27 15:28:18', NULL),
(237, 0, 18, 0, 1, 0, '12', 'uriPD8IEsR5kLy05lNPA0VnU68cv6Q87AR1', '2021-12-27 15:28:18', NULL),
(238, 0, 19, 0, 0, 0, '1212', 'uriPD8IEsR5kLy05lNPA0VnU68cv6Q87AR1', '2021-12-27 15:28:18', NULL),
(239, 0, 20, 1, 0, 1, '1212', 'uriPD8IEsR5kLy05lNPA0VnU68cv6Q87AR1', '2021-12-27 15:28:18', NULL),
(240, 0, 17, 1, 0, 0, '2dsf', 'Y5tnWqg989Ufnm9G9Aiu4wbvSwCK6izl6xq', '2021-12-27 15:29:54', NULL),
(241, 0, 18, 1, 0, 0, '121', 'Y5tnWqg989Ufnm9G9Aiu4wbvSwCK6izl6xq', '2021-12-27 15:29:54', NULL),
(242, 0, 19, 0, 0, 1, 'sfa', 'Y5tnWqg989Ufnm9G9Aiu4wbvSwCK6izl6xq', '2021-12-27 15:29:54', NULL),
(243, 0, 20, 1, 0, 0, 'rqwr', 'Y5tnWqg989Ufnm9G9Aiu4wbvSwCK6izl6xq', '2021-12-27 15:29:54', NULL),
(244, 0, 17, 1, 0, 0, '2dsf', 'lnSIt0fMx0Q670CYasW6HHbI601eXWJb807', '2021-12-27 15:30:24', NULL),
(245, 0, 18, 1, 0, 0, '121', 'lnSIt0fMx0Q670CYasW6HHbI601eXWJb807', '2021-12-27 15:30:24', NULL),
(246, 0, 19, 0, 0, 1, 'sfa', 'lnSIt0fMx0Q670CYasW6HHbI601eXWJb807', '2021-12-27 15:30:24', NULL),
(247, 0, 20, 1, 0, 0, 'rqwr', 'lnSIt0fMx0Q670CYasW6HHbI601eXWJb807', '2021-12-27 15:30:24', NULL),
(248, 0, 17, 1, 0, 0, '12', '5036K0dBs3fozzq4U8igxolLonG4nZ01Pz6', '2021-12-27 15:37:33', NULL),
(249, 0, 18, 1, 0, 1, '12', '5036K0dBs3fozzq4U8igxolLonG4nZ01Pz6', '2021-12-27 15:37:33', NULL),
(250, 0, 19, 0, 0, 1, '12', '5036K0dBs3fozzq4U8igxolLonG4nZ01Pz6', '2021-12-27 15:37:33', NULL),
(251, 0, 20, 0, 0, 0, '213', '5036K0dBs3fozzq4U8igxolLonG4nZ01Pz6', '2021-12-27 15:37:33', NULL),
(252, 0, 17, 1, 0, 0, '12', '0epCaz1n3Qv0qM1lg6PJCYs1s5J6nUoi13w', '2021-12-27 15:37:58', NULL),
(253, 0, 18, 1, 0, 1, '12', '0epCaz1n3Qv0qM1lg6PJCYs1s5J6nUoi13w', '2021-12-27 15:37:58', NULL),
(254, 0, 19, 0, 0, 1, '12', '0epCaz1n3Qv0qM1lg6PJCYs1s5J6nUoi13w', '2021-12-27 15:37:58', NULL),
(255, 0, 20, 0, 0, 0, '213', '0epCaz1n3Qv0qM1lg6PJCYs1s5J6nUoi13w', '2021-12-27 15:37:58', NULL),
(256, 0, 28, 1, 0, 1, 'rtyrty', '61Og60fCZiUv7l51j1iw111XBDpG6P0eXEB', '2021-12-27 15:39:05', NULL),
(257, 0, 30, 0, 0, 0, 'rtyrty', '61Og60fCZiUv7l51j1iw111XBDpG6P0eXEB', '2021-12-27 15:39:05', NULL),
(258, 47, 24, 0, 0, 1, '12', 'LfixDv5q16uw9b8jVPCT14f2AYE48SzQiM1', '2022-01-02 04:06:58', '2022-01-02 04:07:24'),
(259, 47, 25, 1, 0, 1, '121', 'LfixDv5q16uw9b8jVPCT14f2AYE48SzQiM1', '2022-01-02 04:06:58', '2022-01-02 04:07:24'),
(260, 0, 17, 1, 0, 0, '5 days', 'mGrt3hugBhSX8BTt5LJkv5us51zpxRBW7qp', '2022-01-02 05:48:51', NULL),
(261, 0, 18, 0, 0, 1, '5 days', 'mGrt3hugBhSX8BTt5LJkv5us51zpxRBW7qp', '2022-01-02 05:48:51', NULL),
(262, 48, 17, 1, 0, 0, '5 days', '6Dyi6v8V62E5HBbWcYo3VvelXBD0pQI6wye', '2022-01-02 05:49:45', '2022-01-02 05:51:02'),
(263, 48, 18, 0, 0, 1, '5 days', '6Dyi6v8V62E5HBbWcYo3VvelXBD0pQI6wye', '2022-01-02 05:49:45', '2022-01-02 05:51:02'),
(264, 49, 17, 0, 0, 1, '10 DAYS', 'wKjEOr1naCJv15aAgFnD42rJ1hGBSlppwOK', '2022-01-02 05:55:23', '2022-01-02 05:56:47'),
(265, 49, 18, 1, 0, 0, '5 DAYS', 'wKjEOr1naCJv15aAgFnD42rJ1hGBSlppwOK', '2022-01-02 05:55:23', '2022-01-02 05:56:47'),
(266, 49, 19, 0, 1, 0, '15 DAYS', 'wKjEOr1naCJv15aAgFnD42rJ1hGBSlppwOK', '2022-01-02 05:55:23', '2022-01-02 05:56:47'),
(267, 50, 17, 0, 0, 1, 'sad', 'bt80G3U7RO8cNwPtienUrYg4z4Oh62ic8Uo', '2022-01-02 07:08:37', '2022-01-02 07:08:59'),
(268, 50, 18, 0, 0, 0, 'asd', 'bt80G3U7RO8cNwPtienUrYg4z4Oh62ic8Uo', '2022-01-02 07:08:37', '2022-01-02 07:08:59'),
(269, 50, 19, 1, 0, 1, 'zsd', 'bt80G3U7RO8cNwPtienUrYg4z4Oh62ic8Uo', '2022-01-02 07:08:37', '2022-01-02 07:08:59'),
(273, 52, 17, 1, 0, 1, '', '4I88UfN941RKd8d9m1hCmpz6TcG0tRqC2J1', '2022-01-03 14:57:19', '2022-01-03 14:58:55'),
(274, 52, 24, 1, 0, 0, '', '4I88UfN941RKd8d9m1hCmpz6TcG0tRqC2J1', '2022-01-03 14:57:19', '2022-01-03 14:58:55'),
(275, 52, 25, 0, 0, 1, '', '4I88UfN941RKd8d9m1hCmpz6TcG0tRqC2J1', '2022-01-03 14:57:19', '2022-01-03 14:58:55'),
(276, 0, 17, 1, 0, 1, '', 'H3ndsd7FSURIj22YO8Ba2R4J221J22ECZpl', '2022-01-03 15:04:01', NULL),
(277, 0, 24, 1, 0, 0, '', 'H3ndsd7FSURIj22YO8Ba2R4J221J22ECZpl', '2022-01-03 15:04:01', NULL),
(278, 0, 25, 0, 0, 1, '', 'H3ndsd7FSURIj22YO8Ba2R4J221J22ECZpl', '2022-01-03 15:04:01', NULL),
(279, 53, 17, 1, 0, 0, '', '175Eoj5cLA4Uk49bDQsR2CPGr96fWXdp5q6', '2022-01-07 09:54:17', '2022-01-07 09:55:41'),
(280, 53, 18, 0, 1, 0, '', '175Eoj5cLA4Uk49bDQsR2CPGr96fWXdp5q6', '2022-01-07 09:54:17', '2022-01-07 09:55:41'),
(281, 0, 17, 1, 0, 0, '5 days', 'B8pD9TCsTg3n8OOCuUVE9VdAHcSfCWztMV7', '2022-01-11 14:53:59', NULL),
(282, 0, 17, 1, 0, 0, '', '50hCkjZcs85Bx4K56Gt0s0IqLue0jtGhyt9', '2022-01-13 16:24:20', NULL),
(283, 0, 18, 0, 1, 0, '', '50hCkjZcs85Bx4K56Gt0s0IqLue0jtGhyt9', '2022-01-13 16:24:20', NULL),
(284, 0, 19, 0, 0, 1, '', '50hCkjZcs85Bx4K56Gt0s0IqLue0jtGhyt9', '2022-01-13 16:24:20', NULL),
(285, 0, 17, 1, 0, 0, '', 'MOK80GmvAK8qkb4XytUix4GV8IG4zfqWP2r', '2022-01-13 16:43:18', NULL),
(286, 0, 18, 0, 1, 0, '', 'MOK80GmvAK8qkb4XytUix4GV8IG4zfqWP2r', '2022-01-13 16:43:18', NULL),
(287, 54, 22, 1, 0, 0, '5 days', '2rkQzYc2eDyBgwGC1PNrJ6oZrmw27nh5D9L', '2022-01-18 16:19:43', '2022-01-18 16:22:20'),
(288, 55, 17, 1, 0, 0, '', '7ni6Jdl6ml9O8iY65BrR1JPfhXf9G94rw0w', '2022-01-19 07:09:59', '2022-01-19 07:12:36'),
(289, 55, 18, 0, 0, 1, '', '7ni6Jdl6ml9O8iY65BrR1JPfhXf9G94rw0w', '2022-01-19 07:09:59', '2022-01-19 07:12:36'),
(290, 56, 17, 0, 0, 1, '1 month', 'Y90qbgS1p2EcqNuqnN75638930n6HhNKpA5', '2022-01-19 09:13:50', '2022-01-19 09:13:54'),
(291, 56, 17, 0, 0, 1, '1 month', 'p9yg6a84kM617myl071F2ZBH7MSEQwqy51R', '2022-01-19 09:15:14', '2022-01-19 09:15:38'),
(292, 56, 18, 1, 0, 0, '', 'p9yg6a84kM617myl071F2ZBH7MSEQwqy51R', '2022-01-19 09:15:14', '2022-01-19 09:15:38'),
(293, 56, 19, 0, 1, 0, '', 'p9yg6a84kM617myl071F2ZBH7MSEQwqy51R', '2022-01-19 09:15:14', '2022-01-19 09:15:38'),
(294, 57, 17, 1, 1, 0, '30 DAYS', 'UqVtLpUvF16P2J2oNnHiWOKGul23M7T182J', '2022-01-19 12:42:06', '2022-01-19 12:43:35'),
(295, 60, 17, 1, 0, 0, '', '3jks5PR220CYzzyWMicUjeePf3y3QFI2BIC', '2022-01-29 03:36:50', '2022-01-29 03:40:16'),
(296, 60, 18, 0, 0, 1, '', '3jks5PR220CYzzyWMicUjeePf3y3QFI2BIC', '2022-01-29 03:36:50', '2022-01-29 03:40:16'),
(297, 60, 19, 1, 0, 0, '', '3jks5PR220CYzzyWMicUjeePf3y3QFI2BIC', '2022-01-29 03:36:50', '2022-01-29 03:40:16'),
(298, 60, 20, 0, 0, 1, '', '3jks5PR220CYzzyWMicUjeePf3y3QFI2BIC', '2022-01-29 03:36:50', '2022-01-29 03:40:16'),
(299, 61, 19, 0, 0, 1, '', '4Pps1PRTK84fAQXYbijiP3t3E8iO246Zx48', '2022-01-29 03:43:23', '2022-01-29 03:46:09'),
(300, 0, 17, 1, 0, 0, '10 DAYS', 'RtwDi89lntOAD30Hq365Ii9U0GH83PfP0X9', '2022-01-29 05:42:39', NULL),
(301, 0, 22, 0, 1, 0, '5 days', 'RtwDi89lntOAD30Hq365Ii9U0GH83PfP0X9', '2022-01-29 05:42:39', NULL),
(302, 63, 17, 1, 0, 0, '10 DAYS', 'H4efqdgbHwDdmb3TB1l3u2J8JlH61r34gXO', '2022-01-29 05:43:03', '2022-01-29 05:44:43'),
(303, 63, 22, 0, 1, 0, '5 days', 'H4efqdgbHwDdmb3TB1l3u2J8JlH61r34gXO', '2022-01-29 05:43:03', '2022-01-29 05:44:43'),
(304, 0, 18, 0, 1, 0, '', 'muNwT3KDe9KN567KlCMJusIVHKyKI416Rzw', '2022-01-31 10:11:55', NULL),
(305, 0, 18, 0, 1, 0, '', '9uh7Wv1FVqa9qTmOVvh9hMwFNMh417Or0wg', '2022-01-31 10:13:23', NULL),
(306, 0, 17, 1, 0, 0, '', 'VpYksiIHl6K0N2a19T4mL6VakT16457g4q7', '2022-02-06 14:06:51', NULL),
(307, 0, 18, 0, 1, 0, '', 'VpYksiIHl6K0N2a19T4mL6VakT16457g4q7', '2022-02-06 14:06:51', NULL),
(308, 0, 19, 0, 0, 1, '', 'VpYksiIHl6K0N2a19T4mL6VakT16457g4q7', '2022-02-06 14:06:51', NULL),
(309, 69, 17, 1, 0, 0, '', 'Xu2J4446vTV6Fojkl2Pq879xGLG60m6dGXu', '2022-02-06 14:08:02', '2022-02-06 14:12:23'),
(310, 69, 18, 0, 1, 0, '', 'Xu2J4446vTV6Fojkl2Pq879xGLG60m6dGXu', '2022-02-06 14:08:02', '2022-02-06 14:12:23'),
(311, 69, 19, 0, 0, 1, '', 'Xu2J4446vTV6Fojkl2Pq879xGLG60m6dGXu', '2022-02-06 14:08:02', '2022-02-06 14:12:23'),
(312, 79, 17, 1, 0, 0, '', 'cR0WKHYBZa4iLFV45DyedIPVN8665Hg2HtU', '2022-02-12 17:48:25', '2022-02-12 17:49:38'),
(313, 79, 18, 0, 1, 0, '', 'cR0WKHYBZa4iLFV45DyedIPVN8665Hg2HtU', '2022-02-12 17:48:25', '2022-02-12 17:49:38'),
(314, 79, 19, 0, 0, 1, '', 'cR0WKHYBZa4iLFV45DyedIPVN8665Hg2HtU', '2022-02-12 17:48:25', '2022-02-12 17:49:38'),
(315, 0, 27, 0, 0, 0, '121', 'ZF1DF9G16nO9gWS0IQO1ZGS4EJBhwwrQ6Hm', '2022-02-13 16:31:51', NULL),
(316, 0, 28, 1, 1, 0, '', 'ZF1DF9G16nO9gWS0IQO1ZGS4EJBhwwrQ6Hm', '2022-02-13 16:31:51', NULL),
(317, 0, 29, 0, 0, 0, '12', 'ZF1DF9G16nO9gWS0IQO1ZGS4EJBhwwrQ6Hm', '2022-02-13 16:31:51', NULL),
(318, 0, 30, 0, 1, 0, '12', 'ZF1DF9G16nO9gWS0IQO1ZGS4EJBhwwrQ6Hm', '2022-02-13 16:31:51', NULL),
(319, 0, 31, 0, 0, 0, '12', 'ZF1DF9G16nO9gWS0IQO1ZGS4EJBhwwrQ6Hm', '2022-02-13 16:31:51', NULL),
(320, 0, 17, 1, 0, 0, '123', 'X27p4ZD6ul0JL7B16kKqvD1LXpBk143Yzit', '2022-02-13 16:35:16', NULL),
(321, 0, 18, 0, 0, 1, '213', 'X27p4ZD6ul0JL7B16kKqvD1LXpBk143Yzit', '2022-02-13 16:35:16', NULL),
(322, 0, 20, 0, 0, 0, '123', 'X27p4ZD6ul0JL7B16kKqvD1LXpBk143Yzit', '2022-02-13 16:35:16', NULL),
(323, 0, 17, 1, 0, 0, '123', 'jSh7lnMEDGYmb6XhZmYKmlpc64s2HtttxvT', '2022-02-13 16:37:18', NULL),
(324, 0, 18, 0, 0, 1, '213', 'jSh7lnMEDGYmb6XhZmYKmlpc64s2HtttxvT', '2022-02-13 16:37:18', NULL),
(325, 0, 20, 0, 0, 0, '123', 'jSh7lnMEDGYmb6XhZmYKmlpc64s2HtttxvT', '2022-02-13 16:37:18', NULL),
(326, 0, 17, 1, 0, 0, 'tret', 'IDf1pa4Se22iUHu4It42V2gUFtKFPH3Y014', '2022-02-13 16:38:41', NULL),
(327, 0, 18, 0, 1, 0, 'ert', 'IDf1pa4Se22iUHu4It42V2gUFtKFPH3Y014', '2022-02-13 16:38:41', NULL),
(328, 0, 19, 1, 0, 0, 'retre', 'IDf1pa4Se22iUHu4It42V2gUFtKFPH3Y014', '2022-02-13 16:38:41', NULL),
(329, 0, 17, 1, 0, 0, 'tret', 'Fc4ZlORcgZ65v4KAt4eK3F0dqeKMmD0GEi4', '2022-02-13 16:40:00', NULL),
(330, 0, 18, 0, 1, 0, 'ert', 'Fc4ZlORcgZ65v4KAt4eK3F0dqeKMmD0GEi4', '2022-02-13 16:40:00', NULL),
(331, 0, 19, 1, 0, 0, 'retre', 'Fc4ZlORcgZ65v4KAt4eK3F0dqeKMmD0GEi4', '2022-02-13 16:40:00', NULL),
(332, 0, 17, 1, 0, 0, 'tret', '1C8gZhWEHIawDptG3741T34HCf8xPKvXbYx', '2022-02-13 16:40:49', NULL),
(333, 0, 18, 0, 1, 0, 'ert', '1C8gZhWEHIawDptG3741T34HCf8xPKvXbYx', '2022-02-13 16:40:49', NULL),
(334, 0, 19, 1, 0, 0, 'retre', '1C8gZhWEHIawDptG3741T34HCf8xPKvXbYx', '2022-02-13 16:40:49', NULL),
(335, 0, 17, 1, 0, 0, 'tret', 'K1F9Z34TW77lJgigJNasxSl71DR84HTb0L2', '2022-02-13 16:41:17', NULL),
(336, 0, 18, 0, 1, 0, 'ert', 'K1F9Z34TW77lJgigJNasxSl71DR84HTb0L2', '2022-02-13 16:41:17', NULL),
(337, 0, 19, 1, 0, 0, 'retre', 'K1F9Z34TW77lJgigJNasxSl71DR84HTb0L2', '2022-02-13 16:41:17', NULL),
(338, 0, 17, 1, 0, 0, 'tret', 'yqxj3oMuAtPm0Qn7ccj77M2lCmNuskzOtmQ', '2022-02-13 16:42:01', NULL),
(339, 0, 18, 0, 1, 0, 'ert', 'yqxj3oMuAtPm0Qn7ccj77M2lCmNuskzOtmQ', '2022-02-13 16:42:01', NULL),
(340, 0, 19, 1, 0, 0, 'retre', 'yqxj3oMuAtPm0Qn7ccj77M2lCmNuskzOtmQ', '2022-02-13 16:42:01', NULL),
(341, 0, 17, 1, 0, 0, 'tret', 'KnwR1bPZm3X445QO8u6Dsnu2fVajk15dlAT', '2022-02-13 16:42:15', NULL),
(342, 0, 18, 0, 1, 0, 'ert', 'KnwR1bPZm3X445QO8u6Dsnu2fVajk15dlAT', '2022-02-13 16:42:15', NULL),
(343, 0, 19, 1, 0, 0, 'retre', 'KnwR1bPZm3X445QO8u6Dsnu2fVajk15dlAT', '2022-02-13 16:42:15', NULL),
(344, 0, 17, 0, 0, 0, '`12`12', '4Qv4nKz7o16LqiTQ4qZd7MbG0ZFkZ20F1be', '2022-02-13 16:42:56', NULL),
(345, 0, 18, 1, 0, 0, 'werwqeqw', '4Qv4nKz7o16LqiTQ4qZd7MbG0ZFkZ20F1be', '2022-02-13 16:42:56', NULL),
(346, 0, 19, 0, 0, 0, '`12`1', '4Qv4nKz7o16LqiTQ4qZd7MbG0ZFkZ20F1be', '2022-02-13 16:42:56', NULL),
(347, 0, 17, 0, 0, 0, '1', 's7KvcN4x9N196QHnIF7zVeIMupeqATBazbM', '2022-02-13 16:43:15', NULL),
(348, 0, 18, 1, 0, 0, 'werwqeqw', 's7KvcN4x9N196QHnIF7zVeIMupeqATBazbM', '2022-02-13 16:43:15', NULL),
(349, 0, 19, 0, 0, 0, '`12`1', 's7KvcN4x9N196QHnIF7zVeIMupeqATBazbM', '2022-02-13 16:43:15', NULL),
(350, 0, 17, 0, 0, 0, 'ret', 'uMmDvbnJrgDsYY0gBsFXKsJBF5GP7Y4lY46', '2022-02-13 16:44:31', NULL),
(351, 0, 18, 1, 0, 0, 'ret', 'uMmDvbnJrgDsYY0gBsFXKsJBF5GP7Y4lY46', '2022-02-13 16:44:31', NULL),
(352, 0, 19, 0, 0, 1, 'ret', 'uMmDvbnJrgDsYY0gBsFXKsJBF5GP7Y4lY46', '2022-02-13 16:44:31', NULL),
(353, 0, 20, 1, 0, 0, 'retret betb ret', 'uMmDvbnJrgDsYY0gBsFXKsJBF5GP7Y4lY46', '2022-02-13 16:44:31', NULL),
(354, 0, 17, 1, 0, 0, ' c', '6zy5fH4L09Gg5Y3Pi13qbd2gf7qgo5pYwWR', '2022-02-13 16:46:07', NULL),
(355, 0, 18, 0, 1, 0, 'dsfdsfsd', '6zy5fH4L09Gg5Y3Pi13qbd2gf7qgo5pYwWR', '2022-02-13 16:46:07', NULL),
(356, 0, 19, 0, 0, 1, 'fdsf', '6zy5fH4L09Gg5Y3Pi13qbd2gf7qgo5pYwWR', '2022-02-13 16:46:07', NULL),
(357, 0, 20, 1, 0, 0, 'dsfdsf', '6zy5fH4L09Gg5Y3Pi13qbd2gf7qgo5pYwWR', '2022-02-13 16:46:07', NULL),
(358, 83, 17, 1, 0, 0, '213', 'SF9gF020sd7oPru11I5Ll1HGlf2eDbv045Q', '2022-02-17 15:21:29', '2022-02-17 15:21:38'),
(359, 83, 18, 1, 0, 0, '21321', 'SF9gF020sd7oPru11I5Ll1HGlf2eDbv045Q', '2022-02-17 15:21:29', '2022-02-17 15:21:38'),
(360, 83, 19, 0, 0, 0, '3213', 'SF9gF020sd7oPru11I5Ll1HGlf2eDbv045Q', '2022-02-17 15:21:29', '2022-02-17 15:21:38'),
(361, 83, 20, 0, 0, 1, '', 'SF9gF020sd7oPru11I5Ll1HGlf2eDbv045Q', '2022-02-17 15:21:29', '2022-02-17 15:21:38'),
(362, 84, 17, 1, 0, 0, '12', 'V9ypIzVyRuCWI9Ba4P1DOnU8X5P5gxSlE6X', '2022-02-18 17:36:39', '2022-02-18 17:36:50'),
(363, 84, 18, 0, 0, 1, 'sdwq', 'V9ypIzVyRuCWI9Ba4P1DOnU8X5P5gxSlE6X', '2022-02-18 17:36:39', '2022-02-18 17:36:50'),
(364, 84, 19, 1, 0, 0, '', 'V9ypIzVyRuCWI9Ba4P1DOnU8X5P5gxSlE6X', '2022-02-18 17:36:39', '2022-02-18 17:36:50'),
(365, 84, 20, 0, 0, 0, 'wqeqw', 'V9ypIzVyRuCWI9Ba4P1DOnU8X5P5gxSlE6X', '2022-02-18 17:36:39', '2022-02-18 17:36:50'),
(366, 85, 17, 1, 0, 1, '5 days', 'FrwbmauSmHOW28RmR76L63rb7nwW81pPOPj', '2022-02-19 15:44:57', '2022-02-19 15:48:33'),
(367, 87, 17, 0, 1, 0, '121', 'uXX6n15KCnhT3ecUL5XQbVHB2WDQ527YaP1', '2022-03-06 14:07:12', '2022-03-06 14:07:53'),
(368, 87, 18, 0, 0, 0, '212', 'uXX6n15KCnhT3ecUL5XQbVHB2WDQ527YaP1', '2022-03-06 14:07:12', '2022-03-06 14:07:53'),
(369, 89, 17, 1, 0, 0, '', 'E5O69Y1pWLl87r9v7DOF5Sjg7Y14ZU6ozt2', '2022-03-08 07:02:54', '2022-03-08 07:05:13'),
(370, 89, 18, 0, 0, 1, '', 'E5O69Y1pWLl87r9v7DOF5Sjg7Y14ZU6ozt2', '2022-03-08 07:02:54', '2022-03-08 07:05:13'),
(371, 90, 17, 1, 0, 0, '', 'H6X1KOXsUz1e51QvRR55ytq9q3248444Jjz', '2022-03-10 06:53:39', '2022-03-10 06:53:53'),
(372, 90, 18, 0, 1, 0, '', 'H6X1KOXsUz1e51QvRR55ytq9q3248444Jjz', '2022-03-10 06:53:39', '2022-03-10 06:53:53'),
(373, 90, 19, 0, 0, 1, '', 'H6X1KOXsUz1e51QvRR55ytq9q3248444Jjz', '2022-03-10 06:53:39', '2022-03-10 06:53:53'),
(374, 91, 17, 1, 0, 0, '', '6L9b2oN0LIn3ripuM1eP180hd54O0ttMAmu', '2022-03-12 04:33:04', '2022-03-12 04:34:19'),
(375, 91, 18, 0, 1, 0, '', '6L9b2oN0LIn3ripuM1eP180hd54O0ttMAmu', '2022-03-12 04:33:04', '2022-03-12 04:34:19'),
(376, 91, 17, 1, 0, 0, '', 'Yu4E2nMMClrC782gJBtDLSITjE2POXFe059', '2022-03-12 15:15:52', '2022-03-12 15:15:57'),
(377, 91, 18, 0, 1, 0, '', 'Yu4E2nMMClrC782gJBtDLSITjE2POXFe059', '2022-03-12 15:15:52', '2022-03-12 15:15:57'),
(378, 91, 17, 1, 0, 0, '', 'rV1Em1Z9C0Cux7mw37eR9KqfXxen736QQLx', '2022-03-12 15:18:51', '2022-03-12 15:19:00'),
(379, 91, 18, 0, 1, 0, '', 'rV1Em1Z9C0Cux7mw37eR9KqfXxen736QQLx', '2022-03-12 15:18:51', '2022-03-12 15:19:00'),
(380, 0, 17, 1, 0, 0, '12', 'Qk0HnLzUYZHC9gg50aV111O61yGiF6LXE80', '2022-03-13 13:56:20', NULL),
(381, 0, 18, 0, 0, 0, '12', 'Qk0HnLzUYZHC9gg50aV111O61yGiF6LXE80', '2022-03-13 13:56:20', NULL),
(382, 0, 19, 0, 0, 0, '12', 'Qk0HnLzUYZHC9gg50aV111O61yGiF6LXE80', '2022-03-13 13:56:20', NULL),
(383, 0, 20, 0, 1, 1, '12', 'Qk0HnLzUYZHC9gg50aV111O61yGiF6LXE80', '2022-03-13 13:56:20', NULL),
(384, 92, 17, 1, 0, 0, '567', '929366xeqEU154id8l4LnPIigiKba8Wzyle', '2022-03-13 13:58:50', '2022-03-13 13:59:07'),
(385, 92, 18, 0, 0, 0, '567', '929366xeqEU154id8l4LnPIigiKba8Wzyle', '2022-03-13 13:58:50', '2022-03-13 13:59:07'),
(386, 92, 19, 0, 0, 0, '567', '929366xeqEU154id8l4LnPIigiKba8Wzyle', '2022-03-13 13:58:50', '2022-03-13 13:59:07'),
(387, 92, 20, 0, 1, 0, '', '929366xeqEU154id8l4LnPIigiKba8Wzyle', '2022-03-13 13:58:50', '2022-03-13 13:59:07'),
(388, 93, 17, 1, 0, 0, '', 'SNWodQ9So8737T8IXGhRuzVj9zTJNyC5672', '2022-03-14 10:06:50', '2022-03-14 10:35:24'),
(389, 93, 18, 0, 0, 1, '', 'SNWodQ9So8737T8IXGhRuzVj9zTJNyC5672', '2022-03-14 10:06:50', '2022-03-14 10:35:24'),
(390, 93, 19, 0, 0, 1, '', 'SNWodQ9So8737T8IXGhRuzVj9zTJNyC5672', '2022-03-14 10:06:50', '2022-03-14 10:35:24'),
(391, 94, 17, 1, 0, 0, '12', 'K0QG1ycC5K465UNliAj1yrWBWFfnh8Le17K', '2022-03-14 17:21:58', '2022-03-14 17:22:27'),
(392, 94, 18, 0, 1, 0, '12', 'K0QG1ycC5K465UNliAj1yrWBWFfnh8Le17K', '2022-03-14 17:21:58', '2022-03-14 17:22:27'),
(393, 94, 19, 1, 0, 0, '12', 'K0QG1ycC5K465UNliAj1yrWBWFfnh8Le17K', '2022-03-14 17:21:58', '2022-03-14 17:22:27'),
(394, 0, 17, 1, 0, 0, '', 'MneXIv8r5E5zp8RqYBhTP5f95yg135BikuF', '2022-03-15 03:10:52', NULL),
(395, 0, 18, 0, 0, 1, '', 'MneXIv8r5E5zp8RqYBhTP5f95yg135BikuF', '2022-03-15 03:10:52', NULL),
(396, 0, 19, 0, 1, 0, '', 'MneXIv8r5E5zp8RqYBhTP5f95yg135BikuF', '2022-03-15 03:10:52', NULL),
(397, 97, 17, 1, 0, 0, '5 days', 'M7sMM2tS4882441txaWfl1cizT16cjK5nDF', '2022-03-18 16:26:54', '2022-03-18 16:30:50'),
(398, 97, 18, 0, 0, 1, '30 DAYS', 'M7sMM2tS4882441txaWfl1cizT16cjK5nDF', '2022-03-18 16:26:54', '2022-03-18 16:30:50'),
(399, 97, 20, 1, 0, 0, '', 'M7sMM2tS4882441txaWfl1cizT16cjK5nDF', '2022-03-18 16:26:54', '2022-03-18 16:30:50'),
(400, 101, 17, 1, 0, 0, '', 'Q86X8DwKVyzG96X8l28cl3cdaZpxp6148W9', '2022-04-01 16:17:33', '2022-04-01 16:56:22'),
(401, 101, 18, 0, 0, 1, '', 'Q86X8DwKVyzG96X8l28cl3cdaZpxp6148W9', '2022-04-01 16:17:33', '2022-04-01 16:56:22'),
(402, 0, 17, 1, 1, 0, '5 days', 'p73BUQGorfX30R9RGlNZjT9DJZeUP1635t2', '2022-04-01 17:18:38', NULL),
(403, 0, 18, 0, 0, 1, '', 'p73BUQGorfX30R9RGlNZjT9DJZeUP1635t2', '2022-04-01 17:18:38', NULL),
(404, 0, 19, 1, 0, 0, '', 'p73BUQGorfX30R9RGlNZjT9DJZeUP1635t2', '2022-04-01 17:18:38', NULL),
(405, 0, 20, 0, 1, 0, '', 'p73BUQGorfX30R9RGlNZjT9DJZeUP1635t2', '2022-04-01 17:18:38', NULL),
(406, 105, 17, 1, 0, 0, '', 'H8VB3z68196S1VMnQT9cVU3D2eA9WXi1DX3', '2022-04-05 04:12:13', '2022-04-05 04:12:21'),
(407, 0, 17, 1, 0, 0, '', 'B3mbI3CEq2ARkqe0I0ljHW27Fqy0566Ue98', '2022-04-18 10:22:09', NULL),
(408, 0, 18, 0, 0, 1, '', 'B3mbI3CEq2ARkqe0I0ljHW27Fqy0566Ue98', '2022-04-18 10:22:09', NULL),
(409, 0, 19, 0, 1, 0, '', 'B3mbI3CEq2ARkqe0I0ljHW27Fqy0566Ue98', '2022-04-18 10:22:09', NULL),
(410, 0, 20, 0, 0, 1, '', 'B3mbI3CEq2ARkqe0I0ljHW27Fqy0566Ue98', '2022-04-18 10:22:09', NULL),
(411, 111, 18, 1, 0, 0, '10', '0ME1GYOJnwET0x3xUGiFoLW81o85Op818Xs', '2022-05-06 03:05:34', '2022-05-06 03:07:58');

-- --------------------------------------------------------

--
-- Table structure for table `examination_eye`
--

CREATE TABLE `examination_eye` (
  `examination_eye_id` int(10) NOT NULL,
  `examination_id` int(10) NOT NULL,
  `eye_complaints_id` int(10) NOT NULL,
  `lefteye` text COLLATE utf8_unicode_ci NOT NULL,
  `righteye` text COLLATE utf8_unicode_ci NOT NULL,
  `temp_id` varchar(200) COLLATE utf8_unicode_ci DEFAULT NULL COMMENT 'ref id',
  `created_date` timestamp NOT NULL DEFAULT CURRENT_TIMESTAMP,
  `updated_date` timestamp NULL DEFAULT NULL ON UPDATE CURRENT_TIMESTAMP
) ENGINE=InnoDB DEFAULT CHARSET=utf8 COLLATE=utf8_unicode_ci;

--
-- Dumping data for table `examination_eye`
--

INSERT INTO `examination_eye` (`examination_eye_id`, `examination_id`, `eye_complaints_id`, `lefteye`, `righteye`, `temp_id`, `created_date`, `updated_date`) VALUES
(8, 5, 1, '2', '1', 'Piad8CiB9D4UKaXtozNqeow5rsxF4DOpE20', '2021-10-15 09:08:53', NULL),
(9, 5, 3, '4', '3', 'Piad8CiB9D4UKaXtozNqeow5rsxF4DOpE20', '2021-10-15 09:08:53', NULL),
(21, 1, 1, '', 'rtte5t', 'hH3V142MLzKTrBVwso1zEP3fQwdHY9CYpQC', '2021-10-17 15:33:58', NULL),
(22, 1, 3, 'asf', '', 'hH3V142MLzKTrBVwso1zEP3fQwdHY9CYpQC', '2021-10-17 15:33:58', NULL),
(23, 1, 4, '', 'sfsdf', 'hH3V142MLzKTrBVwso1zEP3fQwdHY9CYpQC', '2021-10-17 15:33:58', NULL),
(24, 1, 6, 'ertre', '', 'hH3V142MLzKTrBVwso1zEP3fQwdHY9CYpQC', '2021-10-17 15:33:58', NULL),
(25, 1, 7, 'tretre', '', 'hH3V142MLzKTrBVwso1zEP3fQwdHY9CYpQC', '2021-10-17 15:33:58', NULL),
(26, 1, 8, '', 'sdfa', 'hH3V142MLzKTrBVwso1zEP3fQwdHY9CYpQC', '2021-10-17 15:33:58', NULL),
(31, 2, 1, '21', '121', 'rAsQgYnkk7OeSPAIk2kZycUIH33JuX67Jv9', '2021-10-17 15:37:25', NULL),
(32, 2, 3, '121', '212', 'rAsQgYnkk7OeSPAIk2kZycUIH33JuX67Jv9', '2021-10-17 15:37:25', NULL),
(33, 2, 6, '12', '', 'rAsQgYnkk7OeSPAIk2kZycUIH33JuX67Jv9', '2021-10-17 15:37:25', NULL),
(34, 2, 7, '12', '', 'rAsQgYnkk7OeSPAIk2kZycUIH33JuX67Jv9', '2021-10-17 15:37:25', NULL),
(35, 4, 1, '213213', '', 'Eb6DaK2oKX0XHjpWrAUSXvpqF8cG9fXazIe', '2021-10-17 16:01:36', NULL),
(36, 4, 4, '123', '213123', 'Eb6DaK2oKX0XHjpWrAUSXvpqF8cG9fXazIe', '2021-10-17 16:01:36', NULL),
(37, 4, 7, '', '123', 'Eb6DaK2oKX0XHjpWrAUSXvpqF8cG9fXazIe', '2021-10-17 16:01:36', NULL),
(38, 4, 8, '213', '', 'Eb6DaK2oKX0XHjpWrAUSXvpqF8cG9fXazIe', '2021-10-17 16:01:36', NULL),
(39, 3, 1, 'pciol', 'cataract', 'Rnvj96ByabpO5HOpKXRkisVyJc6nN8hHCvd', '2021-10-17 16:02:40', NULL),
(40, 3, 4, '', 'normal', 'Rnvj96ByabpO5HOpKXRkisVyJc6nN8hHCvd', '2021-10-17 16:02:40', NULL),
(41, 6, 1, 'SICS', 'CATARACT', 'MBHSdzMMOL5KnXhG4rCl7MJhrGbqAUCKvin', '2021-10-26 14:10:22', NULL),
(42, 6, 3, 'NORMAL', 'NORMAL', 'MBHSdzMMOL5KnXhG4rCl7MJhrGbqAUCKvin', '2021-10-26 14:10:22', NULL),
(43, 6, 8, 'NORMAL', 'NORMAL', 'MBHSdzMMOL5KnXhG4rCl7MJhrGbqAUCKvin', '2021-10-26 14:10:22', NULL),
(49, 8, 1, '11cxvcxv', '1', 'QXkQdYKJ9CVeTJw5uVgoTCya92ldmJinP6c', '2021-10-30 15:59:04', NULL),
(50, 8, 3, '', '1', 'QXkQdYKJ9CVeTJw5uVgoTCya92ldmJinP6c', '2021-10-30 15:59:04', NULL),
(51, 8, 4, '1', '', 'QXkQdYKJ9CVeTJw5uVgoTCya92ldmJinP6c', '2021-10-30 15:59:04', NULL),
(52, 8, 6, '1', '', 'QXkQdYKJ9CVeTJw5uVgoTCya92ldmJinP6c', '2021-10-30 15:59:04', NULL),
(53, 8, 7, '', '1', 'QXkQdYKJ9CVeTJw5uVgoTCya92ldmJinP6c', '2021-10-30 15:59:04', NULL),
(56, 11, 1, '', '113', 'cWnnk5xOaaq8jprmYfkDcFpdH8Otrwk7Ojn', '2021-11-07 05:50:18', NULL),
(57, 11, 3, '', '1313', 'cWnnk5xOaaq8jprmYfkDcFpdH8Otrwk7Ojn', '2021-11-07 05:50:18', NULL),
(58, 12, 1, 'sics', 'cataract', 'PXaPPK0NC5ZxLvHoZQj25pK79sAijdMrsko', '2021-11-07 13:57:13', NULL),
(59, 12, 4, 'normal', 'normal', 'PXaPPK0NC5ZxLvHoZQj25pK79sAijdMrsko', '2021-11-07 13:57:13', NULL),
(66, 13, 1, '', 'drwq', 'KdHPd5886QeAVZGFerrtIWbFvxgihxOa8vF', '2021-11-14 15:00:07', NULL),
(67, 13, 3, '', 'wqrqw', 'KdHPd5886QeAVZGFerrtIWbFvxgihxOa8vF', '2021-11-14 15:00:07', NULL),
(68, 13, 7, 'rqwr', '', 'KdHPd5886QeAVZGFerrtIWbFvxgihxOa8vF', '2021-11-14 15:00:07', NULL),
(91, 16, 1, 'pciol', 'cataract', 'yt0ttwmIBTJ29WB8RYFGtL5m20IvGo5ck6E', '2021-11-19 15:30:00', NULL),
(92, 16, 4, 'normal', 'normal', 'yt0ttwmIBTJ29WB8RYFGtL5m20IvGo5ck6E', '2021-11-19 15:30:00', NULL),
(105, 14, 1, 'CATARACT', 'CATARACT', 'jRs292J7nlS1TSGZq7cEeMAlAQbte6z9ofp', '2021-11-20 18:33:49', NULL),
(106, 14, 6, 'vfhf', 'dd', 'jRs292J7nlS1TSGZq7cEeMAlAQbte6z9ofp', '2021-11-20 18:33:49', NULL),
(107, 14, 8, '', 'df', 'jRs292J7nlS1TSGZq7cEeMAlAQbte6z9ofp', '2021-11-20 18:33:49', NULL),
(123, 18, 1, 'PCIOL', 'CATARACT ', 'kkalBPE5yLQ3N75ygieCRDyeLQzR0p8yZ33', '2021-11-21 05:29:08', NULL),
(124, 18, 4, 'NORMAL', 'NORMAL', 'kkalBPE5yLQ3N75ygieCRDyeLQzR0p8yZ33', '2021-11-21 05:29:08', NULL),
(125, 18, 8, 'CLEAR', 'CLEAR', 'kkalBPE5yLQ3N75ygieCRDyeLQzR0p8yZ33', '2021-11-21 05:29:08', NULL),
(126, 19, 1, 'pciol', 'cataract', 'RcxTtaCMpRz0tnsLNKwB7qBq3c3v3wFs7md', '2021-11-21 05:41:49', NULL),
(127, 19, 4, '', 'NORMAL', 'RcxTtaCMpRz0tnsLNKwB7qBq3c3v3wFs7md', '2021-11-21 05:41:49', NULL),
(128, 19, 8, '', 'cataract', 'RcxTtaCMpRz0tnsLNKwB7qBq3c3v3wFs7md', '2021-11-21 05:41:49', NULL),
(164, 20, 1, 'dsf', '', 'PVV2wusoAD5hukF0so0JcsXj5X8g5qcQ6Un', '2021-11-21 06:26:36', NULL),
(165, 20, 4, '', 'sdfsdf', 'PVV2wusoAD5hukF0so0JcsXj5X8g5qcQ6Un', '2021-11-21 06:26:36', NULL),
(170, 21, 1, 'CATARACT', 'CATARACT', 'ipUoQK4Xtn8uzSYyn160WiHyvQwR2vZhW9b', '2021-11-21 10:10:41', NULL),
(171, 22, 1, 'CATARACT', 'CATARACT', 'Cw266eLIw83MfDb3KB9HO0p4Mcg9C694MtY', '2021-11-21 10:25:01', NULL),
(174, 23, 1, 'CATARACT', 'CATARACT', 'mMT65GIwiAqz40gTiuog1ON3FetgMGFgqQC', '2021-11-21 10:44:03', NULL),
(178, 17, 1, 'werwer', 'dfg', '4Rm87zw5RX14Z15AtNJQbmXwyp2GgtrI04t', '2021-11-21 14:37:29', NULL),
(179, 17, 6, 'fdg', '', '4Rm87zw5RX14Z15AtNJQbmXwyp2GgtrI04t', '2021-11-21 14:37:29', NULL),
(180, 17, 7, '', '12', '4Rm87zw5RX14Z15AtNJQbmXwyp2GgtrI04t', '2021-11-21 14:37:29', NULL),
(181, 24, 1, 'CATARACT', 'CATARACT', '0E0fD6KY825KB4VeH7NzmIo3iajSZHtJ5JS', '2021-11-21 14:44:22', NULL),
(184, 27, 1, 'RETINA', 'CATARACT', 'cv5vpbX1kHDuFPIHD6dze6b29RK71K6C6K6', '2021-11-25 07:21:12', NULL),
(185, 27, 4, 'NORMAL', 'NORMAL', 'cv5vpbX1kHDuFPIHD6dze6b29RK71K6C6K6', '2021-11-25 07:21:12', NULL),
(188, 28, 1, 'RETINA', 'CATARACT', '805m8YQyR5q7Z672Bz3naST72gEfytV1Y6n', '2021-11-25 07:39:21', NULL),
(189, 28, 8, 'clear', 'clear', '805m8YQyR5q7Z672Bz3naST72gEfytV1Y6n', '2021-11-25 07:39:21', NULL),
(191, 29, 1, '', 'CATARACT', 'ir8LL1RF2BBVw9X14u9q5zxZrhLa1w6b1dS', '2021-11-26 07:40:13', NULL),
(192, 29, 4, '', 'CATARACT', 'ir8LL1RF2BBVw9X14u9q5zxZrhLa1w6b1dS', '2021-11-26 07:40:13', NULL),
(196, 30, 1, 'CATARACT', 'CATARACT', 'ln05baLMLF3JQDG210Kx0NgHiJri8lyH806', '2021-11-28 04:31:08', NULL),
(197, 30, 4, 'NORMAL', 'NORMAL', 'ln05baLMLF3JQDG210Kx0NgHiJri8lyH806', '2021-11-28 04:31:08', NULL),
(198, 30, 6, 'FREE', 'FREE', 'ln05baLMLF3JQDG210Kx0NgHiJri8lyH806', '2021-11-28 04:31:08', NULL),
(200, 34, 8, '', 'ULSER', 'mEzdN48lxnyxcHwFuPwlLH8IA84bpmOe1Ha', '2021-12-17 12:08:36', NULL),
(216, 35, 3, '21', '2', '1yA1Me6J9Mzptj4Z02Sh5IUsX92J5wH5o53', '2021-12-22 15:06:44', NULL),
(217, 35, 4, '', '121', '1yA1Me6J9Mzptj4Z02Sh5IUsX92J5wH5o53', '2021-12-22 15:06:44', NULL),
(218, 35, 7, '21', '', '1yA1Me6J9Mzptj4Z02Sh5IUsX92J5wH5o53', '2021-12-22 15:06:44', NULL),
(222, 36, 3, '123', '', 'X0fO6i11847mkFm0lqvSlKbNNAa1htSoZ5R', '2021-12-22 15:10:08', NULL),
(223, 36, 4, '', '213123', 'X0fO6i11847mkFm0lqvSlKbNNAa1htSoZ5R', '2021-12-22 15:10:08', NULL),
(224, 36, 8, '21323', '', 'X0fO6i11847mkFm0lqvSlKbNNAa1htSoZ5R', '2021-12-22 15:10:08', NULL),
(229, 37, 1, '', '3213', 'ZtZs2Ewzz6f5CTA5Xq21BrE3G4mranRudu2', '2021-12-23 15:17:10', NULL),
(230, 37, 3, '213213', '', 'ZtZs2Ewzz6f5CTA5Xq21BrE3G4mranRudu2', '2021-12-23 15:17:10', NULL),
(231, 37, 4, '', '12321', 'ZtZs2Ewzz6f5CTA5Xq21BrE3G4mranRudu2', '2021-12-23 15:17:10', NULL),
(232, 37, 8, '213', '', 'ZtZs2Ewzz6f5CTA5Xq21BrE3G4mranRudu2', '2021-12-23 15:17:10', NULL),
(242, 39, 1, '213', '3123', 'LuR6Ab2zMT413pdKGtXdRPxSQawqJvzd8B0', '2021-12-23 15:22:23', NULL),
(243, 39, 6, '123', '123', 'LuR6Ab2zMT413pdKGtXdRPxSQawqJvzd8B0', '2021-12-23 15:22:23', NULL),
(244, 39, 8, '123', '', 'LuR6Ab2zMT413pdKGtXdRPxSQawqJvzd8B0', '2021-12-23 15:22:23', NULL),
(247, 40, 1, '', 'cataract', 'o67R0AyW2O9kr0a402YNz0Ht2Zgh0VicES8', '2021-12-24 06:01:35', NULL),
(248, 43, 1, '', '12', 'Fhl71AlS6kLEOV6KdgbkL4rqqpZ7YD720HZ', '2021-12-25 04:47:34', NULL),
(249, 43, 4, '', '12', 'Fhl71AlS6kLEOV6KdgbkL4rqqpZ7YD720HZ', '2021-12-25 04:47:34', NULL),
(250, 43, 8, '12', '', 'Fhl71AlS6kLEOV6KdgbkL4rqqpZ7YD720HZ', '2021-12-25 04:47:34', NULL),
(256, 47, 1, '12', '', 'LfixDv5q16uw9b8jVPCT14f2AYE48SzQiM1', '2022-01-02 06:00:15', NULL),
(263, 50, 3, '21', '', 'bt80G3U7RO8cNwPtienUrYg4z4Oh62ic8Uo', '2022-01-02 07:27:07', NULL),
(264, 50, 7, '2', '121', 'bt80G3U7RO8cNwPtienUrYg4z4Oh62ic8Uo', '2022-01-02 07:27:07', NULL),
(275, 49, 1, 'normal', 'cataract', 'wKjEOr1naCJv15aAgFnD42rJ1hGBSlppwOK', '2022-01-02 14:22:01', NULL),
(276, 53, 1, '', 'cataract', '175Eoj5cLA4Uk49bDQsR2CPGr96fWXdp5q6', '2022-01-07 09:55:41', NULL),
(279, 54, 1, 'normal', 'cataract', '2rkQzYc2eDyBgwGC1PNrJ6oZrmw27nh5D9L', '2022-01-18 16:26:17', NULL),
(280, 61, 1, 'normal', 'cataract', '4Pps1PRTK84fAQXYbijiP3t3E8iO246Zx48', '2022-01-29 05:47:42', NULL),
(285, 84, 1, '', 'swr', 'V9ypIzVyRuCWI9Ba4P1DOnU8X5P5gxSlE6X', '2022-02-19 04:19:35', NULL),
(286, 84, 3, '', 'dwqrqw', 'V9ypIzVyRuCWI9Ba4P1DOnU8X5P5gxSlE6X', '2022-02-19 04:19:35', NULL),
(287, 84, 6, 'wqewq', '', 'V9ypIzVyRuCWI9Ba4P1DOnU8X5P5gxSlE6X', '2022-02-19 04:19:35', NULL),
(288, 84, 8, 'wqewq', 'ewqe', 'V9ypIzVyRuCWI9Ba4P1DOnU8X5P5gxSlE6X', '2022-02-19 04:19:35', NULL),
(295, 88, 9, 'Field Left ', 'Fieldsright', '', '2022-03-09 17:01:33', NULL),
(296, 88, 10, 'Fundus Left ', 'Fundus r', '', '2022-03-09 17:01:33', NULL),
(299, 90, 9, 'NORMAL L', 'NORMAL R', 'H6X1KOXsUz1e51QvRR55ytq9q3248444Jjz', '2022-03-10 06:56:08', NULL),
(300, 90, 10, 'NORMAL L', 'NORMAL R', 'H6X1KOXsUz1e51QvRR55ytq9q3248444Jjz', '2022-03-10 06:56:08', NULL),
(309, 92, 1, '', '567', '929366xeqEU154id8l4LnPIigiKba8Wzyle', '2022-03-14 15:45:21', NULL),
(310, 92, 4, '567', '567', '929366xeqEU154id8l4LnPIigiKba8Wzyle', '2022-03-14 15:45:21', NULL),
(311, 92, 9, '', '567', '929366xeqEU154id8l4LnPIigiKba8Wzyle', '2022-03-14 15:45:21', NULL),
(312, 92, 10, '657', '', '929366xeqEU154id8l4LnPIigiKba8Wzyle', '2022-03-14 15:45:21', NULL),
(319, 94, 3, '2', '', 'K0QG1ycC5K465UNliAj1yrWBWFfnh8Le17K', '2022-03-14 17:28:08', NULL),
(320, 94, 4, '21', '21', 'K0QG1ycC5K465UNliAj1yrWBWFfnh8Le17K', '2022-03-14 17:28:08', NULL),
(321, 94, 7, '1', '1', 'K0QG1ycC5K465UNliAj1yrWBWFfnh8Le17K', '2022-03-14 17:28:08', NULL),
(322, 94, 8, '12', '', 'K0QG1ycC5K465UNliAj1yrWBWFfnh8Le17K', '2022-03-14 17:28:08', NULL),
(323, 94, 9, '212', '', 'K0QG1ycC5K465UNliAj1yrWBWFfnh8Le17K', '2022-03-14 17:28:08', NULL),
(324, 94, 10, '12', '12', 'K0QG1ycC5K465UNliAj1yrWBWFfnh8Le17K', '2022-03-14 17:28:08', NULL),
(331, 97, 1, '', 'cataract', 'M7sMM2tS4882441txaWfl1cizT16cjK5nDF', '2022-03-18 16:34:52', NULL),
(332, 97, 3, 'normal', '', 'M7sMM2tS4882441txaWfl1cizT16cjK5nDF', '2022-03-18 16:34:52', NULL),
(333, 97, 4, 'normal', 'cataract', 'M7sMM2tS4882441txaWfl1cizT16cjK5nDF', '2022-03-18 16:34:52', NULL),
(334, 97, 7, 'normal', 'cataract', 'M7sMM2tS4882441txaWfl1cizT16cjK5nDF', '2022-03-18 16:34:52', NULL);

-- --------------------------------------------------------

--
-- Table structure for table `examination_eye_segment`
--

CREATE TABLE `examination_eye_segment` (
  `examination_eye_segment_id` int(10) NOT NULL,
  `examination_id` int(10) NOT NULL,
  `eye_mapping_segment_id` int(10) NOT NULL,
  `righteyeparts` varchar(200) COLLATE utf8_unicode_ci NOT NULL,
  `lefteyeparts` varchar(200) COLLATE utf8_unicode_ci NOT NULL,
  `temp_id` varchar(100) COLLATE utf8_unicode_ci NOT NULL,
  `created_date` timestamp NOT NULL DEFAULT CURRENT_TIMESTAMP,
  `updated_date` timestamp NULL DEFAULT NULL ON UPDATE CURRENT_TIMESTAMP
) ENGINE=InnoDB DEFAULT CHARSET=utf8 COLLATE=utf8_unicode_ci;

--
-- Dumping data for table `examination_eye_segment`
--

INSERT INTO `examination_eye_segment` (`examination_eye_segment_id`, `examination_id`, `eye_mapping_segment_id`, `righteyeparts`, `lefteyeparts`, `temp_id`, `created_date`, `updated_date`) VALUES
(1, 0, 6, '', 'tyrteyrty', 'u28yLzTbEr9MJwZqMx5vpv6pip1451tTz5h', '2022-04-16 17:06:51', '2022-04-16 17:08:28'),
(2, 108, 4, '21312312', '', '0JTx4Erf00IrryNd0AaQ2AGiQCqfCC2r4oy', '2022-04-16 17:42:23', '2022-04-16 17:42:31'),
(3, 108, 6, '', '213213', '0JTx4Erf00IrryNd0AaQ2AGiQCqfCC2r4oy', '2022-04-16 17:42:23', '2022-04-16 17:42:31'),
(4, 108, 7, '', '213213', '0JTx4Erf00IrryNd0AaQ2AGiQCqfCC2r4oy', '2022-04-16 17:42:23', '2022-04-16 17:42:31'),
(5, 108, 8, '2132', '', '0JTx4Erf00IrryNd0AaQ2AGiQCqfCC2r4oy', '2022-04-16 17:42:23', '2022-04-16 17:42:31'),
(6, 108, 4, '23423424', '', 'egE70uMclO9Alr0sK157Cf5qRDl1C51vs1V', '2022-04-16 17:55:30', '2022-04-16 17:55:38'),
(7, 108, 7, '', '234234234', 'egE70uMclO9Alr0sK157Cf5qRDl1C51vs1V', '2022-04-16 17:55:30', '2022-04-16 17:55:38'),
(8, 108, 7, '23423424', '', '9665141sATmrqvo6uZr388cDWncOt8M6Jp6', '2022-04-16 17:56:29', '2022-04-16 17:56:34'),
(9, 108, 8, '', '234234234', '9665141sATmrqvo6uZr388cDWncOt8M6Jp6', '2022-04-16 17:56:29', '2022-04-16 17:56:34'),
(10, 108, 7, '21321', '', 'oW8Uo0775PHCR5BuHxZQK6Jf0PAtJXOqvIT', '2022-04-17 04:14:29', '2022-04-17 04:14:33'),
(11, 108, 8, '', '321321', 'oW8Uo0775PHCR5BuHxZQK6Jf0PAtJXOqvIT', '2022-04-17 04:14:29', '2022-04-17 04:14:33'),
(12, 108, 9, '123213', '', 'oW8Uo0775PHCR5BuHxZQK6Jf0PAtJXOqvIT', '2022-04-17 04:14:29', '2022-04-17 04:14:33'),
(13, 108, 10, '', '213213', 'oW8Uo0775PHCR5BuHxZQK6Jf0PAtJXOqvIT', '2022-04-17 04:14:29', '2022-04-17 04:14:33'),
(14, 108, 7, '21321', '', 'OGXYC50169Yv2SSGD15Ykir4vHPs3rN3r8R', '2022-04-17 04:18:59', '2022-04-17 04:19:03'),
(15, 108, 8, '', '321321', 'OGXYC50169Yv2SSGD15Ykir4vHPs3rN3r8R', '2022-04-17 04:18:59', '2022-04-17 04:19:03'),
(16, 108, 9, '123213', '', 'OGXYC50169Yv2SSGD15Ykir4vHPs3rN3r8R', '2022-04-17 04:18:59', '2022-04-17 04:19:03'),
(17, 108, 10, '', '213213', 'OGXYC50169Yv2SSGD15Ykir4vHPs3rN3r8R', '2022-04-17 04:18:59', '2022-04-17 04:19:03'),
(18, 108, 7, '21321', '', 'GG1GwsyGY1QxN61rPfUIS0gBbGD1S9Il75B', '2022-04-17 04:19:31', '2022-04-17 04:19:36'),
(19, 108, 8, '', '321321', 'GG1GwsyGY1QxN61rPfUIS0gBbGD1S9Il75B', '2022-04-17 04:19:31', '2022-04-17 04:19:36'),
(20, 108, 9, '123213', '', 'GG1GwsyGY1QxN61rPfUIS0gBbGD1S9Il75B', '2022-04-17 04:19:31', '2022-04-17 04:19:36'),
(21, 108, 10, '', '213213', 'GG1GwsyGY1QxN61rPfUIS0gBbGD1S9Il75B', '2022-04-17 04:19:31', '2022-04-17 04:19:36'),
(22, 108, 4, 'sadfasdasd', '', 'GG1GwsyGY1QxN61rPfUIS0gBbGD1S9Il75B', '2022-04-17 04:19:31', '2022-04-17 04:19:36'),
(23, 108, 7, '21321', '', 'F5A0509UHLW72K2kwruNVcOju2P9Lm5F6XN', '2022-04-17 04:21:15', '2022-04-17 04:21:20'),
(24, 108, 8, '', '321321', 'F5A0509UHLW72K2kwruNVcOju2P9Lm5F6XN', '2022-04-17 04:21:15', '2022-04-17 04:21:20'),
(25, 108, 9, '123213', '', 'F5A0509UHLW72K2kwruNVcOju2P9Lm5F6XN', '2022-04-17 04:21:15', '2022-04-17 04:21:20'),
(26, 108, 10, '', '213213', 'F5A0509UHLW72K2kwruNVcOju2P9Lm5F6XN', '2022-04-17 04:21:15', '2022-04-17 04:21:20'),
(27, 108, 4, 'sadfasdasd', '', 'F5A0509UHLW72K2kwruNVcOju2P9Lm5F6XN', '2022-04-17 04:21:15', '2022-04-17 04:21:20'),
(28, 108, 12, 'sdasdasdasdsf', '', 'F5A0509UHLW72K2kwruNVcOju2P9Lm5F6XN', '2022-04-17 04:21:15', '2022-04-17 04:21:20'),
(29, 108, 12, 'sdasdasdasdsf', '6', 'Gaygd8B0i1oejn1KVy9DllEeNq5ASk2X99N', '2022-04-17 04:21:52', '2022-04-17 04:21:57'),
(30, 109, 9, '123123', '', 'KrainOsDA5qJDrMPZcoiO1IRtRirsJk75pU', '2022-04-17 04:24:32', '2022-04-17 04:24:36'),
(31, 109, 10, '', '213123', 'KrainOsDA5qJDrMPZcoiO1IRtRirsJk75pU', '2022-04-17 04:24:32', '2022-04-17 04:24:36'),
(32, 110, 7, '2134214321', '', 'P9BqpdHkyq1vpkdpDLaER9GdmT61H1pG3BL', '2022-04-17 12:46:37', '2022-04-17 12:46:46'),
(33, 110, 8, '214214', '', 'P9BqpdHkyq1vpkdpDLaER9GdmT61H1pG3BL', '2022-04-17 12:46:37', '2022-04-17 12:46:46'),
(34, 110, 4, '4214', '', 'P9BqpdHkyq1vpkdpDLaER9GdmT61H1pG3BL', '2022-04-17 12:46:37', '2022-04-17 12:46:46'),
(35, 110, 6, '214214', '', 'P9BqpdHkyq1vpkdpDLaER9GdmT61H1pG3BL', '2022-04-17 12:46:37', '2022-04-17 12:46:46'),
(36, 110, 9, '421421', '', 'P9BqpdHkyq1vpkdpDLaER9GdmT61H1pG3BL', '2022-04-17 12:46:37', '2022-04-17 12:46:46'),
(37, 110, 10, '214', '', 'P9BqpdHkyq1vpkdpDLaER9GdmT61H1pG3BL', '2022-04-17 12:46:37', '2022-04-17 12:46:46'),
(38, 110, 11, '21421', '', 'P9BqpdHkyq1vpkdpDLaER9GdmT61H1pG3BL', '2022-04-17 12:46:37', '2022-04-17 12:46:46'),
(39, 110, 7, '2134214321', '', '4107Z7AqmlY5QU5iRaHSFPYBPeR9kSETIPD', '2022-04-17 12:47:07', '2022-04-17 12:47:15'),
(40, 110, 8, '214214', '', '4107Z7AqmlY5QU5iRaHSFPYBPeR9kSETIPD', '2022-04-17 12:47:07', '2022-04-17 12:47:15'),
(41, 110, 4, '4214', '', '4107Z7AqmlY5QU5iRaHSFPYBPeR9kSETIPD', '2022-04-17 12:47:07', '2022-04-17 12:47:15'),
(42, 110, 6, '214214', '', '4107Z7AqmlY5QU5iRaHSFPYBPeR9kSETIPD', '2022-04-17 12:47:07', '2022-04-17 12:47:15'),
(43, 0, 4, 'test', 'test', '0Xa1TU6MSgFQ5tEF4LIK8dQx6u385Hlq0oJ', '2022-04-18 10:23:18', NULL),
(44, 0, 4, '', 'qweqwe', 'mEFIbdhL15WQ99Hwc32qIqBlMc55AJ9GKE3', '2022-04-21 15:55:39', NULL),
(45, 0, 6, 'qwe', 'qweqwe', 'mEFIbdhL15WQ99Hwc32qIqBlMc55AJ9GKE3', '2022-04-21 15:55:39', NULL),
(46, 0, 7, 'wewq', '', 'mEFIbdhL15WQ99Hwc32qIqBlMc55AJ9GKE3', '2022-04-21 15:55:39', NULL),
(47, 0, 8, '', 'eqwe', 'mEFIbdhL15WQ99Hwc32qIqBlMc55AJ9GKE3', '2022-04-21 15:55:39', NULL),
(48, 0, 4, '', 'qweqwe', 'aaaS9L556YPbiDWvjM4Ikr9h8oAT60QS6I5', '2022-04-21 15:55:56', NULL),
(49, 0, 6, 'qwe', 'qweqwe', 'aaaS9L556YPbiDWvjM4Ikr9h8oAT60QS6I5', '2022-04-21 15:55:56', NULL),
(50, 0, 7, 'wewq', '', 'aaaS9L556YPbiDWvjM4Ikr9h8oAT60QS6I5', '2022-04-21 15:55:56', NULL),
(51, 0, 8, '', 'eqwe', 'aaaS9L556YPbiDWvjM4Ikr9h8oAT60QS6I5', '2022-04-21 15:55:56', NULL),
(52, 0, 9, '21312321', '', 'aaaS9L556YPbiDWvjM4Ikr9h8oAT60QS6I5', '2022-04-21 15:55:56', NULL),
(53, 0, 10, '', '3213123', 'aaaS9L556YPbiDWvjM4Ikr9h8oAT60QS6I5', '2022-04-21 15:55:56', NULL),
(54, 0, 11, '', '312', 'aaaS9L556YPbiDWvjM4Ikr9h8oAT60QS6I5', '2022-04-21 15:55:56', NULL),
(55, 0, 4, '12', '', 'EQYSiXG08vELdGeUO0pLtq7FCywwH5RgvmD', '2022-04-21 16:10:00', NULL),
(56, 0, 6, '', '12', 'EQYSiXG08vELdGeUO0pLtq7FCywwH5RgvmD', '2022-04-21 16:10:00', NULL),
(57, 0, 4, 'test', 'e', 'L3OZ68oYbaHJLIj0Aj4S7S6YVIp3z8rxcce', '2022-04-25 05:23:27', NULL),
(58, 0, 6, 're', 'e', 'L3OZ68oYbaHJLIj0Aj4S7S6YVIp3z8rxcce', '2022-04-25 05:23:27', NULL),
(59, 0, 7, 'ee', 'e', 'L3OZ68oYbaHJLIj0Aj4S7S6YVIp3z8rxcce', '2022-04-25 05:23:27', NULL),
(60, 0, 8, 'ee', 'ee', 'L3OZ68oYbaHJLIj0Aj4S7S6YVIp3z8rxcce', '2022-04-25 05:23:27', NULL),
(61, 0, 4, 'test', 'e', 'IRfMQkNGV87VHvWcE2a1I8FYE0LgA9sYqZY', '2022-04-25 05:24:05', NULL),
(62, 0, 6, 're', 'e', 'IRfMQkNGV87VHvWcE2a1I8FYE0LgA9sYqZY', '2022-04-25 05:24:05', NULL),
(63, 0, 7, 'ee', 'e', 'IRfMQkNGV87VHvWcE2a1I8FYE0LgA9sYqZY', '2022-04-25 05:24:05', NULL),
(64, 0, 8, 'ee', 'ee', 'IRfMQkNGV87VHvWcE2a1I8FYE0LgA9sYqZY', '2022-04-25 05:24:05', NULL),
(65, 0, 6, 'test', 'test', 'Paxb0ZXLOIZMx13uf956DAqBPX98pj16mZy', '2022-04-28 12:13:31', NULL),
(66, 0, 9, 'test3', '', 'Paxb0ZXLOIZMx13uf956DAqBPX98pj16mZy', '2022-04-28 12:13:31', NULL),
(67, 0, 6, 'test', 'test', '3lr0Q3pDs244T28kXqIJfjPsRqt1B2qWPcJ', '2022-04-28 12:13:54', NULL),
(68, 0, 9, 'test3', '', '3lr0Q3pDs244T28kXqIJfjPsRqt1B2qWPcJ', '2022-04-28 12:13:54', NULL),
(69, 111, 107, 'not well', '', 'jiUb9eDzJJJM6huY1kudN168Y5BSCQ52znx', '2022-05-06 03:09:59', '2022-05-06 03:10:48'),
(70, 111, 208, 'test', 'e', 'jiUb9eDzJJJM6huY1kudN168Y5BSCQ52znx', '2022-05-06 03:09:59', '2022-05-06 03:10:48');

-- --------------------------------------------------------

--
-- Table structure for table `examination_medical_history`
--

CREATE TABLE `examination_medical_history` (
  `examination_medical_history_id` int(10) NOT NULL,
  `examination_id` int(10) NOT NULL,
  `medical_history_id` int(10) NOT NULL,
  `eye_left` int(5) NOT NULL DEFAULT '0' COMMENT '0.no,1:yes',
  `eye_right` int(5) NOT NULL DEFAULT '0' COMMENT '0:no,1:yes',
  `remarks` text COLLATE utf8_unicode_ci NOT NULL,
  `temp_id` varchar(200) COLLATE utf8_unicode_ci DEFAULT NULL COMMENT 'ref id',
  `created_date` timestamp NOT NULL DEFAULT CURRENT_TIMESTAMP,
  `updated_date` timestamp NULL DEFAULT NULL ON UPDATE CURRENT_TIMESTAMP
) ENGINE=InnoDB DEFAULT CHARSET=utf8 COLLATE=utf8_unicode_ci;

--
-- Dumping data for table `examination_medical_history`
--

INSERT INTO `examination_medical_history` (`examination_medical_history_id`, `examination_id`, `medical_history_id`, `eye_left`, `eye_right`, `remarks`, `temp_id`, `created_date`, `updated_date`) VALUES
(1, 0, 3, 0, 0, 'sds', '2TijdZs4EVSHLSgzfh5aPffmt1LrF07vag2', '2021-11-05 15:08:58', NULL),
(2, 0, 4, 0, 0, 'dsds', '2TijdZs4EVSHLSgzfh5aPffmt1LrF07vag2', '2021-11-05 15:08:58', NULL),
(3, 0, 5, 0, 0, 'dsdsds', '2TijdZs4EVSHLSgzfh5aPffmt1LrF07vag2', '2021-11-05 15:08:58', NULL),
(4, 0, 3, 0, 0, 'sds', '5mF5Buc877GpjXV9W7IzhxamN3Pa7a9ygPG', '2021-11-05 15:12:09', NULL),
(5, 0, 4, 0, 0, 'dsds', '5mF5Buc877GpjXV9W7IzhxamN3Pa7a9ygPG', '2021-11-05 15:12:09', NULL),
(6, 0, 5, 0, 0, 'dsdsds', '5mF5Buc877GpjXV9W7IzhxamN3Pa7a9ygPG', '2021-11-05 15:12:09', NULL),
(7, 0, 6, 0, 0, 'sad', '5mF5Buc877GpjXV9W7IzhxamN3Pa7a9ygPG', '2021-11-05 15:12:09', NULL),
(8, 0, 3, 0, 0, 'sds', 'nBbrvEdqz2A7tScDbxfLrASOBjx08gN7vvU', '2021-11-05 15:12:58', NULL),
(9, 0, 4, 0, 0, 'dsds', 'nBbrvEdqz2A7tScDbxfLrASOBjx08gN7vvU', '2021-11-05 15:12:58', NULL),
(10, 0, 5, 0, 0, 'dsdsds', 'nBbrvEdqz2A7tScDbxfLrASOBjx08gN7vvU', '2021-11-05 15:12:58', NULL),
(11, 0, 6, 0, 0, 'sad', 'nBbrvEdqz2A7tScDbxfLrASOBjx08gN7vvU', '2021-11-05 15:12:58', NULL),
(12, 0, 3, 0, 0, 'sds', 'C47xD7JZarLuQ5eSRPwLw3MfMz1fV40NbgV', '2021-11-05 15:25:37', NULL),
(13, 0, 4, 0, 0, 'dsds', 'C47xD7JZarLuQ5eSRPwLw3MfMz1fV40NbgV', '2021-11-05 15:25:37', NULL),
(14, 0, 5, 0, 0, 'dsdsds', 'C47xD7JZarLuQ5eSRPwLw3MfMz1fV40NbgV', '2021-11-05 15:25:37', NULL),
(15, 0, 6, 0, 0, 'sad', 'C47xD7JZarLuQ5eSRPwLw3MfMz1fV40NbgV', '2021-11-05 15:25:37', NULL),
(16, 0, 3, 0, 0, 'sds', 'sUveXRfBUfcnuASuaopvPYyYraaR6Oq7hvY', '2021-11-05 15:26:10', NULL),
(17, 0, 4, 0, 0, 'dsds', 'sUveXRfBUfcnuASuaopvPYyYraaR6Oq7hvY', '2021-11-05 15:26:10', NULL),
(18, 0, 5, 0, 0, 'dsdsds', 'sUveXRfBUfcnuASuaopvPYyYraaR6Oq7hvY', '2021-11-05 15:26:10', NULL),
(19, 0, 6, 0, 0, 'sad', 'sUveXRfBUfcnuASuaopvPYyYraaR6Oq7hvY', '2021-11-05 15:26:10', NULL),
(20, 0, 3, 0, 0, 'sdsmed', 'XsfLoaR987uns71bh1plaPr088uehbiEp31', '2021-11-05 15:26:57', NULL),
(21, 0, 4, 0, 0, 'dsds', 'XsfLoaR987uns71bh1plaPr088uehbiEp31', '2021-11-05 15:26:57', NULL),
(22, 0, 5, 0, 0, 'dsdsds', 'XsfLoaR987uns71bh1plaPr088uehbiEp31', '2021-11-05 15:26:57', NULL),
(23, 0, 6, 0, 0, 'sad', 'XsfLoaR987uns71bh1plaPr088uehbiEp31', '2021-11-05 15:26:57', NULL),
(24, 0, 3, 0, 0, 'sdsmed', 'lXAakzrWwHYPzZRvmaCidDyHlwYNfoT1Udp', '2021-11-05 15:28:41', NULL),
(25, 0, 4, 0, 0, 'sdsmed', 'lXAakzrWwHYPzZRvmaCidDyHlwYNfoT1Udp', '2021-11-05 15:28:41', NULL),
(26, 0, 5, 0, 0, 'dsdsdsfffffffffff', 'lXAakzrWwHYPzZRvmaCidDyHlwYNfoT1Udp', '2021-11-05 15:28:41', NULL),
(27, 0, 6, 0, 0, 'sad', 'lXAakzrWwHYPzZRvmaCidDyHlwYNfoT1Udp', '2021-11-05 15:28:41', NULL),
(28, 0, 3, 0, 0, 'sdsmed', 'MpbDeQEwWP22SetO2GWpofgg1hbRXUYf1v4', '2021-11-05 15:29:45', NULL),
(29, 0, 4, 0, 0, 'sdsmed', 'MpbDeQEwWP22SetO2GWpofgg1hbRXUYf1v4', '2021-11-05 15:29:45', NULL),
(30, 0, 5, 0, 0, 'dsdsdsfffffffffff', 'MpbDeQEwWP22SetO2GWpofgg1hbRXUYf1v4', '2021-11-05 15:29:45', NULL),
(31, 0, 6, 0, 0, 'sad', 'MpbDeQEwWP22SetO2GWpofgg1hbRXUYf1v4', '2021-11-05 15:29:45', NULL),
(32, 0, 3, 0, 0, 'sdsmed', 'D1zNe8TZg0WL6BV9fkcO1PaPxLCeuvlDn7Z', '2021-11-05 15:30:27', NULL),
(33, 0, 4, 0, 0, 'sdsmed', 'D1zNe8TZg0WL6BV9fkcO1PaPxLCeuvlDn7Z', '2021-11-05 15:30:27', NULL),
(34, 0, 5, 0, 0, 'dsdsdsfffffffffff', 'D1zNe8TZg0WL6BV9fkcO1PaPxLCeuvlDn7Z', '2021-11-05 15:30:27', NULL),
(35, 0, 6, 0, 0, 'sad', 'D1zNe8TZg0WL6BV9fkcO1PaPxLCeuvlDn7Z', '2021-11-05 15:30:27', NULL),
(36, 0, 3, 0, 0, 'sdsmed', '2sTg0y909T95nk3C6zHzd8ctyAKwKd0jGTM', '2021-11-05 15:33:57', NULL),
(37, 0, 4, 0, 0, 'sdsmed', '2sTg0y909T95nk3C6zHzd8ctyAKwKd0jGTM', '2021-11-05 15:33:57', NULL),
(38, 0, 5, 0, 0, 'dsdsdsfffffffffff', '2sTg0y909T95nk3C6zHzd8ctyAKwKd0jGTM', '2021-11-05 15:33:57', NULL),
(39, 0, 6, 0, 0, 'sad', '2sTg0y909T95nk3C6zHzd8ctyAKwKd0jGTM', '2021-11-05 15:33:57', NULL),
(40, 0, 3, 0, 0, 'sdsmed', 'aX4k4uxtPx6FpywOzRUHPL8MAfWmOfjxBZx', '2021-11-05 15:34:15', NULL),
(41, 0, 4, 0, 0, 'sdsmed', 'aX4k4uxtPx6FpywOzRUHPL8MAfWmOfjxBZx', '2021-11-05 15:34:15', NULL),
(42, 0, 5, 0, 0, 'dsdsdsfffffffffff', 'aX4k4uxtPx6FpywOzRUHPL8MAfWmOfjxBZx', '2021-11-05 15:34:15', NULL),
(43, 0, 6, 0, 0, 'sad', 'aX4k4uxtPx6FpywOzRUHPL8MAfWmOfjxBZx', '2021-11-05 15:34:15', NULL),
(44, 0, 3, 0, 0, 'sdfsf', 'J9XoXSbehHVViZb4w19LHRctibAIt9IZarZ', '2021-11-06 16:17:35', NULL),
(45, 0, 4, 0, 0, 'sdf', 'J9XoXSbehHVViZb4w19LHRctibAIt9IZarZ', '2021-11-06 16:17:35', NULL),
(46, 0, 6, 0, 0, 'sdf', 'J9XoXSbehHVViZb4w19LHRctibAIt9IZarZ', '2021-11-06 16:17:35', NULL),
(47, 0, 3, 0, 0, '1', '2iVd8fxHA61LvV6vUJaDilxDPkyr4GHvi9L', '2021-11-07 05:09:59', NULL),
(48, 0, 4, 0, 0, '22', '2iVd8fxHA61LvV6vUJaDilxDPkyr4GHvi9L', '2021-11-07 05:09:59', NULL),
(49, 0, 5, 0, 0, '3333', '2iVd8fxHA61LvV6vUJaDilxDPkyr4GHvi9L', '2021-11-07 05:09:59', NULL),
(50, 0, 3, 0, 0, '213', 'K75IvZF53tV9TG25ohzd4i2FlAo3ZiRS1eu', '2021-11-07 05:48:24', NULL),
(51, 0, 3, 0, 0, '213', 'cxtf1gcLA1RRvbagdxkqD5PJkI7fCOFb4YP', '2021-11-07 05:48:31', NULL),
(52, 0, 3, 0, 0, '213', 'cWnnk5xOaaq8jprmYfkDcFpdH8Otrwk7Ojn', '2021-11-07 05:49:41', NULL),
(65, 0, 3, 0, 0, 'ert', 'dp97kwtmT74HWq6GYM9JmFBRiKtJGJsehFb', '2021-11-13 06:59:52', NULL),
(66, 0, 4, 0, 0, 'erter', 'dp97kwtmT74HWq6GYM9JmFBRiKtJGJsehFb', '2021-11-13 06:59:52', NULL),
(67, 0, 5, 0, 0, 'tert', 'dp97kwtmT74HWq6GYM9JmFBRiKtJGJsehFb', '2021-11-13 06:59:52', NULL),
(68, 0, 6, 0, 0, 'ert', 'dp97kwtmT74HWq6GYM9JmFBRiKtJGJsehFb', '2021-11-13 06:59:52', NULL),
(69, 0, 3, 0, 0, 'ert', 'om14bXVAkAFn0zse1YH0OUC0G0qf3nhVCYO', '2021-11-13 07:00:41', NULL),
(70, 0, 4, 0, 0, 'erter', 'om14bXVAkAFn0zse1YH0OUC0G0qf3nhVCYO', '2021-11-13 07:00:41', NULL),
(71, 0, 5, 0, 0, 'tert', 'om14bXVAkAFn0zse1YH0OUC0G0qf3nhVCYO', '2021-11-13 07:00:41', NULL),
(72, 0, 6, 0, 0, 'ert', 'om14bXVAkAFn0zse1YH0OUC0G0qf3nhVCYO', '2021-11-13 07:00:41', NULL),
(73, 0, 3, 0, 0, 'ert', 'kC4Kw7LWPEsFFnEgraRhXfdX78oR316uXyR', '2021-11-13 07:01:05', NULL),
(74, 0, 4, 0, 0, 'erter', 'kC4Kw7LWPEsFFnEgraRhXfdX78oR316uXyR', '2021-11-13 07:01:05', NULL),
(75, 0, 5, 0, 0, 'tert', 'kC4Kw7LWPEsFFnEgraRhXfdX78oR316uXyR', '2021-11-13 07:01:05', NULL),
(76, 0, 6, 0, 0, 'ert', 'kC4Kw7LWPEsFFnEgraRhXfdX78oR316uXyR', '2021-11-13 07:01:05', NULL),
(77, 0, 3, 0, 0, 'sdf', 'YXnz3hWEOOSq2kyugNHYkOjLtVdPF5OlHrO', '2021-11-13 07:38:47', NULL),
(78, 0, 4, 0, 0, 'dsf', 'YXnz3hWEOOSq2kyugNHYkOjLtVdPF5OlHrO', '2021-11-13 07:38:47', NULL),
(79, 0, 3, 0, 0, 'sdf', 'WVttPJGeBIdFqGsaLKUfn33AvZjXIiYVbSF', '2021-11-13 07:39:24', NULL),
(80, 0, 4, 0, 0, 'dsf', 'WVttPJGeBIdFqGsaLKUfn33AvZjXIiYVbSF', '2021-11-13 07:39:24', NULL),
(81, 0, 3, 0, 0, 'sdf', 'adD6Tk7sdNMXWCeR9c3G8sUAhfRERHhhRhw', '2021-11-13 07:40:02', NULL),
(82, 0, 4, 0, 0, 'dsf', 'adD6Tk7sdNMXWCeR9c3G8sUAhfRERHhhRhw', '2021-11-13 07:40:02', NULL),
(83, 0, 5, 0, 0, '1', 'TrPVORidNnRVfCV7WNCPt5I4kw24GKOQL8Q', '2021-11-13 07:43:42', NULL),
(84, 0, 5, 0, 0, '1', '2A7EPWN9DlsDjnw5CsGyiO2fc98UaWyUeE3', '2021-11-13 08:24:46', NULL),
(85, 0, 5, 0, 0, '1212', 'UyZEgZvw327HNdf78mdOYeqW4taHUHAxKrd', '2021-11-13 09:11:21', NULL),
(86, 0, 6, 0, 0, '12', 'UyZEgZvw327HNdf78mdOYeqW4taHUHAxKrd', '2021-11-13 09:11:21', NULL),
(87, 0, 3, 0, 0, 'rwe', 'W0jv36Wh1XJ11W39fLVK3Xj2H9PdOcI2SoO', '2021-11-14 14:36:51', NULL),
(88, 0, 4, 0, 0, 'rwe', 'W0jv36Wh1XJ11W39fLVK3Xj2H9PdOcI2SoO', '2021-11-14 14:36:51', NULL),
(89, 0, 5, 0, 0, 'werwe', 'W0jv36Wh1XJ11W39fLVK3Xj2H9PdOcI2SoO', '2021-11-14 14:36:51', NULL),
(90, 0, 3, 0, 0, 'qwe', 'KdHPd5886QeAVZGFerrtIWbFvxgihxOa8vF', '2021-11-14 14:59:38', NULL),
(91, 0, 4, 0, 0, 'qwe', 'KdHPd5886QeAVZGFerrtIWbFvxgihxOa8vF', '2021-11-14 14:59:38', NULL),
(92, 0, 3, 0, 0, 'since 10 years', 'iJV7lqS5N9F88SdlYUi4MJL4hAHNJ3f379H', '2021-11-15 15:00:59', NULL),
(93, 0, 3, 0, 0, 'since 10 years', 'PdjJagkVQnsrACq8eKzHb4N6JC3l81DkGO1', '2021-11-15 15:01:20', NULL),
(94, 0, 3, 0, 0, 'since 10 years', '61TKgFaBt1wg7w132nbXEF14h26518APU8t', '2021-11-15 15:01:53', NULL),
(95, 0, 3, 0, 0, 'since 10 years', 'tSUnVK7z8znf2W1PN6XD5BZEQI7kO4VK632', '2021-11-15 15:02:04', NULL),
(96, 0, 3, 0, 0, 'since 10 years', 'yt0ttwmIBTJ29WB8RYFGtL5m20IvGo5ck6E', '2021-11-15 15:02:23', NULL),
(97, 0, 4, 0, 0, 'wfw', 'wc4NTS36KjE1i68tiR5OZy6DPvvdiAO3czE', '2021-11-16 16:00:59', NULL),
(98, 0, 5, 0, 0, 'fw', 'wc4NTS36KjE1i68tiR5OZy6DPvvdiAO3czE', '2021-11-16 16:00:59', NULL),
(99, 0, 6, 0, 0, 'fw', 'wc4NTS36KjE1i68tiR5OZy6DPvvdiAO3czE', '2021-11-16 16:00:59', NULL),
(100, 0, 3, 0, 0, '23', 'qfpRiD0zg7dLiSTol7w7g00xtDBmc0c38Kq', '2021-11-16 16:01:41', NULL),
(101, 0, 5, 0, 0, '3', 'qfpRiD0zg7dLiSTol7w7g00xtDBmc0c38Kq', '2021-11-16 16:01:41', NULL),
(102, 0, 3, 0, 0, '23', 'm9n3vt5pg5fY5Y6qdMDM62bL05D55TP537u', '2021-11-17 13:28:50', NULL),
(103, 0, 5, 0, 0, '3', 'm9n3vt5pg5fY5Y6qdMDM62bL05D55TP537u', '2021-11-17 13:28:50', NULL),
(104, 0, 3, 0, 0, '23', '43fMqEV4ljao64fWO3qDbLXyVtMfUaOUBwp', '2021-11-17 14:14:04', NULL),
(105, 0, 5, 0, 0, '3', '43fMqEV4ljao64fWO3qDbLXyVtMfUaOUBwp', '2021-11-17 14:14:04', NULL),
(106, 0, 3, 0, 0, '23', '1s9dM6vZf9s3nzwqR1tFLoPugD272SlcFEU', '2021-11-17 14:20:32', NULL),
(107, 0, 5, 0, 0, '3', '1s9dM6vZf9s3nzwqR1tFLoPugD272SlcFEU', '2021-11-17 14:20:32', NULL),
(110, 0, 3, 0, 0, '23', 'k7GjbNN3BBD5iY8bc9K7dQiX91c325WrVtm', '2021-11-17 14:29:59', NULL),
(111, 0, 5, 0, 0, '3', 'k7GjbNN3BBD5iY8bc9K7dQiX91c325WrVtm', '2021-11-17 14:29:59', NULL),
(112, 0, 3, 0, 0, '23', 'VbvxyzxxTGbe3lmNIPqA6WgFXY93mHYYhOL', '2021-11-17 14:34:46', NULL),
(113, 0, 5, 0, 0, '3', 'VbvxyzxxTGbe3lmNIPqA6WgFXY93mHYYhOL', '2021-11-17 14:34:46', NULL),
(114, 14, 3, 0, 0, '23', 'jRs292J7nlS1TSGZq7cEeMAlAQbte6z9ofp', '2021-11-17 15:25:09', '2021-11-20 17:45:47'),
(115, 14, 5, 0, 0, '3', 'jRs292J7nlS1TSGZq7cEeMAlAQbte6z9ofp', '2021-11-17 15:25:09', '2021-11-20 17:45:47'),
(116, 0, 8, 0, 0, '12', 'nv1eq3n7146F16eMu7MGxloON83477EM13T', '2021-11-21 05:05:12', NULL),
(117, 0, 11, 0, 0, '12', 'nv1eq3n7146F16eMu7MGxloON83477EM13T', '2021-11-21 05:05:12', NULL),
(118, 17, 8, 0, 0, '12', '4Rm87zw5RX14Z15AtNJQbmXwyp2GgtrI04t', '2021-11-21 05:05:27', '2021-11-21 05:06:11'),
(119, 17, 11, 0, 0, '12', '4Rm87zw5RX14Z15AtNJQbmXwyp2GgtrI04t', '2021-11-21 05:05:27', '2021-11-21 05:06:11'),
(120, 18, 7, 0, 0, '10years', 'kkalBPE5yLQ3N75ygieCRDyeLQzR0p8yZ33', '2021-11-21 05:16:45', '2021-11-21 05:23:04'),
(121, 18, 8, 0, 0, '5 years', 'kkalBPE5yLQ3N75ygieCRDyeLQzR0p8yZ33', '2021-11-21 05:16:45', '2021-11-21 05:23:04'),
(122, 19, 7, 0, 0, '5 YEARS', 'RcxTtaCMpRz0tnsLNKwB7qBq3c3v3wFs7md', '2021-11-21 05:38:15', '2021-11-21 05:39:51'),
(123, 19, 8, 0, 0, 'since 10 years', 'RcxTtaCMpRz0tnsLNKwB7qBq3c3v3wFs7md', '2021-11-21 05:38:15', '2021-11-21 05:39:51'),
(124, 20, 7, 0, 0, '121', 'PVV2wusoAD5hukF0so0JcsXj5X8g5qcQ6Un', '2021-11-21 06:15:51', '2021-11-21 06:16:08'),
(125, 20, 8, 0, 0, '21', 'PVV2wusoAD5hukF0so0JcsXj5X8g5qcQ6Un', '2021-11-21 06:15:51', '2021-11-21 06:16:08'),
(126, 21, 7, 0, 0, '5 YEARS', 'ipUoQK4Xtn8uzSYyn160WiHyvQwR2vZhW9b', '2021-11-21 10:06:48', '2021-11-21 10:09:44'),
(127, 22, 7, 0, 0, '5 YEARS', 'Cw266eLIw83MfDb3KB9HO0p4Mcg9C694MtY', '2021-11-21 10:20:58', '2021-11-21 10:21:57'),
(128, 23, 7, 0, 0, '5 years', 'mMT65GIwiAqz40gTiuog1ON3FetgMGFgqQC', '2021-11-21 10:32:54', '2021-11-21 10:33:05'),
(129, 24, 7, 0, 0, '5 YEARS', '0E0fD6KY825KB4VeH7NzmIo3iajSZHtJ5JS', '2021-11-21 14:42:43', '2021-11-21 14:44:22'),
(130, 25, 10, 0, 0, 'vsdgserg', 'fTYWP2xtmW5bkq474CbIEIRJ17EPBik5uIA', '2021-11-23 06:25:46', '2021-11-23 06:26:33'),
(131, 26, 7, 0, 0, '23', '93U1Z1Cn1G1RD1p0DBwK86Xk1ws731crol7', '2021-11-24 13:41:01', '2021-11-24 13:41:11'),
(132, 26, 8, 0, 0, '23', '93U1Z1Cn1G1RD1p0DBwK86Xk1ws731crol7', '2021-11-24 13:41:01', '2021-11-24 13:41:11'),
(133, 26, 9, 0, 0, '23', '93U1Z1Cn1G1RD1p0DBwK86Xk1ws731crol7', '2021-11-24 13:41:01', '2021-11-24 13:41:11'),
(134, 26, 10, 0, 0, '23', '93U1Z1Cn1G1RD1p0DBwK86Xk1ws731crol7', '2021-11-24 13:41:01', '2021-11-24 13:41:11'),
(135, 27, 7, 0, 0, '5 years', 'cv5vpbX1kHDuFPIHD6dze6b29RK71K6C6K6', '2021-11-25 07:14:19', '2021-11-25 07:17:12'),
(136, 27, 8, 0, 0, '10 yeras', 'cv5vpbX1kHDuFPIHD6dze6b29RK71K6C6K6', '2021-11-25 07:14:19', '2021-11-25 07:17:12'),
(137, 28, 7, 0, 0, '5 years', '805m8YQyR5q7Z672Bz3naST72gEfytV1Y6n', '2021-11-25 07:34:39', '2021-11-25 07:35:17'),
(138, 29, 7, 0, 0, '5 YEARS', 'ir8LL1RF2BBVw9X14u9q5zxZrhLa1w6b1dS', '2021-11-26 07:36:39', '2021-11-26 07:38:06'),
(139, 30, 7, 0, 0, '12 years', 'ln05baLMLF3JQDG210Kx0NgHiJri8lyH806', '2021-11-28 04:25:01', '2021-11-28 04:28:49'),
(140, 31, 7, 0, 0, '10 Y', 'mVyQ2koiFUw0Xek8lgmhfB6V2NNaVe0pxPF', '2021-11-29 16:16:10', '2021-11-29 16:17:18'),
(141, 32, 7, 0, 0, '5 years', 'XR6bVVZzFg1sIc7Pyb3xrLTqG0ZZmG3N8E7', '2021-12-12 04:24:33', '2021-12-12 04:25:56'),
(142, 35, 9, 0, 0, '1212', '1yA1Me6J9Mzptj4Z02Sh5IUsX92J5wH5o53', '2021-12-21 16:31:36', '2021-12-21 16:31:54'),
(143, 36, 8, 0, 0, '123213', 'LK9Lae3v85bRW1GQSiNMGaIIPlgk9d6oQC5', '2021-12-22 14:58:29', '2021-12-22 14:59:14'),
(144, 36, 11, 0, 0, '123213', 'LK9Lae3v85bRW1GQSiNMGaIIPlgk9d6oQC5', '2021-12-22 14:58:29', '2021-12-22 14:59:14'),
(145, 36, 8, 0, 0, '123213', 'X0fO6i11847mkFm0lqvSlKbNNAa1htSoZ5R', '2021-12-22 14:59:52', '2021-12-22 15:00:03'),
(146, 36, 11, 0, 0, '123213', 'X0fO6i11847mkFm0lqvSlKbNNAa1htSoZ5R', '2021-12-22 14:59:52', '2021-12-22 15:00:03'),
(147, 37, 7, 0, 0, '5 years', 'ZtZs2Ewzz6f5CTA5Xq21BrE3G4mranRudu2', '2021-12-23 07:23:07', '2021-12-23 07:23:23'),
(148, 37, 8, 0, 0, '10 years', 'ZtZs2Ewzz6f5CTA5Xq21BrE3G4mranRudu2', '2021-12-23 07:23:07', '2021-12-23 07:23:23'),
(149, 38, 7, 0, 0, '5 years', 'nART0vTkZr5cI9l1QKC4fLOmlgAEOMI87qT', '2021-12-23 11:01:45', '2021-12-23 11:01:57'),
(150, 38, 8, 0, 0, '5 years', 'nART0vTkZr5cI9l1QKC4fLOmlgAEOMI87qT', '2021-12-23 11:01:45', '2021-12-23 11:01:57'),
(151, 39, 7, 0, 0, '213', 'LuR6Ab2zMT413pdKGtXdRPxSQawqJvzd8B0', '2021-12-23 15:19:45', '2021-12-23 15:20:07'),
(152, 39, 9, 0, 0, '123', 'LuR6Ab2zMT413pdKGtXdRPxSQawqJvzd8B0', '2021-12-23 15:19:45', '2021-12-23 15:20:07'),
(153, 39, 10, 0, 0, '123', 'LuR6Ab2zMT413pdKGtXdRPxSQawqJvzd8B0', '2021-12-23 15:19:45', '2021-12-23 15:20:07'),
(154, 39, 11, 0, 0, '123', 'LuR6Ab2zMT413pdKGtXdRPxSQawqJvzd8B0', '2021-12-23 15:19:45', '2021-12-23 15:20:07'),
(155, 40, 7, 0, 0, '5 years', 'o67R0AyW2O9kr0a402YNz0Ht2Zgh0VicES8', '2021-12-24 05:57:50', '2021-12-24 05:58:45'),
(156, 41, 7, 0, 0, '5 yeard', 'SLjTb3V0wTm0P6Soyc4Rg4QFD1S9XBniY26', '2021-12-24 06:01:03', '2021-12-24 06:01:10'),
(157, 42, 7, 0, 0, '5 years', 'KlilH5q3mT2vrfDJAisfz36Dl6091rUG5zc', '2021-12-24 06:10:11', '2021-12-24 06:11:27'),
(158, 42, 8, 0, 0, '4 years', 'KlilH5q3mT2vrfDJAisfz36Dl6091rUG5zc', '2021-12-24 06:10:11', '2021-12-24 06:11:27'),
(159, 43, 7, 0, 0, 'qwed', 'Fhl71AlS6kLEOV6KdgbkL4rqqpZ7YD720HZ', '2021-12-25 04:47:08', '2021-12-25 04:47:34'),
(160, 43, 10, 0, 0, 'wqewq', 'Fhl71AlS6kLEOV6KdgbkL4rqqpZ7YD720HZ', '2021-12-25 04:47:08', '2021-12-25 04:47:34'),
(161, 43, 11, 0, 0, 'ewqe', 'Fhl71AlS6kLEOV6KdgbkL4rqqpZ7YD720HZ', '2021-12-25 04:47:08', '2021-12-25 04:47:34'),
(162, 0, 7, 0, 0, '5 years', 'sj09R1NIsm3rG8hW0Z90Jb6MNgUsoioKmSk', '2021-12-26 06:33:03', NULL),
(163, 0, 7, 0, 0, '5 years', 'Re1uS4qrN4FwGYomEOzVBIroPa4PjoT6yT4', '2021-12-26 06:33:28', NULL),
(164, 0, 7, 0, 0, '5 years', '5FWVkJVkw2opCC0ba1xLCsY597cAuRX8IX1', '2021-12-26 06:33:43', NULL),
(165, 44, 7, 0, 0, '5 years', 'ra6kyV9eL23d4E6drVr5ym1P00hwtb0agu5', '2021-12-26 06:36:53', '2021-12-26 06:37:33'),
(166, 0, 7, 0, 0, 'sf', 'uriPD8IEsR5kLy05lNPA0VnU68cv6Q87AR1', '2021-12-27 15:28:18', NULL),
(167, 0, 9, 0, 0, 'sdf', 'uriPD8IEsR5kLy05lNPA0VnU68cv6Q87AR1', '2021-12-27 15:28:18', NULL),
(168, 0, 8, 0, 0, '12', 'Y5tnWqg989Ufnm9G9Aiu4wbvSwCK6izl6xq', '2021-12-27 15:29:54', NULL),
(169, 0, 11, 0, 0, '12', 'Y5tnWqg989Ufnm9G9Aiu4wbvSwCK6izl6xq', '2021-12-27 15:29:54', NULL),
(170, 0, 8, 0, 0, '12', 'lnSIt0fMx0Q670CYasW6HHbI601eXWJb807', '2021-12-27 15:30:24', NULL),
(171, 0, 11, 0, 0, '12', 'lnSIt0fMx0Q670CYasW6HHbI601eXWJb807', '2021-12-27 15:30:24', NULL),
(172, 0, 7, 0, 0, 'wqr', '5036K0dBs3fozzq4U8igxolLonG4nZ01Pz6', '2021-12-27 15:37:33', NULL),
(173, 0, 8, 0, 0, 'wqr', '5036K0dBs3fozzq4U8igxolLonG4nZ01Pz6', '2021-12-27 15:37:33', NULL),
(174, 0, 9, 0, 0, 'wr', '5036K0dBs3fozzq4U8igxolLonG4nZ01Pz6', '2021-12-27 15:37:33', NULL),
(175, 0, 11, 0, 0, 'qwrqwr', '5036K0dBs3fozzq4U8igxolLonG4nZ01Pz6', '2021-12-27 15:37:33', NULL),
(176, 0, 7, 0, 0, 'wqr', '0epCaz1n3Qv0qM1lg6PJCYs1s5J6nUoi13w', '2021-12-27 15:37:58', NULL),
(177, 0, 8, 0, 0, 'wqr', '0epCaz1n3Qv0qM1lg6PJCYs1s5J6nUoi13w', '2021-12-27 15:37:58', NULL),
(178, 0, 9, 0, 0, 'wr', '0epCaz1n3Qv0qM1lg6PJCYs1s5J6nUoi13w', '2021-12-27 15:37:58', NULL),
(179, 0, 11, 0, 0, 'qwrqwr', '0epCaz1n3Qv0qM1lg6PJCYs1s5J6nUoi13w', '2021-12-27 15:37:58', NULL),
(180, 0, 7, 0, 0, 'rty', '61Og60fCZiUv7l51j1iw111XBDpG6P0eXEB', '2021-12-27 15:39:05', NULL),
(181, 0, 8, 0, 0, 'rty', '61Og60fCZiUv7l51j1iw111XBDpG6P0eXEB', '2021-12-27 15:39:05', NULL),
(182, 47, 7, 0, 0, '212', 'LfixDv5q16uw9b8jVPCT14f2AYE48SzQiM1', '2022-01-02 04:06:58', '2022-01-02 04:07:24'),
(183, 47, 9, 0, 0, '1212', 'LfixDv5q16uw9b8jVPCT14f2AYE48SzQiM1', '2022-01-02 04:06:58', '2022-01-02 04:07:24'),
(184, 0, 7, 0, 0, '4 YEARS', 'mGrt3hugBhSX8BTt5LJkv5us51zpxRBW7qp', '2022-01-02 05:48:51', NULL),
(185, 48, 7, 0, 0, '4 YEARS', '6Dyi6v8V62E5HBbWcYo3VvelXBD0pQI6wye', '2022-01-02 05:49:45', '2022-01-02 05:51:02'),
(186, 49, 7, 0, 0, '10 YEARS', 'wKjEOr1naCJv15aAgFnD42rJ1hGBSlppwOK', '2022-01-02 05:55:23', '2022-01-02 05:56:47'),
(187, 50, 9, 0, 0, 'asd', 'bt80G3U7RO8cNwPtienUrYg4z4Oh62ic8Uo', '2022-01-02 07:08:37', '2022-01-02 07:08:59'),
(188, 50, 10, 0, 0, 'sad', 'bt80G3U7RO8cNwPtienUrYg4z4Oh62ic8Uo', '2022-01-02 07:08:37', '2022-01-02 07:08:59'),
(189, 50, 11, 0, 0, 'sad', 'bt80G3U7RO8cNwPtienUrYg4z4Oh62ic8Uo', '2022-01-02 07:08:37', '2022-01-02 07:08:59'),
(191, 52, 7, 0, 0, '5 years', '4I88UfN941RKd8d9m1hCmpz6TcG0tRqC2J1', '2022-01-03 14:57:19', '2022-01-03 14:58:55'),
(192, 0, 7, 0, 0, '5 years', 'H3ndsd7FSURIj22YO8Ba2R4J221J22ECZpl', '2022-01-03 15:04:01', NULL),
(193, 53, 7, 0, 0, '5 years', '175Eoj5cLA4Uk49bDQsR2CPGr96fWXdp5q6', '2022-01-07 09:54:17', '2022-01-07 09:55:41'),
(194, 0, 7, 0, 0, '5 years', 'B8pD9TCsTg3n8OOCuUVE9VdAHcSfCWztMV7', '2022-01-11 14:53:59', NULL),
(195, 0, 7, 0, 0, '5 years', 'MOK80GmvAK8qkb4XytUix4GV8IG4zfqWP2r', '2022-01-13 16:43:18', NULL),
(196, 54, 7, 0, 0, '10 years', '2rkQzYc2eDyBgwGC1PNrJ6oZrmw27nh5D9L', '2022-01-18 16:19:43', '2022-01-18 16:22:20'),
(197, 55, 7, 0, 0, '5 years', '7ni6Jdl6ml9O8iY65BrR1JPfhXf9G94rw0w', '2022-01-19 07:09:59', '2022-01-19 07:12:36'),
(198, 56, 7, 0, 0, '5 years', 'p9yg6a84kM617myl071F2ZBH7MSEQwqy51R', '2022-01-19 09:15:14', '2022-01-19 09:15:38'),
(199, 57, 7, 0, 0, '5 years', 'UqVtLpUvF16P2J2oNnHiWOKGul23M7T182J', '2022-01-19 12:42:06', '2022-01-19 12:43:35'),
(200, 60, 7, 0, 0, '5 years', '3jks5PR220CYzzyWMicUjeePf3y3QFI2BIC', '2022-01-29 03:36:50', '2022-01-29 03:40:16'),
(201, 60, 10, 0, 0, '5 years', '3jks5PR220CYzzyWMicUjeePf3y3QFI2BIC', '2022-01-29 03:36:50', '2022-01-29 03:40:16'),
(202, 61, 7, 0, 0, '5 years', '4Pps1PRTK84fAQXYbijiP3t3E8iO246Zx48', '2022-01-29 03:43:23', '2022-01-29 03:46:09'),
(203, 0, 7, 0, 0, '10 YEARS', 'RtwDi89lntOAD30Hq365Ii9U0GH83PfP0X9', '2022-01-29 05:42:39', NULL),
(204, 63, 7, 0, 0, '10 YEARS', 'H4efqdgbHwDdmb3TB1l3u2J8JlH61r34gXO', '2022-01-29 05:43:03', '2022-01-29 05:44:43'),
(205, 0, 8, 0, 0, '5 years', 'muNwT3KDe9KN567KlCMJusIVHKyKI416Rzw', '2022-01-31 10:11:55', NULL),
(206, 0, 8, 0, 0, '5 years', '9uh7Wv1FVqa9qTmOVvh9hMwFNMh417Or0wg', '2022-01-31 10:13:23', NULL),
(207, 67, 7, 0, 0, '5', 'xg70Yi0TJ8T4roJaWS4tGxyoNt7T1RvZqad', '2022-01-31 10:14:47', '2022-01-31 10:15:10'),
(208, 0, 9, 0, 0, '5 years', 'VpYksiIHl6K0N2a19T4mL6VakT16457g4q7', '2022-02-06 14:06:51', NULL),
(209, 69, 9, 0, 0, '5 years', 'Xu2J4446vTV6Fojkl2Pq879xGLG60m6dGXu', '2022-02-06 14:08:02', '2022-02-06 14:12:23'),
(210, 0, 7, 0, 0, 'dfgfdg', '1C8gZhWEHIawDptG3741T34HCf8xPKvXbYx', '2022-02-13 16:40:49', NULL),
(211, 0, 8, 0, 0, 'fdg', '1C8gZhWEHIawDptG3741T34HCf8xPKvXbYx', '2022-02-13 16:40:49', NULL),
(212, 0, 7, 0, 0, 'dfgfdg', 'K1F9Z34TW77lJgigJNasxSl71DR84HTb0L2', '2022-02-13 16:41:17', NULL),
(213, 0, 8, 0, 0, 'fdg', 'K1F9Z34TW77lJgigJNasxSl71DR84HTb0L2', '2022-02-13 16:41:17', NULL),
(214, 0, 7, 0, 0, 'dfgfdg', 'yqxj3oMuAtPm0Qn7ccj77M2lCmNuskzOtmQ', '2022-02-13 16:42:01', NULL),
(215, 0, 8, 0, 0, 'fdg', 'yqxj3oMuAtPm0Qn7ccj77M2lCmNuskzOtmQ', '2022-02-13 16:42:01', NULL),
(216, 0, 7, 0, 0, 'dfgfdg', 'KnwR1bPZm3X445QO8u6Dsnu2fVajk15dlAT', '2022-02-13 16:42:15', NULL),
(217, 0, 8, 0, 0, 'fdg', 'KnwR1bPZm3X445QO8u6Dsnu2fVajk15dlAT', '2022-02-13 16:42:15', NULL),
(218, 0, 7, 0, 0, 'safsa', '4Qv4nKz7o16LqiTQ4qZd7MbG0ZFkZ20F1be', '2022-02-13 16:42:56', NULL),
(219, 0, 9, 0, 0, 'fasf', '4Qv4nKz7o16LqiTQ4qZd7MbG0ZFkZ20F1be', '2022-02-13 16:42:56', NULL),
(220, 0, 11, 0, 0, 'fasf', '4Qv4nKz7o16LqiTQ4qZd7MbG0ZFkZ20F1be', '2022-02-13 16:42:56', NULL),
(221, 0, 7, 0, 0, 'safsa', 's7KvcN4x9N196QHnIF7zVeIMupeqATBazbM', '2022-02-13 16:43:15', NULL),
(222, 0, 9, 0, 0, 'fasf', 's7KvcN4x9N196QHnIF7zVeIMupeqATBazbM', '2022-02-13 16:43:15', NULL),
(223, 0, 11, 0, 0, 'fasf', 's7KvcN4x9N196QHnIF7zVeIMupeqATBazbM', '2022-02-13 16:43:15', NULL),
(224, 0, 7, 0, 0, 'dg', '6zy5fH4L09Gg5Y3Pi13qbd2gf7qgo5pYwWR', '2022-02-13 16:46:07', NULL),
(225, 0, 8, 0, 0, 'dsgds', '6zy5fH4L09Gg5Y3Pi13qbd2gf7qgo5pYwWR', '2022-02-13 16:46:07', NULL),
(226, 0, 9, 0, 0, 'gds', '6zy5fH4L09Gg5Y3Pi13qbd2gf7qgo5pYwWR', '2022-02-13 16:46:07', NULL),
(227, 84, 7, 0, 0, 'wqewqe', 'V9ypIzVyRuCWI9Ba4P1DOnU8X5P5gxSlE6X', '2022-02-18 17:36:39', '2022-02-18 17:36:50'),
(228, 84, 9, 0, 0, 'qwewqe', 'V9ypIzVyRuCWI9Ba4P1DOnU8X5P5gxSlE6X', '2022-02-18 17:36:39', '2022-02-18 17:36:50'),
(229, 84, 10, 0, 0, 'qwe', 'V9ypIzVyRuCWI9Ba4P1DOnU8X5P5gxSlE6X', '2022-02-18 17:36:39', '2022-02-18 17:36:50'),
(230, 85, 7, 0, 0, '5 years', 'FrwbmauSmHOW28RmR76L63rb7nwW81pPOPj', '2022-02-19 15:44:57', '2022-02-19 15:48:33'),
(231, 89, 9, 0, 0, '5 YEARS', 'E5O69Y1pWLl87r9v7DOF5Sjg7Y14ZU6ozt2', '2022-03-08 07:02:54', '2022-03-08 07:05:13'),
(232, 90, 8, 0, 0, '5 years', 'H6X1KOXsUz1e51QvRR55ytq9q3248444Jjz', '2022-03-10 06:53:39', '2022-03-10 06:53:53'),
(233, 0, 7, 0, 0, 'WEFEW', 'Qk0HnLzUYZHC9gg50aV111O61yGiF6LXE80', '2022-03-13 13:56:20', NULL),
(234, 0, 9, 0, 0, 'WEFEWF', 'Qk0HnLzUYZHC9gg50aV111O61yGiF6LXE80', '2022-03-13 13:56:20', NULL),
(235, 92, 8, 0, 0, '567', '929366xeqEU154id8l4LnPIigiKba8Wzyle', '2022-03-13 13:58:50', '2022-03-13 13:59:07'),
(236, 92, 11, 0, 0, '567', '929366xeqEU154id8l4LnPIigiKba8Wzyle', '2022-03-13 13:58:50', '2022-03-13 13:59:07'),
(237, 94, 7, 0, 0, '12', 'K0QG1ycC5K465UNliAj1yrWBWFfnh8Le17K', '2022-03-14 17:21:58', '2022-03-14 17:22:27'),
(238, 94, 8, 0, 0, '12', 'K0QG1ycC5K465UNliAj1yrWBWFfnh8Le17K', '2022-03-14 17:21:58', '2022-03-14 17:22:27'),
(239, 94, 9, 0, 0, '12', 'K0QG1ycC5K465UNliAj1yrWBWFfnh8Le17K', '2022-03-14 17:21:58', '2022-03-14 17:22:27'),
(240, 97, 7, 0, 0, '5 years', 'M7sMM2tS4882441txaWfl1cizT16cjK5nDF', '2022-03-18 16:26:54', '2022-03-18 16:30:50'),
(241, 97, 8, 0, 0, '5 years', 'M7sMM2tS4882441txaWfl1cizT16cjK5nDF', '2022-03-18 16:26:54', '2022-03-18 16:30:50'),
(242, 101, 7, 0, 0, '5 years', 'Q86X8DwKVyzG96X8l28cl3cdaZpxp6148W9', '2022-04-01 16:17:33', '2022-04-01 16:56:22'),
(243, 0, 7, 0, 0, '5 years', 'p73BUQGorfX30R9RGlNZjT9DJZeUP1635t2', '2022-04-01 17:18:38', NULL),
(244, 105, 10, 0, 0, '5 years', 'H8VB3z68196S1VMnQT9cVU3D2eA9WXi1DX3', '2022-04-05 04:12:13', '2022-04-05 04:12:21'),
(245, 0, 7, 0, 0, '5yrs undr rx ', 'B3mbI3CEq2ARkqe0I0ljHW27Fqy0566Ue98', '2022-04-18 10:22:09', NULL),
(246, 111, 10, 0, 0, '10 YEARS', '0ME1GYOJnwET0x3xUGiFoLW81o85Op818Xs', '2022-05-06 03:05:34', '2022-05-06 03:07:58');

-- --------------------------------------------------------

--
-- Table structure for table `examination_ophthalmic_history`
--

CREATE TABLE `examination_ophthalmic_history` (
  `examination_ophthalmic_history_id` int(10) NOT NULL,
  `examination_id` int(10) NOT NULL,
  `ophthalmic_history_id` int(10) NOT NULL,
  `eye_left` int(5) NOT NULL DEFAULT '0' COMMENT '0.no,1:yes',
  `eye_right` int(5) NOT NULL DEFAULT '0' COMMENT '0:no,1:yes',
  `eye_be` int(5) NOT NULL DEFAULT '0' COMMENT '0:no,1:yes',
  `remarks` text COLLATE utf8_unicode_ci NOT NULL,
  `temp_id` varchar(200) COLLATE utf8_unicode_ci DEFAULT NULL COMMENT 'ref id',
  `created_date` timestamp NOT NULL DEFAULT CURRENT_TIMESTAMP,
  `updated_date` timestamp NULL DEFAULT NULL ON UPDATE CURRENT_TIMESTAMP
) ENGINE=InnoDB DEFAULT CHARSET=utf8 COLLATE=utf8_unicode_ci;

--
-- Dumping data for table `examination_ophthalmic_history`
--

INSERT INTO `examination_ophthalmic_history` (`examination_ophthalmic_history_id`, `examination_id`, `ophthalmic_history_id`, `eye_left`, `eye_right`, `eye_be`, `remarks`, `temp_id`, `created_date`, `updated_date`) VALUES
(1, 0, 1, 1, 1, 0, 'sad', 'nBbrvEdqz2A7tScDbxfLrASOBjx08gN7vvU', '2021-11-05 15:12:58', NULL),
(2, 0, 3, 0, 1, 0, 'sad', 'nBbrvEdqz2A7tScDbxfLrASOBjx08gN7vvU', '2021-11-05 15:12:58', NULL),
(3, 0, 4, 0, 0, 0, 'sad', 'nBbrvEdqz2A7tScDbxfLrASOBjx08gN7vvU', '2021-11-05 15:12:58', NULL),
(4, 0, 6, 0, 0, 0, 'sd', 'nBbrvEdqz2A7tScDbxfLrASOBjx08gN7vvU', '2021-11-05 15:12:58', NULL),
(5, 0, 1, 1, 1, 0, 'sad', 'C47xD7JZarLuQ5eSRPwLw3MfMz1fV40NbgV', '2021-11-05 15:25:37', NULL),
(6, 0, 3, 0, 1, 0, 'sad', 'C47xD7JZarLuQ5eSRPwLw3MfMz1fV40NbgV', '2021-11-05 15:25:37', NULL),
(7, 0, 4, 0, 0, 0, 'sad', 'C47xD7JZarLuQ5eSRPwLw3MfMz1fV40NbgV', '2021-11-05 15:25:37', NULL),
(8, 0, 6, 0, 0, 0, 'sd', 'C47xD7JZarLuQ5eSRPwLw3MfMz1fV40NbgV', '2021-11-05 15:25:37', NULL),
(9, 0, 1, 1, 1, 0, 'sad', 'sUveXRfBUfcnuASuaopvPYyYraaR6Oq7hvY', '2021-11-05 15:26:10', NULL),
(10, 0, 3, 0, 1, 0, 'sad', 'sUveXRfBUfcnuASuaopvPYyYraaR6Oq7hvY', '2021-11-05 15:26:10', NULL),
(11, 0, 4, 0, 0, 0, 'sad', 'sUveXRfBUfcnuASuaopvPYyYraaR6Oq7hvY', '2021-11-05 15:26:10', NULL),
(12, 0, 6, 0, 0, 0, 'sd', 'sUveXRfBUfcnuASuaopvPYyYraaR6Oq7hvY', '2021-11-05 15:26:10', NULL),
(13, 0, 1, 1, 1, 0, 'sad', 'XsfLoaR987uns71bh1plaPr088uehbiEp31', '2021-11-05 15:26:57', NULL),
(14, 0, 3, 0, 1, 0, 'sad', 'XsfLoaR987uns71bh1plaPr088uehbiEp31', '2021-11-05 15:26:57', NULL),
(15, 0, 4, 0, 0, 0, 'sad', 'XsfLoaR987uns71bh1plaPr088uehbiEp31', '2021-11-05 15:26:57', NULL),
(16, 0, 6, 0, 0, 0, 'sd', 'XsfLoaR987uns71bh1plaPr088uehbiEp31', '2021-11-05 15:26:57', NULL),
(17, 0, 1, 1, 1, 0, 'sad', 'lXAakzrWwHYPzZRvmaCidDyHlwYNfoT1Udp', '2021-11-05 15:28:41', NULL),
(18, 0, 3, 0, 1, 0, 'sad', 'lXAakzrWwHYPzZRvmaCidDyHlwYNfoT1Udp', '2021-11-05 15:28:41', NULL),
(19, 0, 4, 0, 0, 0, 'sad', 'lXAakzrWwHYPzZRvmaCidDyHlwYNfoT1Udp', '2021-11-05 15:28:41', NULL),
(20, 0, 6, 0, 0, 0, 'sd', 'lXAakzrWwHYPzZRvmaCidDyHlwYNfoT1Udp', '2021-11-05 15:28:41', NULL),
(21, 0, 1, 1, 1, 0, 'sad', 'MpbDeQEwWP22SetO2GWpofgg1hbRXUYf1v4', '2021-11-05 15:29:45', NULL),
(22, 0, 3, 0, 1, 0, 'sad', 'MpbDeQEwWP22SetO2GWpofgg1hbRXUYf1v4', '2021-11-05 15:29:45', NULL),
(23, 0, 4, 0, 0, 0, 'sad', 'MpbDeQEwWP22SetO2GWpofgg1hbRXUYf1v4', '2021-11-05 15:29:45', NULL),
(24, 0, 6, 0, 0, 0, 'sd', 'MpbDeQEwWP22SetO2GWpofgg1hbRXUYf1v4', '2021-11-05 15:29:45', NULL),
(25, 0, 1, 1, 1, 0, 'sad', 'D1zNe8TZg0WL6BV9fkcO1PaPxLCeuvlDn7Z', '2021-11-05 15:30:27', NULL),
(26, 0, 3, 0, 1, 0, 'sad', 'D1zNe8TZg0WL6BV9fkcO1PaPxLCeuvlDn7Z', '2021-11-05 15:30:27', NULL),
(27, 0, 4, 0, 0, 0, 'sad', 'D1zNe8TZg0WL6BV9fkcO1PaPxLCeuvlDn7Z', '2021-11-05 15:30:27', NULL),
(28, 0, 6, 0, 0, 0, 'sd', 'D1zNe8TZg0WL6BV9fkcO1PaPxLCeuvlDn7Z', '2021-11-05 15:30:27', NULL),
(29, 0, 1, 1, 1, 0, 'sad', '2sTg0y909T95nk3C6zHzd8ctyAKwKd0jGTM', '2021-11-05 15:33:57', NULL),
(30, 0, 3, 0, 1, 0, 'sad', '2sTg0y909T95nk3C6zHzd8ctyAKwKd0jGTM', '2021-11-05 15:33:57', NULL),
(31, 0, 4, 0, 0, 0, 'sad', '2sTg0y909T95nk3C6zHzd8ctyAKwKd0jGTM', '2021-11-05 15:33:57', NULL),
(32, 0, 6, 0, 0, 0, 'sd', '2sTg0y909T95nk3C6zHzd8ctyAKwKd0jGTM', '2021-11-05 15:33:57', NULL),
(33, 0, 1, 1, 1, 0, 'sad', 'aX4k4uxtPx6FpywOzRUHPL8MAfWmOfjxBZx', '2021-11-05 15:34:15', NULL),
(34, 0, 3, 0, 1, 0, 'sad', 'aX4k4uxtPx6FpywOzRUHPL8MAfWmOfjxBZx', '2021-11-05 15:34:15', NULL),
(35, 0, 4, 0, 0, 0, 'sad', 'aX4k4uxtPx6FpywOzRUHPL8MAfWmOfjxBZx', '2021-11-05 15:34:15', NULL),
(36, 0, 6, 0, 0, 0, 'sd', 'aX4k4uxtPx6FpywOzRUHPL8MAfWmOfjxBZx', '2021-11-05 15:34:15', NULL),
(37, 0, 1, 1, 1, 0, '', 'J9XoXSbehHVViZb4w19LHRctibAIt9IZarZ', '2021-11-06 16:17:35', NULL),
(38, 0, 3, 0, 0, 0, 'dsfsd', 'J9XoXSbehHVViZb4w19LHRctibAIt9IZarZ', '2021-11-06 16:17:35', NULL),
(39, 0, 4, 0, 0, 0, 'df', 'J9XoXSbehHVViZb4w19LHRctibAIt9IZarZ', '2021-11-06 16:17:35', NULL),
(40, 0, 1, 0, 0, 0, '1', '2iVd8fxHA61LvV6vUJaDilxDPkyr4GHvi9L', '2021-11-07 05:09:59', NULL),
(41, 0, 3, 0, 0, 0, '2', '2iVd8fxHA61LvV6vUJaDilxDPkyr4GHvi9L', '2021-11-07 05:09:59', NULL),
(42, 0, 4, 0, 0, 0, '12', '2iVd8fxHA61LvV6vUJaDilxDPkyr4GHvi9L', '2021-11-07 05:09:59', NULL),
(43, 0, 5, 0, 0, 0, '2', '2iVd8fxHA61LvV6vUJaDilxDPkyr4GHvi9L', '2021-11-07 05:09:59', NULL),
(44, 0, 1, 0, 0, 0, '213', 'K75IvZF53tV9TG25ohzd4i2FlAo3ZiRS1eu', '2021-11-07 05:48:24', NULL),
(45, 0, 1, 0, 0, 0, '213', 'cxtf1gcLA1RRvbagdxkqD5PJkI7fCOFb4YP', '2021-11-07 05:48:31', NULL),
(46, 0, 1, 0, 0, 0, '213', 'cWnnk5xOaaq8jprmYfkDcFpdH8Otrwk7Ojn', '2021-11-07 05:49:41', NULL),
(50, 0, 4, 0, 0, 0, 'erter', 'dp97kwtmT74HWq6GYM9JmFBRiKtJGJsehFb', '2021-11-13 06:59:52', NULL),
(51, 0, 4, 0, 0, 0, 'erter', 'om14bXVAkAFn0zse1YH0OUC0G0qf3nhVCYO', '2021-11-13 07:00:41', NULL),
(52, 0, 4, 0, 0, 0, 'erter', 'kC4Kw7LWPEsFFnEgraRhXfdX78oR316uXyR', '2021-11-13 07:01:05', NULL),
(53, 0, 4, 0, 0, 0, '12', 'TrPVORidNnRVfCV7WNCPt5I4kw24GKOQL8Q', '2021-11-13 07:43:42', NULL),
(54, 0, 4, 0, 0, 0, '12', '2A7EPWN9DlsDjnw5CsGyiO2fc98UaWyUeE3', '2021-11-13 08:24:46', NULL),
(55, 0, 3, 0, 0, 0, 'ewfr', 'W0jv36Wh1XJ11W39fLVK3Xj2H9PdOcI2SoO', '2021-11-14 14:36:51', NULL),
(56, 0, 4, 0, 0, 0, 'weew', 'W0jv36Wh1XJ11W39fLVK3Xj2H9PdOcI2SoO', '2021-11-14 14:36:51', NULL),
(57, 0, 3, 0, 0, 0, 'qwe', 'KdHPd5886QeAVZGFerrtIWbFvxgihxOa8vF', '2021-11-14 14:59:38', NULL),
(58, 0, 4, 0, 0, 0, 'qwe', 'KdHPd5886QeAVZGFerrtIWbFvxgihxOa8vF', '2021-11-14 14:59:38', NULL),
(59, 0, 5, 0, 0, 0, 'qwe', 'KdHPd5886QeAVZGFerrtIWbFvxgihxOa8vF', '2021-11-14 14:59:38', NULL),
(60, 0, 1, 0, 0, 0, '6 years back', 'tSUnVK7z8znf2W1PN6XD5BZEQI7kO4VK632', '2021-11-15 15:02:04', NULL),
(61, 0, 3, 0, 0, 0, '6 years back', 'tSUnVK7z8znf2W1PN6XD5BZEQI7kO4VK632', '2021-11-15 15:02:04', NULL),
(62, 0, 1, 0, 0, 0, '6 years back', 'yt0ttwmIBTJ29WB8RYFGtL5m20IvGo5ck6E', '2021-11-15 15:02:23', NULL),
(63, 0, 3, 0, 0, 0, '6 years back', 'yt0ttwmIBTJ29WB8RYFGtL5m20IvGo5ck6E', '2021-11-15 15:02:23', NULL),
(64, 0, 4, 0, 0, 0, 'fwf', 'wc4NTS36KjE1i68tiR5OZy6DPvvdiAO3czE', '2021-11-16 16:00:59', NULL),
(65, 0, 5, 0, 0, 0, 'wfw', 'wc4NTS36KjE1i68tiR5OZy6DPvvdiAO3czE', '2021-11-16 16:00:59', NULL),
(66, 0, 1, 0, 0, 0, '23', 'qfpRiD0zg7dLiSTol7w7g00xtDBmc0c38Kq', '2021-11-16 16:01:41', NULL),
(67, 0, 4, 1, 0, 0, '12', 'qfpRiD0zg7dLiSTol7w7g00xtDBmc0c38Kq', '2021-11-16 16:01:41', '2021-11-16 16:13:25'),
(68, 0, 1, 0, 0, 0, '23', 'm9n3vt5pg5fY5Y6qdMDM62bL05D55TP537u', '2021-11-17 13:28:50', NULL),
(69, 0, 4, 0, 0, 0, '12', 'm9n3vt5pg5fY5Y6qdMDM62bL05D55TP537u', '2021-11-17 13:28:50', NULL),
(70, 0, 6, 0, 0, 0, 'sadsad', 'm9n3vt5pg5fY5Y6qdMDM62bL05D55TP537u', '2021-11-17 13:28:50', NULL),
(71, 0, 1, 0, 0, 0, '23', '43fMqEV4ljao64fWO3qDbLXyVtMfUaOUBwp', '2021-11-17 14:14:04', NULL),
(72, 0, 4, 0, 0, 0, '12', '43fMqEV4ljao64fWO3qDbLXyVtMfUaOUBwp', '2021-11-17 14:14:04', NULL),
(73, 0, 6, 0, 0, 0, 'sadsad', '43fMqEV4ljao64fWO3qDbLXyVtMfUaOUBwp', '2021-11-17 14:14:04', NULL),
(74, 0, 1, 0, 0, 0, '23', '1s9dM6vZf9s3nzwqR1tFLoPugD272SlcFEU', '2021-11-17 14:20:32', NULL),
(75, 0, 3, 0, 0, 0, 'sd', '1s9dM6vZf9s3nzwqR1tFLoPugD272SlcFEU', '2021-11-17 14:20:32', NULL),
(76, 0, 4, 0, 0, 0, '12', '1s9dM6vZf9s3nzwqR1tFLoPugD272SlcFEU', '2021-11-17 14:20:32', NULL),
(77, 0, 6, 0, 0, 0, 'sadsad', '1s9dM6vZf9s3nzwqR1tFLoPugD272SlcFEU', '2021-11-17 14:20:32', NULL),
(78, 0, 1, 0, 0, 0, '23', 'k7GjbNN3BBD5iY8bc9K7dQiX91c325WrVtm', '2021-11-17 14:29:59', NULL),
(79, 0, 3, 0, 0, 0, 'sd', 'k7GjbNN3BBD5iY8bc9K7dQiX91c325WrVtm', '2021-11-17 14:29:59', NULL),
(80, 0, 4, 0, 0, 0, '12', 'k7GjbNN3BBD5iY8bc9K7dQiX91c325WrVtm', '2021-11-17 14:29:59', NULL),
(81, 0, 6, 0, 0, 0, 'sadsad', 'k7GjbNN3BBD5iY8bc9K7dQiX91c325WrVtm', '2021-11-17 14:29:59', NULL),
(82, 0, 1, 1, 0, 0, '23', 'VbvxyzxxTGbe3lmNIPqA6WgFXY93mHYYhOL', '2021-11-17 14:34:46', NULL),
(83, 0, 3, 0, 1, 0, '', 'VbvxyzxxTGbe3lmNIPqA6WgFXY93mHYYhOL', '2021-11-17 14:34:46', NULL),
(84, 0, 4, 1, 0, 0, '12', 'VbvxyzxxTGbe3lmNIPqA6WgFXY93mHYYhOL', '2021-11-17 14:34:46', NULL),
(85, 0, 6, 0, 1, 0, 'sadsad', 'VbvxyzxxTGbe3lmNIPqA6WgFXY93mHYYhOL', '2021-11-17 14:34:46', NULL),
(86, 14, 1, 0, 0, 0, '23', 'jRs292J7nlS1TSGZq7cEeMAlAQbte6z9ofp', '2021-11-17 15:25:09', '2021-11-20 17:45:47'),
(87, 14, 3, 0, 1, 0, '', 'jRs292J7nlS1TSGZq7cEeMAlAQbte6z9ofp', '2021-11-17 15:25:09', '2021-11-20 17:45:47'),
(88, 14, 4, 0, 0, 0, '12', 'jRs292J7nlS1TSGZq7cEeMAlAQbte6z9ofp', '2021-11-17 15:25:09', '2021-11-20 17:45:47'),
(89, 14, 5, 1, 0, 0, '', 'jRs292J7nlS1TSGZq7cEeMAlAQbte6z9ofp', '2021-11-17 15:25:09', '2021-11-20 17:45:47'),
(90, 14, 6, 0, 0, 0, 'sadsad', 'jRs292J7nlS1TSGZq7cEeMAlAQbte6z9ofp', '2021-11-17 15:25:09', '2021-11-20 17:45:47'),
(91, 0, 43, 0, 0, 0, '12', 'nv1eq3n7146F16eMu7MGxloON83477EM13T', '2021-11-21 05:05:12', NULL),
(92, 17, 43, 0, 0, 0, '12', '4Rm87zw5RX14Z15AtNJQbmXwyp2GgtrI04t', '2021-11-21 05:05:27', '2021-11-21 05:06:11'),
(93, 18, 42, 1, 1, 0, '5 years', 'kkalBPE5yLQ3N75ygieCRDyeLQzR0p8yZ33', '2021-11-21 05:16:45', '2021-11-21 05:23:04'),
(94, 19, 41, 1, 1, 0, '6 years back', 'RcxTtaCMpRz0tnsLNKwB7qBq3c3v3wFs7md', '2021-11-21 05:38:15', '2021-11-21 05:39:51'),
(95, 20, 43, 0, 0, 0, '121', 'PVV2wusoAD5hukF0so0JcsXj5X8g5qcQ6Un', '2021-11-21 06:15:51', '2021-11-21 06:16:08'),
(96, 21, 41, 1, 0, 0, '', 'ipUoQK4Xtn8uzSYyn160WiHyvQwR2vZhW9b', '2021-11-21 10:06:48', '2021-11-21 10:09:44'),
(97, 22, 42, 1, 0, 0, '', 'Cw266eLIw83MfDb3KB9HO0p4Mcg9C694MtY', '2021-11-21 10:20:58', '2021-11-21 10:21:57'),
(98, 22, 43, 0, 1, 0, '', 'Cw266eLIw83MfDb3KB9HO0p4Mcg9C694MtY', '2021-11-21 10:20:58', '2021-11-21 10:21:57'),
(99, 23, 41, 1, 0, 0, '', 'mMT65GIwiAqz40gTiuog1ON3FetgMGFgqQC', '2021-11-21 10:32:54', '2021-11-21 10:33:05'),
(100, 23, 42, 0, 1, 0, '', 'mMT65GIwiAqz40gTiuog1ON3FetgMGFgqQC', '2021-11-21 10:32:54', '2021-11-21 10:33:05'),
(101, 24, 41, 1, 0, 0, '', '0E0fD6KY825KB4VeH7NzmIo3iajSZHtJ5JS', '2021-11-21 14:42:43', '2021-11-21 14:44:22'),
(102, 24, 42, 0, 1, 0, '', '0E0fD6KY825KB4VeH7NzmIo3iajSZHtJ5JS', '2021-11-21 14:42:43', '2021-11-21 14:44:22'),
(103, 25, 42, 0, 1, 0, 'fgbfhbfdgh', 'fTYWP2xtmW5bkq474CbIEIRJ17EPBik5uIA', '2021-11-23 06:25:46', '2021-11-23 06:26:33'),
(104, 26, 41, 0, 0, 0, '23232', '93U1Z1Cn1G1RD1p0DBwK86Xk1ws731crol7', '2021-11-24 13:41:01', '2021-11-24 13:41:11'),
(105, 26, 42, 0, 0, 0, '23', '93U1Z1Cn1G1RD1p0DBwK86Xk1ws731crol7', '2021-11-24 13:41:01', '2021-11-24 13:41:11'),
(106, 27, 41, 1, 0, 0, '', 'cv5vpbX1kHDuFPIHD6dze6b29RK71K6C6K6', '2021-11-25 07:14:19', '2021-11-25 07:17:12'),
(107, 27, 42, 0, 1, 0, '', 'cv5vpbX1kHDuFPIHD6dze6b29RK71K6C6K6', '2021-11-25 07:14:19', '2021-11-25 07:17:12'),
(108, 28, 41, 1, 0, 0, '', '805m8YQyR5q7Z672Bz3naST72gEfytV1Y6n', '2021-11-25 07:34:39', '2021-11-25 07:35:17'),
(109, 28, 42, 0, 1, 0, '', '805m8YQyR5q7Z672Bz3naST72gEfytV1Y6n', '2021-11-25 07:34:39', '2021-11-25 07:35:17'),
(110, 29, 41, 1, 0, 0, '', 'ir8LL1RF2BBVw9X14u9q5zxZrhLa1w6b1dS', '2021-11-26 07:36:39', '2021-11-26 07:38:06'),
(111, 29, 43, 0, 1, 0, '', 'ir8LL1RF2BBVw9X14u9q5zxZrhLa1w6b1dS', '2021-11-26 07:36:39', '2021-11-26 07:38:06'),
(112, 30, 41, 1, 0, 0, '5 years back', 'ln05baLMLF3JQDG210Kx0NgHiJri8lyH806', '2021-11-28 04:25:01', '2021-11-28 04:28:49'),
(113, 31, 41, 1, 0, 0, '5Y', 'mVyQ2koiFUw0Xek8lgmhfB6V2NNaVe0pxPF', '2021-11-29 16:16:10', '2021-11-29 16:17:18'),
(114, 31, 42, 0, 1, 0, '6Y', 'mVyQ2koiFUw0Xek8lgmhfB6V2NNaVe0pxPF', '2021-11-29 16:16:10', '2021-11-29 16:17:18'),
(115, 32, 41, 1, 0, 0, '', 'XR6bVVZzFg1sIc7Pyb3xrLTqG0ZZmG3N8E7', '2021-12-12 04:24:33', '2021-12-12 04:25:56'),
(116, 32, 42, 0, 1, 0, '', 'XR6bVVZzFg1sIc7Pyb3xrLTqG0ZZmG3N8E7', '2021-12-12 04:24:33', '2021-12-12 04:25:56'),
(117, 34, 42, 1, 1, 0, '6 years', 'mEzdN48lxnyxcHwFuPwlLH8IA84bpmOe1Ha', '2021-12-17 12:03:04', '2021-12-17 12:03:56'),
(118, 35, 41, 0, 1, 0, '121', '1yA1Me6J9Mzptj4Z02Sh5IUsX92J5wH5o53', '2021-12-21 16:31:36', '2021-12-21 16:31:54'),
(119, 36, 42, 0, 1, 0, '213', 'LK9Lae3v85bRW1GQSiNMGaIIPlgk9d6oQC5', '2021-12-22 14:58:29', '2021-12-22 14:59:14'),
(120, 36, 42, 0, 1, 0, '213', 'X0fO6i11847mkFm0lqvSlKbNNAa1htSoZ5R', '2021-12-22 14:59:52', '2021-12-22 15:00:03'),
(121, 36, 43, 0, 0, 0, 'dsgfdsg', 'X0fO6i11847mkFm0lqvSlKbNNAa1htSoZ5R', '2021-12-22 14:59:52', '2021-12-22 15:00:03'),
(122, 37, 41, 1, 0, 0, '', 'ZtZs2Ewzz6f5CTA5Xq21BrE3G4mranRudu2', '2021-12-23 07:23:07', '2021-12-23 07:23:23'),
(123, 37, 43, 0, 1, 0, '', 'ZtZs2Ewzz6f5CTA5Xq21BrE3G4mranRudu2', '2021-12-23 07:23:07', '2021-12-23 07:23:23'),
(124, 38, 41, 1, 0, 0, '', 'nART0vTkZr5cI9l1QKC4fLOmlgAEOMI87qT', '2021-12-23 11:01:45', '2021-12-23 11:01:57'),
(125, 38, 42, 0, 1, 0, '', 'nART0vTkZr5cI9l1QKC4fLOmlgAEOMI87qT', '2021-12-23 11:01:45', '2021-12-23 11:01:57'),
(126, 39, 41, 0, 0, 0, '123', 'LuR6Ab2zMT413pdKGtXdRPxSQawqJvzd8B0', '2021-12-23 15:19:45', '2021-12-23 15:20:07'),
(127, 39, 43, 0, 0, 0, '213', 'LuR6Ab2zMT413pdKGtXdRPxSQawqJvzd8B0', '2021-12-23 15:19:45', '2021-12-23 15:20:07'),
(128, 40, 41, 1, 0, 0, '', 'o67R0AyW2O9kr0a402YNz0Ht2Zgh0VicES8', '2021-12-24 05:57:50', '2021-12-24 05:58:45'),
(129, 40, 42, 0, 1, 0, '', 'o67R0AyW2O9kr0a402YNz0Ht2Zgh0VicES8', '2021-12-24 05:57:50', '2021-12-24 05:58:45'),
(130, 41, 41, 1, 0, 0, '', 'SLjTb3V0wTm0P6Soyc4Rg4QFD1S9XBniY26', '2021-12-24 06:01:03', '2021-12-24 06:01:10'),
(131, 41, 42, 0, 1, 0, '', 'SLjTb3V0wTm0P6Soyc4Rg4QFD1S9XBniY26', '2021-12-24 06:01:03', '2021-12-24 06:01:10'),
(132, 42, 41, 1, 0, 0, '', 'KlilH5q3mT2vrfDJAisfz36Dl6091rUG5zc', '2021-12-24 06:10:11', '2021-12-24 06:11:27'),
(133, 42, 42, 0, 1, 0, '', 'KlilH5q3mT2vrfDJAisfz36Dl6091rUG5zc', '2021-12-24 06:10:11', '2021-12-24 06:11:27'),
(134, 42, 43, 1, 1, 0, '', 'KlilH5q3mT2vrfDJAisfz36Dl6091rUG5zc', '2021-12-24 06:10:11', '2021-12-24 06:11:27'),
(135, 43, 41, 1, 0, 1, 'sfd', 'Fhl71AlS6kLEOV6KdgbkL4rqqpZ7YD720HZ', '2021-12-25 04:47:08', '2021-12-25 04:47:34'),
(136, 43, 42, 0, 0, 0, 'dsfdsf', 'Fhl71AlS6kLEOV6KdgbkL4rqqpZ7YD720HZ', '2021-12-25 04:47:08', '2021-12-25 04:47:34'),
(137, 43, 43, 0, 0, 1, 'sdf', 'Fhl71AlS6kLEOV6KdgbkL4rqqpZ7YD720HZ', '2021-12-25 04:47:08', '2021-12-25 04:47:34'),
(138, 0, 41, 1, 0, 0, '', 'sj09R1NIsm3rG8hW0Z90Jb6MNgUsoioKmSk', '2021-12-26 06:33:03', NULL),
(139, 0, 42, 1, 0, 0, '', 'sj09R1NIsm3rG8hW0Z90Jb6MNgUsoioKmSk', '2021-12-26 06:33:03', NULL),
(140, 0, 43, 0, 1, 0, '', 'sj09R1NIsm3rG8hW0Z90Jb6MNgUsoioKmSk', '2021-12-26 06:33:03', NULL),
(141, 0, 41, 1, 0, 0, '', 'Re1uS4qrN4FwGYomEOzVBIroPa4PjoT6yT4', '2021-12-26 06:33:28', NULL),
(142, 0, 42, 1, 0, 0, '', 'Re1uS4qrN4FwGYomEOzVBIroPa4PjoT6yT4', '2021-12-26 06:33:28', NULL),
(143, 0, 43, 0, 1, 0, '', 'Re1uS4qrN4FwGYomEOzVBIroPa4PjoT6yT4', '2021-12-26 06:33:28', NULL),
(144, 0, 41, 1, 0, 0, '', '5FWVkJVkw2opCC0ba1xLCsY597cAuRX8IX1', '2021-12-26 06:33:43', NULL),
(145, 0, 42, 1, 0, 0, '', '5FWVkJVkw2opCC0ba1xLCsY597cAuRX8IX1', '2021-12-26 06:33:43', NULL),
(146, 0, 43, 0, 1, 0, '', '5FWVkJVkw2opCC0ba1xLCsY597cAuRX8IX1', '2021-12-26 06:33:43', NULL),
(147, 44, 41, 1, 0, 0, '', 'ra6kyV9eL23d4E6drVr5ym1P00hwtb0agu5', '2021-12-26 06:36:53', '2021-12-26 06:37:33'),
(148, 44, 42, 1, 0, 0, '', 'ra6kyV9eL23d4E6drVr5ym1P00hwtb0agu5', '2021-12-26 06:36:53', '2021-12-26 06:37:33'),
(149, 44, 43, 0, 1, 0, '', 'ra6kyV9eL23d4E6drVr5ym1P00hwtb0agu5', '2021-12-26 06:36:53', '2021-12-26 06:37:33'),
(150, 0, 41, 0, 0, 0, '12', 'Y5tnWqg989Ufnm9G9Aiu4wbvSwCK6izl6xq', '2021-12-27 15:29:54', NULL),
(151, 0, 42, 0, 0, 1, '12', 'Y5tnWqg989Ufnm9G9Aiu4wbvSwCK6izl6xq', '2021-12-27 15:29:54', NULL),
(152, 0, 41, 0, 0, 0, '12', 'lnSIt0fMx0Q670CYasW6HHbI601eXWJb807', '2021-12-27 15:30:24', NULL),
(153, 0, 42, 0, 0, 1, '12', 'lnSIt0fMx0Q670CYasW6HHbI601eXWJb807', '2021-12-27 15:30:24', NULL),
(154, 47, 41, 1, 0, 0, '12', 'LfixDv5q16uw9b8jVPCT14f2AYE48SzQiM1', '2022-01-02 04:06:58', '2022-01-02 04:07:24'),
(155, 47, 42, 0, 1, 0, '12', 'LfixDv5q16uw9b8jVPCT14f2AYE48SzQiM1', '2022-01-02 04:06:58', '2022-01-02 04:07:24'),
(156, 47, 43, 1, 0, 0, '', 'LfixDv5q16uw9b8jVPCT14f2AYE48SzQiM1', '2022-01-02 04:06:58', '2022-01-02 04:07:24'),
(157, 0, 41, 0, 1, 0, '', 'mGrt3hugBhSX8BTt5LJkv5us51zpxRBW7qp', '2022-01-02 05:48:51', NULL),
(158, 48, 41, 0, 1, 0, '', '6Dyi6v8V62E5HBbWcYo3VvelXBD0pQI6wye', '2022-01-02 05:49:45', '2022-01-02 05:51:02'),
(159, 49, 41, 1, 0, 0, '5 years', 'wKjEOr1naCJv15aAgFnD42rJ1hGBSlppwOK', '2022-01-02 05:55:23', '2022-01-02 05:56:47'),
(160, 49, 42, 0, 1, 0, '5 years', 'wKjEOr1naCJv15aAgFnD42rJ1hGBSlppwOK', '2022-01-02 05:55:23', '2022-01-02 05:56:47'),
(161, 49, 43, 0, 0, 1, '5 years', 'wKjEOr1naCJv15aAgFnD42rJ1hGBSlppwOK', '2022-01-02 05:55:23', '2022-01-02 05:56:47'),
(162, 50, 43, 0, 0, 1, 'asd', 'bt80G3U7RO8cNwPtienUrYg4z4Oh62ic8Uo', '2022-01-02 07:08:37', '2022-01-02 07:08:59'),
(164, 52, 41, 1, 0, 0, '', '4I88UfN941RKd8d9m1hCmpz6TcG0tRqC2J1', '2022-01-03 14:57:19', '2022-01-03 14:58:55'),
(165, 52, 42, 0, 1, 0, '', '4I88UfN941RKd8d9m1hCmpz6TcG0tRqC2J1', '2022-01-03 14:57:19', '2022-01-03 14:58:55'),
(166, 0, 41, 1, 0, 0, '', 'H3ndsd7FSURIj22YO8Ba2R4J221J22ECZpl', '2022-01-03 15:04:01', NULL),
(167, 0, 42, 0, 1, 0, '', 'H3ndsd7FSURIj22YO8Ba2R4J221J22ECZpl', '2022-01-03 15:04:01', NULL),
(168, 53, 41, 1, 0, 0, '', '175Eoj5cLA4Uk49bDQsR2CPGr96fWXdp5q6', '2022-01-07 09:54:17', '2022-01-07 09:55:41'),
(169, 53, 42, 0, 1, 0, '', '175Eoj5cLA4Uk49bDQsR2CPGr96fWXdp5q6', '2022-01-07 09:54:17', '2022-01-07 09:55:41'),
(170, 0, 41, 0, 1, 0, '10 years back', 'B8pD9TCsTg3n8OOCuUVE9VdAHcSfCWztMV7', '2022-01-11 14:53:59', NULL),
(171, 0, 41, 1, 0, 0, '', '50hCkjZcs85Bx4K56Gt0s0IqLue0jtGhyt9', '2022-01-13 16:24:20', NULL),
(172, 0, 42, 0, 1, 0, '', '50hCkjZcs85Bx4K56Gt0s0IqLue0jtGhyt9', '2022-01-13 16:24:20', NULL),
(173, 0, 41, 1, 0, 0, '', 'MOK80GmvAK8qkb4XytUix4GV8IG4zfqWP2r', '2022-01-13 16:43:18', NULL),
(174, 54, 41, 1, 0, 0, '5 days', '2rkQzYc2eDyBgwGC1PNrJ6oZrmw27nh5D9L', '2022-01-18 16:19:43', '2022-01-18 16:22:20'),
(175, 54, 42, 0, 1, 0, '5 years', '2rkQzYc2eDyBgwGC1PNrJ6oZrmw27nh5D9L', '2022-01-18 16:19:43', '2022-01-18 16:22:20'),
(176, 55, 41, 1, 0, 0, '', '7ni6Jdl6ml9O8iY65BrR1JPfhXf9G94rw0w', '2022-01-19 07:09:59', '2022-01-19 07:12:36'),
(177, 55, 42, 0, 1, 0, '', '7ni6Jdl6ml9O8iY65BrR1JPfhXf9G94rw0w', '2022-01-19 07:09:59', '2022-01-19 07:12:36'),
(178, 55, 43, 1, 0, 0, '', '7ni6Jdl6ml9O8iY65BrR1JPfhXf9G94rw0w', '2022-01-19 07:09:59', '2022-01-19 07:12:36'),
(179, 56, 42, 1, 1, 0, '', 'p9yg6a84kM617myl071F2ZBH7MSEQwqy51R', '2022-01-19 09:15:14', '2022-01-19 09:15:38'),
(180, 60, 41, 1, 0, 0, '', '3jks5PR220CYzzyWMicUjeePf3y3QFI2BIC', '2022-01-29 03:36:50', '2022-01-29 03:40:16'),
(181, 60, 42, 0, 1, 0, '', '3jks5PR220CYzzyWMicUjeePf3y3QFI2BIC', '2022-01-29 03:36:50', '2022-01-29 03:40:16'),
(182, 61, 42, 1, 0, 0, '', '4Pps1PRTK84fAQXYbijiP3t3E8iO246Zx48', '2022-01-29 03:43:23', '2022-01-29 03:46:09'),
(183, 61, 43, 0, 1, 0, '', '4Pps1PRTK84fAQXYbijiP3t3E8iO246Zx48', '2022-01-29 03:43:23', '2022-01-29 03:46:09'),
(184, 0, 41, 1, 0, 0, '', 'muNwT3KDe9KN567KlCMJusIVHKyKI416Rzw', '2022-01-31 10:11:55', NULL),
(185, 0, 42, 0, 1, 0, '', 'muNwT3KDe9KN567KlCMJusIVHKyKI416Rzw', '2022-01-31 10:11:55', NULL),
(186, 0, 41, 1, 0, 0, '', '9uh7Wv1FVqa9qTmOVvh9hMwFNMh417Or0wg', '2022-01-31 10:13:23', NULL),
(187, 0, 42, 0, 1, 0, '', '9uh7Wv1FVqa9qTmOVvh9hMwFNMh417Or0wg', '2022-01-31 10:13:23', NULL),
(188, 0, 41, 1, 0, 0, '', 'VpYksiIHl6K0N2a19T4mL6VakT16457g4q7', '2022-02-06 14:06:52', NULL),
(189, 0, 42, 0, 1, 0, '', 'VpYksiIHl6K0N2a19T4mL6VakT16457g4q7', '2022-02-06 14:06:52', NULL),
(190, 0, 43, 0, 0, 1, '', 'VpYksiIHl6K0N2a19T4mL6VakT16457g4q7', '2022-02-06 14:06:52', NULL),
(191, 69, 41, 1, 0, 0, '', 'Xu2J4446vTV6Fojkl2Pq879xGLG60m6dGXu', '2022-02-06 14:08:02', '2022-02-06 14:12:23'),
(192, 69, 42, 0, 1, 0, '', 'Xu2J4446vTV6Fojkl2Pq879xGLG60m6dGXu', '2022-02-06 14:08:02', '2022-02-06 14:12:23'),
(193, 69, 43, 0, 0, 1, '', 'Xu2J4446vTV6Fojkl2Pq879xGLG60m6dGXu', '2022-02-06 14:08:02', '2022-02-06 14:12:23'),
(194, 79, 42, 0, 1, 0, '', 'cR0WKHYBZa4iLFV45DyedIPVN8665Hg2HtU', '2022-02-12 17:48:25', '2022-02-12 17:49:38'),
(195, 79, 43, 0, 1, 0, '', 'cR0WKHYBZa4iLFV45DyedIPVN8665Hg2HtU', '2022-02-12 17:48:25', '2022-02-12 17:49:38'),
(196, 0, 41, 0, 0, 0, 'asf', '4Qv4nKz7o16LqiTQ4qZd7MbG0ZFkZ20F1be', '2022-02-13 16:42:56', NULL),
(197, 0, 42, 0, 0, 1, 'asf', '4Qv4nKz7o16LqiTQ4qZd7MbG0ZFkZ20F1be', '2022-02-13 16:42:56', NULL),
(198, 0, 43, 0, 0, 0, 'asfas', '4Qv4nKz7o16LqiTQ4qZd7MbG0ZFkZ20F1be', '2022-02-13 16:42:56', NULL),
(199, 0, 41, 0, 0, 0, 'asf', 's7KvcN4x9N196QHnIF7zVeIMupeqATBazbM', '2022-02-13 16:43:15', NULL),
(200, 0, 42, 0, 0, 1, 'asf', 's7KvcN4x9N196QHnIF7zVeIMupeqATBazbM', '2022-02-13 16:43:15', NULL),
(201, 0, 43, 0, 0, 0, 'asfas', 's7KvcN4x9N196QHnIF7zVeIMupeqATBazbM', '2022-02-13 16:43:15', NULL),
(202, 0, 41, 0, 0, 1, '213213', '6zy5fH4L09Gg5Y3Pi13qbd2gf7qgo5pYwWR', '2022-02-13 16:46:07', NULL),
(203, 0, 42, 1, 0, 0, 'sdf', '6zy5fH4L09Gg5Y3Pi13qbd2gf7qgo5pYwWR', '2022-02-13 16:46:07', NULL),
(204, 0, 43, 0, 0, 0, 'sdfsdf', '6zy5fH4L09Gg5Y3Pi13qbd2gf7qgo5pYwWR', '2022-02-13 16:46:07', NULL),
(205, 84, 41, 0, 0, 1, 'weqwe', 'V9ypIzVyRuCWI9Ba4P1DOnU8X5P5gxSlE6X', '2022-02-18 17:36:39', '2022-02-18 17:36:50'),
(206, 84, 42, 0, 0, 0, 'qweq', 'V9ypIzVyRuCWI9Ba4P1DOnU8X5P5gxSlE6X', '2022-02-18 17:36:39', '2022-02-18 17:36:50'),
(207, 85, 41, 1, 0, 0, '', 'FrwbmauSmHOW28RmR76L63rb7nwW81pPOPj', '2022-02-19 15:44:57', '2022-02-19 15:48:33'),
(208, 85, 42, 1, 0, 0, '', 'FrwbmauSmHOW28RmR76L63rb7nwW81pPOPj', '2022-02-19 15:44:57', '2022-02-19 15:48:33'),
(209, 89, 42, 1, 0, 0, '', 'E5O69Y1pWLl87r9v7DOF5Sjg7Y14ZU6ozt2', '2022-03-08 07:02:54', '2022-03-08 07:05:13'),
(210, 89, 43, 0, 0, 1, '', 'E5O69Y1pWLl87r9v7DOF5Sjg7Y14ZU6ozt2', '2022-03-08 07:02:54', '2022-03-08 07:05:13'),
(211, 90, 43, 0, 1, 0, '', 'H6X1KOXsUz1e51QvRR55ytq9q3248444Jjz', '2022-03-10 06:53:39', '2022-03-10 06:53:53'),
(212, 92, 41, 1, 0, 0, '567', '929366xeqEU154id8l4LnPIigiKba8Wzyle', '2022-03-13 13:58:50', '2022-03-13 13:59:07'),
(213, 92, 42, 0, 0, 0, '567', '929366xeqEU154id8l4LnPIigiKba8Wzyle', '2022-03-13 13:58:50', '2022-03-13 13:59:07'),
(214, 93, 42, 1, 0, 0, '', 'SNWodQ9So8737T8IXGhRuzVj9zTJNyC5672', '2022-03-14 10:06:50', '2022-03-14 10:35:24'),
(215, 93, 43, 0, 1, 0, '', 'SNWodQ9So8737T8IXGhRuzVj9zTJNyC5672', '2022-03-14 10:06:50', '2022-03-14 10:35:24'),
(216, 94, 41, 1, 0, 0, '12', 'K0QG1ycC5K465UNliAj1yrWBWFfnh8Le17K', '2022-03-14 17:21:58', '2022-03-14 17:22:27'),
(217, 94, 42, 0, 1, 0, '', 'K0QG1ycC5K465UNliAj1yrWBWFfnh8Le17K', '2022-03-14 17:21:58', '2022-03-14 17:22:27'),
(218, 94, 43, 1, 0, 0, '12', 'K0QG1ycC5K465UNliAj1yrWBWFfnh8Le17K', '2022-03-14 17:21:58', '2022-03-14 17:22:27'),
(219, 0, 42, 1, 0, 0, '', 'MneXIv8r5E5zp8RqYBhTP5f95yg135BikuF', '2022-03-15 03:10:52', NULL),
(220, 97, 41, 1, 0, 0, '', 'M7sMM2tS4882441txaWfl1cizT16cjK5nDF', '2022-03-18 16:26:54', '2022-03-18 16:30:50'),
(221, 97, 42, 0, 1, 0, '', 'M7sMM2tS4882441txaWfl1cizT16cjK5nDF', '2022-03-18 16:26:54', '2022-03-18 16:30:50'),
(222, 97, 43, 1, 0, 0, '', 'M7sMM2tS4882441txaWfl1cizT16cjK5nDF', '2022-03-18 16:26:54', '2022-03-18 16:30:50'),
(223, 0, 41, 1, 0, 1, '', 'p73BUQGorfX30R9RGlNZjT9DJZeUP1635t2', '2022-04-01 17:18:38', NULL),
(224, 105, 43, 0, 0, 1, '', 'H8VB3z68196S1VMnQT9cVU3D2eA9WXi1DX3', '2022-04-05 04:12:13', '2022-04-05 04:12:21'),
(225, 0, 41, 1, 0, 0, '', 'B3mbI3CEq2ARkqe0I0ljHW27Fqy0566Ue98', '2022-04-18 10:22:09', NULL),
(226, 0, 42, 0, 1, 0, '', 'B3mbI3CEq2ARkqe0I0ljHW27Fqy0566Ue98', '2022-04-18 10:22:09', NULL),
(227, 0, 43, 1, 0, 0, '', 'B3mbI3CEq2ARkqe0I0ljHW27Fqy0566Ue98', '2022-04-18 10:22:09', NULL),
(228, 111, 41, 0, 1, 0, '10 yers', '0ME1GYOJnwET0x3xUGiFoLW81o85Op818Xs', '2022-05-06 03:05:34', '2022-05-06 03:07:58');

-- --------------------------------------------------------

--
-- Table structure for table `examination_treatmentplan`
--

CREATE TABLE `examination_treatmentplan` (
  `examination_treatmentplan_id` int(10) NOT NULL,
  `examination_id` int(10) NOT NULL,
  `chargetype_id` int(10) NOT NULL,
  `particular_id` varchar(100) COLLATE utf8_unicode_ci DEFAULT NULL,
  `eye` int(5) NOT NULL COMMENT '1:left eye,2:right eye,3:both eye',
  `doctor_id` int(10) NOT NULL,
  `appointment_date` date DEFAULT NULL,
  `counseling_id` int(10) NOT NULL COMMENT '0:no.1:yes',
  `temp_id` varchar(100) COLLATE utf8_unicode_ci NOT NULL COMMENT 'ref_id examination table',
  `referredby` varchar(100) COLLATE utf8_unicode_ci NOT NULL,
  `emailid` varchar(100) COLLATE utf8_unicode_ci NOT NULL,
  `status` int(5) NOT NULL COMMENT '1:pending,2:complete,3.convert,4.cancel',
  `date_on` date DEFAULT NULL,
  `sur_date` date DEFAULT NULL,
  `roomno` varchar(100) COLLATE utf8_unicode_ci NOT NULL,
  `bedno` varchar(100) COLLATE utf8_unicode_ci NOT NULL,
  `uhid` varchar(100) COLLATE utf8_unicode_ci NOT NULL,
  `coname` varchar(100) COLLATE utf8_unicode_ci NOT NULL,
  `society` varchar(100) COLLATE utf8_unicode_ci NOT NULL,
  `tpaname` varchar(100) COLLATE utf8_unicode_ci NOT NULL,
  `receiptno` varchar(100) COLLATE utf8_unicode_ci NOT NULL,
  `open_remarks` text COLLATE utf8_unicode_ci NOT NULL,
  `pending_remarks` text COLLATE utf8_unicode_ci,
  `completed_remarks` text COLLATE utf8_unicode_ci,
  `cancel_remarks` text COLLATE utf8_unicode_ci,
  `usernamepre` varchar(200) COLLATE utf8_unicode_ci DEFAULT NULL,
  `insurancename` int(10) NOT NULL DEFAULT '0',
  `office_id` int(10) NOT NULL,
  `login_id` int(10) NOT NULL,
  `parent_id` int(10) NOT NULL,
  `created_date` timestamp NOT NULL DEFAULT CURRENT_TIMESTAMP,
  `updated_date` timestamp NOT NULL DEFAULT '0000-00-00 00:00:00' ON UPDATE CURRENT_TIMESTAMP
) ENGINE=InnoDB DEFAULT CHARSET=utf8 COLLATE=utf8_unicode_ci;

--
-- Dumping data for table `examination_treatmentplan`
--

INSERT INTO `examination_treatmentplan` (`examination_treatmentplan_id`, `examination_id`, `chargetype_id`, `particular_id`, `eye`, `doctor_id`, `appointment_date`, `counseling_id`, `temp_id`, `referredby`, `emailid`, `status`, `date_on`, `sur_date`, `roomno`, `bedno`, `uhid`, `coname`, `society`, `tpaname`, `receiptno`, `open_remarks`, `pending_remarks`, `completed_remarks`, `cancel_remarks`, `usernamepre`, `insurancename`, `office_id`, `login_id`, `parent_id`, `created_date`, `updated_date`) VALUES
(5, 58, 2, '5,6,8', 1, 6, '2022-01-26', 0, 'dl62uYr9RoM3iXx1XF1jm8SwB38tE4aL2BV', 'sad', 'ada', 1, '2022-01-29', '2022-01-29', '', '', '', '', '', '', '', 'sad', NULL, NULL, NULL, NULL, 0, 1, 1, 0, '2022-01-26 12:08:53', '2022-01-29 04:08:55'),
(6, 59, 3, '6', 1, 6, '2022-01-26', 0, 'Ion16hqzjpgLo6V7NbI4z1PJ3ID1NAlw8sQ', '', '', 0, NULL, NULL, '', '', '', '', '', '', '', '', NULL, NULL, NULL, NULL, 0, 1, 1, 0, '2022-01-26 12:13:20', '2022-01-26 15:29:47'),
(7, 60, 2, '5,6,23', 2, 4, '2022-01-29', 1, 'K1b18dbd24BEGzJOK4k4f3hcirxTL3jD337', '', '', 3, '2022-01-30', '2022-01-30', '', '', '', '', '', '', '', 'dsd', '', 'sadasd', '', NULL, 0, 1, 104, 0, '2022-01-29 03:39:45', '2022-01-30 16:16:05'),
(8, 60, 3, '7,6,6,', 1, 4, '2022-01-29', 1, 'K1b18dbd24BEGzJOK4k4f3hcirxTL3jD337', '', '', 3, '2022-01-29', '2022-01-29', '', '', '', '', '', '', '', '', 'dasfas', 'sadad', NULL, NULL, 0, 1, 104, 0, '2022-01-29 03:39:52', '2022-01-29 17:01:27'),
(9, 60, 4, '7,8,9,', 1, 4, '2022-01-29', 1, 'K1b18dbd24BEGzJOK4k4f3hcirxTL3jD337', '', '', 3, '2022-01-29', '2022-01-29', '', '', '', '', '', '', '', '213', '3213123', 'ftgew', NULL, NULL, 0, 1, 104, 0, '2022-01-29 03:40:05', '2022-01-29 17:09:14'),
(10, 61, 2, '5,,6', 1, 4, '2022-01-29', 1, 'f32I7lJL84QVEy4w0C6sC4NM84BumJkgeqm', '', '', 2, '2022-01-29', '2022-01-29', '', '', '', '', '', '', '', '', NULL, NULL, NULL, NULL, 0, 1, 105, 0, '2022-01-29 05:47:36', '2022-01-29 15:15:51'),
(11, 0, 2, '5', 1, 4, '2022-01-29', 0, '4UGemMEQIb4h11i1726v3Q31eLDDi1mn46j', '', '', 0, NULL, NULL, '', '', '', '', '', '', '', '', NULL, NULL, NULL, NULL, 0, 1, 104, 0, '2022-01-29 16:26:01', '0000-00-00 00:00:00'),
(13, 65, 2, '6,', 1, 4, '2022-01-30', 1, 'HnULc0QVO44m8Mi2HuXLuRLfbt31CvG6vM9', '', '', 2, '2022-01-30', '2022-01-30', '', '', '', '', '', '', '', '', NULL, NULL, NULL, NULL, 0, 1, 104, 0, '2022-01-30 03:52:08', '2022-01-30 05:06:50'),
(14, 66, 2, '6,', 1, 4, '2022-01-30', 1, 'T11JXVyh4EFQHf5M9dAXLA8F1WHDpjm3XSa', '', '', 2, '2022-01-30', '2022-01-30', '', '', '', '', '', '', '', '', NULL, NULL, NULL, NULL, 0, 1, 104, 0, '2022-01-30 05:10:10', '2022-01-30 05:15:42'),
(15, 66, 3, '5', 3, 4, '2022-01-30', 1, 'T11JXVyh4EFQHf5M9dAXLA8F1WHDpjm3XSa', '', '', 0, NULL, NULL, '', '', '', '', '', '', '', '', NULL, NULL, NULL, NULL, 0, 1, 104, 0, '2022-01-30 05:10:18', '2022-01-30 05:10:37'),
(16, 66, 4, '11', 3, 4, '2022-01-30', 1, 'T11JXVyh4EFQHf5M9dAXLA8F1WHDpjm3XSa', '', '', 0, NULL, NULL, '', '', '', '', '', '', '', '', NULL, NULL, NULL, NULL, 0, 1, 104, 0, '2022-01-30 05:10:25', '2022-01-30 05:10:37'),
(17, 67, 2, '5', 2, 6, '2022-01-31', 1, 'R6hIJ1CpH76i1V9ue6uD6dm3S2I9FZvJcR3', '', '', 2, '2022-01-31', '2022-01-31', '', '', '', '', '', '', '', '', NULL, NULL, NULL, NULL, 0, 1, 105, 0, '2022-01-31 10:17:18', '2022-01-31 10:17:59'),
(18, 68, 2, '6', 1, 4, '2022-02-03', 0, 'eEBZqeVD2vMiJLoUbWFT31FbT9GERv439ng', '', '', 2, '2022-02-06', '2022-02-06', '', '', '', '', '', '', '', '', NULL, NULL, NULL, NULL, 0, 1, 104, 0, '2022-02-03 16:13:09', '2022-02-06 04:56:20'),
(19, 69, 3, '5', 2, 4, '2022-02-06', 1, '3B506G63GV921wo044kCn4t21U23uFNtp1G', '', '', 2, '2022-02-06', '2022-02-06', '', '', '', '', '', '', '', '', NULL, NULL, NULL, NULL, 0, 1, 104, 0, '2022-02-06 14:11:55', '2022-02-06 14:26:49'),
(20, 69, 2, '17', 1, 4, '2022-02-06', 1, '3B506G63GV921wo044kCn4t21U23uFNtp1G', '', '', 2, '2022-02-06', '2022-02-06', '1', 'a', '', '', '', '', '', 'A patient comes by tomorrow', '', NULL, NULL, NULL, 0, 1, 104, 0, '2022-02-06 14:12:12', '2022-02-06 14:25:46'),
(21, 69, 4, '7', 1, 4, '2022-02-06', 1, '3B506G63GV921wo044kCn4t21U23uFNtp1G', '', '', 0, NULL, NULL, '', '', '', '', '', '', '', '', NULL, NULL, NULL, NULL, 0, 1, 104, 0, '2022-02-06 14:12:17', '2022-02-06 14:12:23'),
(22, 70, 4, '7', 1, 4, '2022-02-06', 1, 'rWgqp18O6Js5d5aJjLPplCavc1wOr463iAk', '', '', 0, NULL, NULL, '', '', '', '', '', '', '', '', NULL, NULL, NULL, NULL, 0, 1, 104, 0, '2022-02-06 14:40:01', '2022-02-06 14:40:42'),
(23, 70, 3, '5', 1, 4, '2022-02-06', 1, 'rWgqp18O6Js5d5aJjLPplCavc1wOr463iAk', '', '', 0, NULL, NULL, '', '', '', '', '', '', '', '', NULL, NULL, NULL, NULL, 0, 1, 104, 0, '2022-02-06 14:40:10', '2022-02-06 14:40:42'),
(24, 70, 2, '32', 1, 4, '2022-02-06', 1, 'rWgqp18O6Js5d5aJjLPplCavc1wOr463iAk', '', '', 2, '2022-02-06', '2022-02-06', '', '', '', '', '', '', '', 'Patient will fix after 2 days', 'patient sx fixed', NULL, NULL, NULL, 0, 1, 104, 0, '2022-02-06 14:40:16', '2022-02-06 14:55:28'),
(25, 71, 3, '5', 1, 4, '2022-02-06', 1, 'pkR4SPify4gSJp96LNl426hQm0Uuu4NTJ25', '', '', 0, NULL, NULL, '', '', '', '', '', '', '', '', NULL, NULL, NULL, NULL, 0, 1, 104, 0, '2022-02-06 15:02:40', '2022-02-06 15:02:59'),
(26, 71, 2, '12', 1, 4, '2022-02-06', 1, 'pkR4SPify4gSJp96LNl426hQm0Uuu4NTJ25', '', '', 1, '2022-02-07', '2022-02-07', '', '', '', '', '', '', '', 'sdfdsfdsfdsf', NULL, NULL, NULL, '108', 0, 1, 104, 0, '2022-02-06 15:02:48', '2022-02-07 16:43:23'),
(27, 71, 4, '8', 1, 8, '2022-02-06', 1, 'pkR4SPify4gSJp96LNl426hQm0Uuu4NTJ25', '', '', 0, NULL, NULL, '', '', '', '', '', '', '', '', NULL, NULL, NULL, NULL, 0, 1, 104, 0, '2022-02-06 15:02:55', '2022-02-06 15:02:59'),
(28, 72, 2, '8', 2, 6, '2022-02-06', 1, 'JrpZ18s1FixP6FHtXZWF48uWDal114DH6tY', '', '', 1, '2022-02-07', '2022-02-07', '', '', '', '', '', '', '', 'retertert re tretret', NULL, NULL, NULL, '108', 0, 1, 104, 0, '2022-02-06 16:20:15', '2022-02-07 16:44:34'),
(29, 73, 2, '6', 1, 4, '2022-02-08', 1, 's0onNqvDgN4BtrMzSL6vSIZ7Cn434WmYaOu', '21323', '', 2, '2022-02-08', '2022-02-08', '213123', '21321', '', '', '', '', '', 'g brtrerb reterbtertretbertbre retret', '', NULL, NULL, '108', 0, 1, 104, 0, '2022-02-08 14:43:35', '2022-02-08 15:40:08'),
(30, 73, 3, '5', 1, 6, '2022-02-08', 1, 's0onNqvDgN4BtrMzSL6vSIZ7Cn434WmYaOu', '', '', 0, NULL, NULL, '', '', '', '', '', '', '', '', NULL, NULL, NULL, NULL, 0, 1, 104, 0, '2022-02-08 14:43:42', '2022-02-08 14:45:44'),
(31, 73, 2, '7', 1, 7, '2022-02-08', 1, 's0onNqvDgN4BtrMzSL6vSIZ7Cn434WmYaOu', '', '', 0, NULL, NULL, '', '', '', '', '', '', '', '', NULL, NULL, NULL, NULL, 0, 1, 104, 0, '2022-02-08 14:45:36', '2022-02-08 14:45:44'),
(32, 74, 2, '8', 1, 4, '2022-02-09', 1, '68K6Q1C4nkaWgJOeq6SHF4uKG1hmbaFc3h8', '', '', 2, '2022-02-09', '2022-02-09', '', '', '', '', '', '', '', 'the patient will come tomorrow', NULL, NULL, NULL, '108', 0, 1, 104, 0, '2022-02-09 15:56:13', '2022-02-09 16:06:32'),
(33, 75, 3, '5', 1, 7, '2022-02-09', 1, '2LKCmRKIuDKG9Q4OWy4s413dXAlfP2Zm0U3', '', '', 2, '2022-02-09', '2022-02-09', '', '', '', '', '', '', '', '', NULL, NULL, NULL, '108', 0, 1, 104, 0, '2022-02-09 15:57:10', '2022-02-09 16:13:42'),
(34, 75, 4, '8', 1, 7, '2022-02-09', 1, '2LKCmRKIuDKG9Q4OWy4s413dXAlfP2Zm0U3', '', '', 2, '2022-02-09', '2022-02-09', '', '', '', '', '', '', '', '', NULL, NULL, NULL, '108', 0, 1, 104, 0, '2022-02-09 15:57:18', '2022-02-09 16:14:50'),
(35, 76, 2, '6', 1, 7, '2022-02-10', 1, 'ClDb6f68YPE6Bu4Y6Ec6bMb79jyBl4MCtDp', '', '', 3, '2022-02-10', '2022-02-10', '', '', '', '', '', '', '', '', NULL, '', NULL, '108', 0, 1, 107, 0, '2022-02-10 15:18:25', '2022-02-10 15:23:19'),
(36, 76, 3, '5', 1, 7, '2022-02-10', 1, 'ClDb6f68YPE6Bu4Y6Ec6bMb79jyBl4MCtDp', '', '', 2, '2022-02-10', '2022-02-10', '', '', '', '', '', '', '', '', NULL, NULL, NULL, '108', 0, 1, 107, 0, '2022-02-10 15:18:34', '2022-02-10 15:29:00'),
(37, 76, 4, '7', 1, 7, '2022-02-10', 1, 'ClDb6f68YPE6Bu4Y6Ec6bMb79jyBl4MCtDp', '', '', 2, '2022-02-10', '2022-02-10', '', '', '', '', '', '', '', '', NULL, NULL, NULL, '108', 0, 1, 107, 0, '2022-02-10 15:18:41', '2022-02-10 15:30:07'),
(38, 77, 2, '6', 1, 4, '2022-02-10', 1, 'n2hGb0dm6L5HByvZWHpaE5huv69qByUSn11', '', '', 2, '2022-02-10', '2022-02-10', '', '', '', '', '', '', '', '', NULL, NULL, NULL, '108', 0, 1, 104, 0, '2022-02-10 15:40:38', '2022-02-10 16:37:25'),
(39, 77, 3, '7', 1, 4, '2022-02-10', 1, 'n2hGb0dm6L5HByvZWHpaE5huv69qByUSn11', '', '', 0, NULL, NULL, '', '', '', '', '', '', '', '', NULL, NULL, NULL, NULL, 0, 1, 104, 0, '2022-02-10 15:40:44', '2022-02-10 15:40:53'),
(40, 77, 4, '7', 1, 4, '2022-02-10', 1, 'n2hGb0dm6L5HByvZWHpaE5huv69qByUSn11', '', '', 0, NULL, NULL, '', '', '', '', '', '', '', '', NULL, NULL, NULL, NULL, 0, 1, 104, 0, '2022-02-10 15:40:48', '2022-02-10 15:40:53'),
(41, 78, 2, '5', 1, 4, '2022-02-12', 1, '8Eo8QWcJ8qEzCruWRIt8nwl5FEtB8XEJVWE', '', '', 2, '2022-02-12', '2022-02-12', '45', '', '', '', '', '', '', 'fsf', NULL, NULL, NULL, '108', 14, 1, 104, 0, '2022-02-12 04:28:34', '2022-02-12 04:30:21'),
(42, 78, 3, '6', 1, 4, '2022-02-12', 1, '8Eo8QWcJ8qEzCruWRIt8nwl5FEtB8XEJVWE', '', '', 1, '2022-02-12', '2022-02-12', '', '', '', '', '', '', '', '', NULL, NULL, NULL, '108', 0, 1, 104, 0, '2022-02-12 04:28:45', '2022-02-12 11:38:07'),
(43, 78, 4, '7', 1, 4, '2022-02-12', 1, '8Eo8QWcJ8qEzCruWRIt8nwl5FEtB8XEJVWE', '', '', 2, '2022-02-12', '2022-02-12', '', '', '', '', '', '', '', '', NULL, NULL, NULL, '108', 0, 1, 104, 0, '2022-02-12 04:28:53', '2022-02-12 11:39:17'),
(44, 79, 2, '7', 2, 6, '2022-02-12', 1, '1cWZhQhw246VgSxwtbNLIyZ1Dw58HWBkJ6v', '', '', 2, '2022-02-12', '2022-02-12', '1', '1', '', '', '', '', '', '', NULL, NULL, NULL, '108', 0, 1, 104, 0, '2022-02-12 17:49:34', '2022-02-12 17:51:54'),
(45, 89, 2, '6', 1, 4, '2022-03-08', 1, 'TgT4iInHDgwcvJ6A49OA0CDdr31X1An9BiW', '', '', 2, '2022-03-08', '2022-03-08', '', '', '', '', '', '', '', '', NULL, NULL, NULL, '108', 0, 1, 105, 0, '2022-03-08 07:08:17', '2022-03-08 07:14:53'),
(46, 89, 3, '7', 2, 7, '2022-03-08', 1, 'TgT4iInHDgwcvJ6A49OA0CDdr31X1An9BiW', '', '', 0, NULL, NULL, '', '', '', '', '', '', '', '', NULL, NULL, NULL, NULL, 0, 1, 105, 0, '2022-03-08 07:08:26', '2022-03-08 07:10:05'),
(47, 89, 4, '8', 2, 7, '2022-03-08', 1, 'TgT4iInHDgwcvJ6A49OA0CDdr31X1An9BiW', '', '', 0, NULL, NULL, '', '', '', '', '', '', '', '', NULL, NULL, NULL, NULL, 0, 1, 105, 0, '2022-03-08 07:08:34', '2022-03-08 07:10:05'),
(48, 91, 2, '6', 1, 4, '2022-03-12', 1, 'tRzIU01656F6ySzAVRudx0UAd0LC6ztq0cq', '', '', 2, '2022-03-12', '2022-03-12', '', '', '', '', '', '', '', '', NULL, NULL, NULL, '108', 0, 1, 105, 0, '2022-03-12 04:59:35', '2022-03-12 05:06:58'),
(49, 91, 3, '6', 1, 4, '2022-03-12', 1, 'tRzIU01656F6ySzAVRudx0UAd0LC6ztq0cq', '', '', 0, NULL, NULL, '', '', '', '', '', '', '', '', NULL, NULL, NULL, NULL, 0, 1, 105, 0, '2022-03-12 05:00:13', '2022-03-12 05:00:26'),
(50, 91, 4, '6', 1, 4, '2022-03-12', 1, 'tRzIU01656F6ySzAVRudx0UAd0LC6ztq0cq', '', '', 0, NULL, NULL, '', '', '', '', '', '', '', '', NULL, NULL, NULL, NULL, 0, 1, 105, 0, '2022-03-12 05:00:20', '2022-03-12 05:00:26'),
(51, 0, 2, '5', 1, 4, '2022-03-14', 1, '3ha47n9VXk60ij7e83Xaj18l1NVByPDkhJ6', '', '', 0, NULL, NULL, '', '', '', '', '', '', '', '', NULL, NULL, NULL, NULL, 0, 1, 104, 0, '2022-03-14 17:24:09', '0000-00-00 00:00:00'),
(52, 0, 3, '5', 1, 4, '2022-03-14', 1, '3ha47n9VXk60ij7e83Xaj18l1NVByPDkhJ6', '', '', 0, NULL, NULL, '', '', '', '', '', '', '', '', NULL, NULL, NULL, NULL, 0, 1, 104, 0, '2022-03-14 17:24:21', '0000-00-00 00:00:00'),
(53, 0, 4, '8', 1, 6, '2022-03-14', 1, '3ha47n9VXk60ij7e83Xaj18l1NVByPDkhJ6', '', '', 0, NULL, NULL, '', '', '', '', '', '', '', '', NULL, NULL, NULL, NULL, 0, 1, 104, 0, '2022-03-14 17:24:34', '0000-00-00 00:00:00'),
(54, 94, 2, '5', 1, 4, '2022-03-14', 1, '4br7mF24o2UUSY1R72e7AaAVO2K05Sl7mSR', '', '', 0, NULL, NULL, '', '', '', '', '', '', '', '', NULL, NULL, NULL, NULL, 0, 1, 105, 0, '2022-03-14 17:27:43', '2022-03-14 17:28:08'),
(55, 94, 2, '7', 1, 4, '2022-03-14', 1, '4br7mF24o2UUSY1R72e7AaAVO2K05Sl7mSR', '', '', 0, NULL, NULL, '', '', '', '', '', '', '', '', NULL, NULL, NULL, NULL, 0, 1, 105, 0, '2022-03-14 17:27:49', '2022-03-14 17:28:08'),
(56, 94, 3, '5', 1, 4, '2022-03-14', 1, '4br7mF24o2UUSY1R72e7AaAVO2K05Sl7mSR', '', '', 0, NULL, NULL, '', '', '', '', '', '', '', '', NULL, NULL, NULL, NULL, 0, 1, 105, 0, '2022-03-14 17:27:55', '2022-03-14 17:28:08'),
(57, 94, 4, '7', 1, 4, '2022-03-14', 1, '4br7mF24o2UUSY1R72e7AaAVO2K05Sl7mSR', '', '', 0, NULL, NULL, '', '', '', '', '', '', '', '', NULL, NULL, NULL, NULL, 0, 1, 105, 0, '2022-03-14 17:28:03', '2022-03-14 17:28:08'),
(58, 97, 2, '5', 1, 4, '2022-03-18', 1, 'Uhqp2Bj3a1deL2q9W1yy7OdSQpkjDGoZb4S', '', '', 2, '2022-03-18', '2022-03-18', '', '', '', '', '', '', '', '', '', NULL, NULL, '108', 0, 1, 105, 0, '2022-03-18 16:33:29', '2022-03-18 16:39:06'),
(59, 97, 3, '7', 1, 4, '2022-03-18', 1, 'Uhqp2Bj3a1deL2q9W1yy7OdSQpkjDGoZb4S', '', '', 0, NULL, NULL, '', '', '', '', '', '', '', '', NULL, NULL, NULL, NULL, 0, 1, 105, 0, '2022-03-18 16:34:25', '2022-03-18 16:34:52'),
(60, 97, 4, '9', 1, 4, '2022-03-18', 1, 'Uhqp2Bj3a1deL2q9W1yy7OdSQpkjDGoZb4S', '', '', 0, NULL, NULL, '', '', '', '', '', '', '', '', NULL, NULL, NULL, NULL, 0, 1, 105, 0, '2022-03-18 16:34:35', '2022-03-18 16:34:52'),
(61, 101, 2, '16', 1, 6, '2022-04-01', 1, '32SV6aCMxO3k46zwlvvoDBUyzluW80YsHv5', '', '', 2, '2022-04-01', '2022-04-01', '', '', '', '', '', '', '', '', NULL, NULL, NULL, '108', 14, 1, 105, 0, '2022-04-01 16:57:35', '2022-04-01 17:02:21'),
(62, 106, 2, '5', 1, 4, '2022-04-15', 1, 'mMkLQMuERJDJ1pE0U50AKzII5SYsk5goyMz', '', '', 0, NULL, NULL, '', '', '', '', '', '', '', '', NULL, NULL, NULL, NULL, 0, 1, 105, 0, '2022-04-15 10:07:13', '2022-04-15 10:11:30'),
(63, 108, 2, '8', 1, 7, '2022-04-16', 1, 'Sq40I1PCRFTr10tLu8W6oH0dUplQBVMnI62', '', '', 0, NULL, NULL, '', '', '', '', '', '', '', '', NULL, NULL, NULL, NULL, 0, 1, 105, 0, '2022-04-16 10:50:28', '2022-04-16 10:50:35'),
(64, 111, 2, '7', 1, 6, '2022-05-06', 1, 'a3ILay9Tqiy3fS181Sz05t7Aa6hd0v6nulS', '', '', 2, '2022-05-06', '2022-05-06', '', '', '', '', '', '', '', '', NULL, NULL, NULL, '108', 0, 1, 105, 0, '2022-05-06 03:14:23', '2022-05-06 03:18:13');

-- --------------------------------------------------------

--
-- Table structure for table `eye_complaints`
--

CREATE TABLE `eye_complaints` (
  `eye_complaints_id` int(5) NOT NULL,
  `name` varchar(100) COLLATE utf8_unicode_ci NOT NULL,
  `description` text COLLATE utf8_unicode_ci NOT NULL,
  `status` int(10) NOT NULL DEFAULT '0',
  `office_id` int(10) NOT NULL,
  `login_id` int(10) NOT NULL,
  `parent_id` int(10) NOT NULL,
  `created_date` timestamp NOT NULL DEFAULT CURRENT_TIMESTAMP,
  `updated_date` timestamp NULL DEFAULT NULL ON UPDATE CURRENT_TIMESTAMP
) ENGINE=InnoDB DEFAULT CHARSET=utf8 COLLATE=utf8_unicode_ci;

--
-- Dumping data for table `eye_complaints`
--

INSERT INTO `eye_complaints` (`eye_complaints_id`, `name`, `description`, `status`, `office_id`, `login_id`, `parent_id`, `created_date`, `updated_date`) VALUES
(1, 'Diagnosis', 'sadasdsfds', 1, 1, 1, 0, '2021-09-20 17:51:19', '2021-10-09 04:15:41'),
(3, 'Diagnosis Code No', 'dsfdsf', 1, 1, 1, 0, '2021-09-20 17:55:06', '2021-10-09 04:15:49'),
(4, 'Lids', 'try', 1, 1, 1, 0, '2021-09-20 19:01:15', '2021-10-09 04:15:58'),
(6, 'Lacrimal Ducts', 'try', 1, 1, 1, 0, '2021-09-20 19:01:15', '2021-10-09 04:15:58'),
(7, 'Conjuncitiva', 'try', 1, 1, 1, 0, '2021-09-20 19:01:15', '2021-10-09 04:15:58'),
(8, 'Cornea', 'try', 1, 1, 1, 0, '2021-09-20 19:01:15', '2021-10-09 04:15:58'),
(9, 'Fields', '', 1, 1, 1, 0, '2022-03-07 16:35:12', NULL),
(10, 'Fundus', '', 1, 1, 1, 0, '2022-03-07 16:35:12', NULL);

-- --------------------------------------------------------

--
-- Table structure for table `eye_mapping_segment`
--

CREATE TABLE `eye_mapping_segment` (
  `eye_mapping_segment_id` int(100) NOT NULL,
  `segment_type_id` int(50) NOT NULL,
  `eye_segment_id` int(50) NOT NULL COMMENT 'table eye_segment id',
  `name` varchar(100) COLLATE utf8_unicode_ci NOT NULL,
  `description` text COLLATE utf8_unicode_ci NOT NULL,
  `status` int(5) NOT NULL DEFAULT '0',
  `office_id` int(5) NOT NULL,
  `login_id` int(5) NOT NULL,
  `parent_id` int(5) NOT NULL,
  `created_date` timestamp NOT NULL DEFAULT CURRENT_TIMESTAMP,
  `updated_date` timestamp NULL DEFAULT NULL ON UPDATE CURRENT_TIMESTAMP
) ENGINE=InnoDB DEFAULT CHARSET=utf8 COLLATE=utf8_unicode_ci;

--
-- Dumping data for table `eye_mapping_segment`
--

INSERT INTO `eye_mapping_segment` (`eye_mapping_segment_id`, `segment_type_id`, `eye_segment_id`, `name`, `description`, `status`, `office_id`, `login_id`, `parent_id`, `created_date`, `updated_date`) VALUES
(14, 1, 15, 'NORMAL', '', 1, 1, 1, 0, '2022-04-29 06:08:45', NULL),
(15, 1, 16, 'ABSCESS', '', 1, 1, 1, 0, '2022-04-29 06:09:45', NULL),
(16, 1, 16, 'BARE SCLERA', '', 1, 1, 1, 0, '2022-04-29 06:10:04', NULL),
(17, 1, 16, 'BITOT SPOT', '', 1, 1, 1, 0, '2022-04-29 06:10:20', NULL),
(18, 1, 16, 'BLEB', '', 1, 1, 1, 0, '2022-04-29 06:17:09', NULL),
(19, 1, 16, 'CARUNCLE', '', 1, 1, 1, 0, '2022-04-29 06:17:24', NULL),
(20, 1, 16, 'CHEMOSIS', '', 1, 1, 1, 0, '2022-04-29 06:17:45', NULL),
(21, 1, 15, 'CONGESTION', '', 1, 1, 1, 0, '2022-04-29 06:18:06', NULL),
(22, 1, 16, 'CONJUNCTIVA', '', 1, 1, 1, 0, '2022-04-29 06:18:22', NULL),
(23, 1, 16, 'CONJUNCTIVOCHALASIS', '', 1, 1, 1, 0, '2022-04-29 06:18:49', NULL),
(24, 1, 16, 'CYST', '', 1, 1, 1, 0, '2022-04-29 06:19:09', NULL),
(25, 1, 16, 'DEBRIS', '', 1, 1, 1, 0, '2022-04-29 06:19:50', NULL),
(26, 1, 16, 'DISCHARGE', '', 1, 1, 1, 0, '2022-04-29 06:20:10', NULL),
(27, 1, 16, 'DRY EYE', '', 1, 1, 1, 0, '2022-04-29 06:20:23', NULL),
(28, 1, 16, 'EPISCLERITIS', '', 1, 1, 1, 0, '2022-04-29 06:20:42', NULL),
(29, 1, 16, 'FB', '', 1, 1, 1, 0, '2022-04-29 06:21:02', NULL),
(30, 1, 16, 'FOLLICLE', '', 1, 1, 1, 0, '2022-04-29 06:21:15', NULL),
(31, 1, 16, 'GPC', '', 1, 1, 1, 0, '2022-04-29 06:21:35', NULL),
(32, 1, 16, 'GRAFT', '', 1, 1, 1, 0, '2022-04-29 06:21:51', NULL),
(33, 1, 16, 'GROWTH', '', 1, 1, 1, 0, '2022-04-29 06:22:18', NULL),
(34, 1, 16, 'HYPEREMIA', '', 1, 1, 1, 0, '2022-04-29 06:22:58', NULL),
(35, 1, 16, 'INFILTRATE', '', 1, 1, 1, 0, '2022-04-29 06:23:10', NULL),
(36, 1, 16, 'KERATOCONJUNCTIVITIS', '', 1, 1, 1, 0, '2022-04-29 06:23:45', NULL),
(38, 1, 16, 'LIMBAL ISCHAEMIA', '', 1, 1, 1, 0, '2022-04-29 06:24:11', NULL),
(39, 1, 16, 'LIMBUS', '', 1, 1, 1, 0, '2022-04-29 06:25:47', NULL),
(40, 1, 16, 'LIMBAL FOLLILES', '', 1, 1, 1, 0, '2022-04-29 06:26:06', NULL),
(41, 1, 16, 'MUDDY CONJUNCTIVA', '', 1, 1, 1, 0, '2022-04-29 06:26:20', NULL),
(42, 1, 16, 'NAEVUS', '', 1, 1, 1, 0, '2022-04-29 06:26:36', NULL),
(43, 1, 16, 'NODULE', '', 1, 1, 1, 0, '2022-04-29 06:26:55', NULL),
(44, 1, 16, 'OSSN', '', 1, 1, 1, 0, '2022-04-29 06:28:57', NULL),
(45, 1, 16, 'PAPILLAE', '', 1, 1, 1, 0, '2022-04-29 06:29:16', NULL),
(46, 1, 16, 'PIGMENTATION', '', 1, 1, 1, 0, '2022-04-29 06:29:31', NULL),
(47, 1, 16, 'PINGECULA', '', 1, 1, 1, 0, '2022-04-29 06:29:45', NULL),
(48, 1, 16, 'PTERYGIUM', '', 1, 1, 1, 0, '2022-04-29 06:30:00', NULL),
(49, 1, 16, 'SCARRED', '', 1, 1, 1, 0, '2022-04-29 06:30:14', NULL),
(50, 1, 16, 'SCLERAL THINNING', '', 1, 1, 1, 0, '2022-04-29 06:30:29', NULL),
(51, 1, 16, 'SCLERITIS', '', 1, 1, 1, 0, '2022-04-29 06:30:42', NULL),
(52, 1, 16, 'STAPHYLOMA', '', 1, 1, 1, 0, '2022-04-29 06:31:14', NULL),
(53, 1, 16, 'STATUS POST TRAB', '', 1, 1, 1, 0, '2022-04-29 06:31:25', NULL),
(54, 1, 15, 'SUTURE', '', 1, 1, 1, 0, '2022-04-29 06:31:43', NULL),
(55, 1, 16, 'SWELLING', '', 1, 1, 1, 0, '2022-04-29 06:32:01', NULL),
(56, 1, 16, 'SYMBLEPHARON', '', 1, 1, 1, 0, '2022-04-29 06:32:19', NULL),
(57, 1, 16, 'TEAR', '', 1, 1, 1, 0, '2022-04-29 06:32:33', NULL),
(58, 1, 16, 'TEAR FILM HEIGHT', '', 1, 1, 1, 0, '2022-04-29 06:32:48', NULL),
(59, 1, 16, 'ULCER', '', 1, 1, 1, 0, '2022-04-29 06:33:07', NULL),
(60, 1, 16, 'VESSEL', '', 1, 1, 1, 0, '2022-04-29 06:33:27', NULL),
(61, 1, 16, 'WOUND', '', 1, 1, 1, 0, '2022-04-29 06:33:47', NULL),
(62, 1, 16, 'CATEPILLAR HAIR', '', 1, 1, 1, 0, '2022-04-29 06:34:05', NULL),
(63, 1, 16, 'LIMBAL NODULE', '', 1, 1, 1, 0, '2022-04-29 06:34:20', NULL),
(64, 1, 16, 'PHLYCTEN', '', 1, 1, 1, 0, '2022-04-29 06:34:36', NULL),
(65, 1, 17, 'CLEAR', '', 1, 1, 1, 0, '2022-04-29 06:43:13', NULL),
(66, 1, 17, 'ABRASION', '', 1, 1, 1, 0, '2022-04-29 06:43:30', NULL),
(67, 1, 17, 'ADHERANT LEUCOMA', '', 1, 1, 1, 0, '2022-04-29 06:46:19', NULL),
(68, 1, 17, 'BCL', '', 1, 1, 1, 0, '2022-04-29 06:48:39', NULL),
(69, 1, 17, 'BLOOD STAINING', '', 1, 1, 1, 0, '2022-04-29 06:49:02', NULL),
(70, 1, 17, 'BULLAE', '', 1, 1, 1, 0, '2022-04-29 06:49:18', NULL),
(71, 1, 17, 'BULLOUS KERATOPATHY', '', 1, 1, 1, 0, '2022-04-29 06:49:32', NULL),
(72, 1, 17, 'CONTACT LENS', '', 1, 1, 1, 0, '2022-04-29 06:49:47', NULL),
(73, 1, 17, 'DEGENARATION', '', 1, 1, 1, 0, '2022-04-29 06:50:13', NULL),
(74, 1, 17, 'DELLEN', '', 1, 1, 1, 0, '2022-04-29 06:50:27', NULL),
(75, 1, 17, 'DENDRITIC ULCER', '', 1, 1, 1, 0, '2022-04-29 06:50:46', NULL),
(76, 1, 17, 'DESCEMETOCELE', '', 1, 1, 1, 0, '2022-04-29 06:51:02', NULL),
(77, 1, 17, 'DISCIFORM KERATITIS', '', 1, 1, 1, 0, '2022-04-29 06:51:22', NULL),
(78, 1, 17, 'DM DETACHMENT', '', 1, 1, 1, 0, '2022-04-29 06:55:56', NULL),
(79, 1, 17, 'DM FOLDS', '', 1, 1, 1, 0, '2022-04-29 06:56:08', NULL),
(80, 1, 17, 'DRYNESS', '', 1, 1, 1, 0, '2022-04-29 06:56:22', NULL),
(81, 1, 17, 'DYSTROPHY', '', 1, 1, 1, 0, '2022-04-29 06:56:45', NULL),
(82, 1, 17, 'EDEMA', '', 1, 1, 1, 0, '2022-04-29 06:56:57', NULL),
(83, 1, 17, 'EPITHELIAL DEFECT', '', 1, 1, 1, 0, '2022-04-29 06:57:12', NULL),
(84, 1, 17, 'FILAMENTS', '', 1, 1, 1, 0, '2022-04-29 06:57:51', NULL),
(85, 1, 17, 'FLAP', '', 1, 1, 1, 0, '2022-04-29 06:58:07', NULL),
(86, 1, 17, 'GH JUNCTION', '', 1, 1, 1, 0, '2022-04-29 06:58:20', NULL),
(87, 1, 17, 'GUTTAE', '', 1, 1, 1, 0, '2022-04-29 08:22:47', NULL),
(88, 1, 17, 'HAZE', '', 1, 1, 1, 0, '2022-04-29 08:23:13', NULL),
(89, 1, 17, 'INTERFACE', '', 1, 1, 1, 0, '2022-04-29 08:23:48', NULL),
(90, 1, 17, 'KERATIC PRECIPITATES', '', 1, 1, 1, 0, '2022-04-29 08:24:09', NULL),
(91, 1, 17, 'KERATITIS', '', 1, 1, 1, 0, '2022-04-29 08:24:48', NULL),
(92, 1, 17, 'KERATOCONUS', '', 1, 1, 1, 0, '2022-04-29 08:25:04', NULL),
(93, 1, 17, 'MICROCORNEA', '', 1, 1, 1, 0, '2022-04-29 08:25:40', NULL),
(94, 1, 17, 'NUMMULAR KERATITIS', '', 1, 1, 1, 0, '2022-04-29 08:26:11', NULL),
(95, 1, 17, 'OPACITY', '', 1, 1, 1, 0, '2022-04-29 08:26:24', NULL),
(96, 1, 17, 'PANNUS', '', 1, 1, 1, 0, '2022-04-29 08:26:40', NULL),
(97, 1, 17, 'PERFORATION', '', 1, 1, 1, 0, '2022-04-29 08:26:59', NULL),
(98, 1, 17, 'PIGMENTS', '', 1, 1, 1, 0, '2022-04-29 08:27:15', NULL),
(99, 1, 17, 'PUK', '', 1, 1, 1, 0, '2022-04-29 08:27:53', NULL),
(100, 1, 17, 'PUNCTATE  EPITHELIAL  EROSIONS', '', 1, 1, 1, 0, '2022-04-29 08:29:03', NULL),
(101, 1, 17, 'PUNCTATE EPITHELIAL KERATITIS', '', 1, 1, 1, 0, '2022-04-29 08:29:32', NULL),
(102, 1, 17, 'RING', '', 1, 1, 1, 0, '2022-04-29 08:29:46', NULL),
(103, 1, 17, 'SCAR', '', 1, 1, 1, 0, '2022-04-29 08:30:00', NULL),
(104, 1, 18, 'SHALLOW', '', 1, 1, 1, 0, '2022-04-29 10:08:08', NULL),
(105, 1, 18, 'ACIOL', '', 1, 1, 1, 0, '2022-04-29 10:08:34', NULL),
(106, 1, 18, 'AIR', '', 1, 1, 1, 0, '2022-04-29 10:09:01', NULL),
(107, 1, 18, 'CELLS', '', 1, 1, 1, 0, '2022-04-29 10:09:43', NULL),
(108, 1, 18, 'CORTEX IN AC', '', 1, 1, 1, 0, '2022-04-29 10:11:17', NULL),
(109, 1, 18, 'DEEP', '', 1, 1, 1, 0, '2022-04-29 10:11:52', NULL),
(110, 1, 18, 'FIBRIN MEMBRANE', '', 1, 1, 1, 0, '2022-04-29 10:13:04', NULL),
(111, 1, 18, 'FLARE', '', 1, 1, 1, 0, '2022-04-29 10:13:30', NULL),
(112, 1, 18, 'BUBBLES IN AC', '', 1, 1, 1, 0, '2022-04-29 10:14:17', NULL),
(113, 1, 18, 'HAZY', '', 1, 1, 1, 0, '2022-04-29 10:14:39', NULL),
(114, 1, 18, 'HAZY VIEW', '', 1, 1, 1, 0, '2022-04-29 10:15:07', NULL),
(115, 1, 15, 'HYPHAEMA', '', 1, 1, 1, 0, '2022-04-29 10:15:29', NULL),
(116, 1, 18, 'HYPOPYON', '', 1, 1, 1, 0, '2022-04-29 10:16:04', NULL),
(117, 1, 18, 'IRREGULAR DEPTH', '', 1, 1, 1, 0, '2022-04-29 10:16:27', NULL),
(118, 1, 18, 'LENS PARTICLE', '', 1, 1, 1, 0, '2022-04-29 10:16:49', NULL),
(119, 1, 18, 'PAS', '', 1, 1, 1, 0, '2022-04-29 10:17:13', NULL),
(120, 1, 18, 'QUIET', '', 1, 1, 1, 0, '2022-04-29 10:18:01', NULL),
(121, 1, 18, 'SILICONE OIL', '', 1, 1, 1, 0, '2022-04-29 10:18:28', NULL),
(122, 1, 18, 'WELL FORMED', '', 1, 1, 1, 0, '2022-04-29 10:18:50', NULL),
(123, 1, 19, 'NEW VESSELS', '', 1, 1, 1, 0, '2022-04-29 10:49:08', NULL),
(124, 1, 19, 'ATROPHY', '', 1, 1, 1, 0, '2022-04-29 10:49:52', '2022-04-29 11:03:14'),
(125, 1, 19, 'CHAFING', '', 1, 1, 1, 0, '2022-04-29 10:50:13', '2022-04-29 11:03:24'),
(126, 1, 19, 'COLOBOMA', '', 1, 1, 1, 0, '2022-04-29 10:50:33', '2022-04-29 11:03:31'),
(127, 1, 19, 'IRIDODIALYSIS', '', 1, 1, 1, 0, '2022-04-29 10:52:22', NULL),
(128, 1, 19, 'HETEROCHROMIA', '', 1, 1, 1, 0, '2022-04-29 10:52:50', NULL),
(129, 1, 19, 'NEVUS', '', 1, 1, 1, 0, '2022-04-29 10:53:31', NULL),
(130, 1, 19, 'OCCLUSIO PUPILLAE', '', 1, 1, 1, 0, '2022-04-29 10:54:32', NULL),
(131, 1, 19, 'PATTERN', '', 1, 1, 1, 0, '2022-04-29 10:55:15', NULL),
(132, 1, 19, 'PI', '', 1, 1, 1, 0, '2022-04-29 10:55:43', NULL),
(133, 1, 19, 'PIGMENT', '', 1, 1, 1, 0, '2022-04-29 10:56:09', NULL),
(134, 1, 19, 'POSTERIOR SYNAECHAE', '', 1, 1, 1, 0, '2022-04-29 10:56:28', NULL),
(135, 1, 19, 'PROLAPSE', '', 1, 1, 1, 0, '2022-04-29 10:56:48', NULL),
(136, 1, 19, 'PROMINENT VESSELS', '', 1, 1, 1, 0, '2022-04-29 10:57:12', NULL),
(137, 1, 19, 'PSEUDOEXFOLIATION', '', 1, 1, 1, 0, '2022-04-29 10:57:34', NULL),
(138, 1, 19, 'SECCLUSIO PUPILLAE', '', 1, 1, 1, 0, '2022-04-29 10:57:53', NULL),
(139, 1, 19, 'YAG PI OPENING', '', 1, 1, 1, 0, '2022-04-29 10:58:42', NULL),
(140, 1, 19, 'IRIDODONESIS', '', 1, 1, 1, 0, '2022-04-29 10:59:09', NULL),
(141, 1, 19, 'IRIDECTOMY', '', 1, 1, 1, 0, '2022-04-29 10:59:33', NULL),
(142, 1, 20, 'ANAMOLY', '', 1, 1, 1, 0, '2022-04-29 11:06:17', NULL),
(143, 1, 20, 'DILATED', '', 1, 1, 1, 0, '2022-04-29 11:06:36', NULL),
(144, 1, 20, 'ECCENTRIC', '', 1, 1, 1, 0, '2022-04-29 11:06:57', NULL),
(145, 1, 20, 'FESTOONED PUPIL', '', 1, 1, 1, 0, '2022-04-29 11:07:20', NULL),
(146, 1, 20, 'ILL SUSTAINED', '', 1, 1, 1, 0, '2022-04-29 11:08:04', NULL),
(147, 1, 20, 'IRREGULAR', '', 1, 1, 1, 0, '2022-04-29 11:08:41', NULL),
(148, 1, 20, 'MID DILATED', '', 1, 1, 1, 0, '2022-04-29 11:09:01', NULL),
(149, 1, 20, 'MIOTIC', '', 1, 1, 1, 0, '2022-04-29 11:09:22', NULL),
(150, 1, 20, 'PEAKING', '', 1, 1, 1, 0, '2022-04-29 11:09:49', NULL),
(151, 1, 20, 'PUPILLARY BLOCK', '', 1, 1, 1, 0, '2022-04-29 11:10:35', NULL),
(152, 1, 20, 'RAPD', '', 1, 1, 1, 0, '2022-04-29 11:11:00', NULL),
(153, 1, 20, 'REACTING TO LIGHT', '', 1, 1, 1, 0, '2022-04-29 11:11:22', NULL),
(154, 1, 20, 'SLUGGISH REATION', '', 1, 1, 1, 0, '2022-04-29 11:11:44', NULL),
(155, 1, 20, 'SMALL PUPIL', '', 1, 1, 1, 0, '2022-04-29 11:12:06', NULL),
(156, 1, 20, 'SPHINCTER', '', 1, 1, 1, 0, '2022-04-29 11:12:27', NULL),
(157, 1, 20, 'UPDRAWN', '', 1, 1, 1, 0, '2022-04-29 11:12:49', NULL),
(158, 1, 20, 'WHITE REFLEX', '', 1, 1, 1, 0, '2022-04-29 11:13:25', NULL),
(159, 1, 20, 'GOOD DILATATION', '', 1, 1, 1, 0, '2022-04-29 11:13:55', NULL),
(160, 1, 21, 'ANTERIOR CAPSULAR PHIMOSIS', '', 1, 1, 1, 0, '2022-04-29 11:37:14', NULL),
(161, 1, 21, 'ANTERIOR POLAR CATARACT', '', 1, 1, 1, 0, '2022-04-29 11:37:32', NULL),
(162, 1, 21, 'APHAKIA', '', 1, 1, 1, 0, '2022-04-29 11:37:53', NULL),
(163, 1, 21, 'BLUE DOT CATARACT', '', 1, 1, 1, 0, '2022-04-29 11:38:14', NULL),
(164, 1, 21, 'BROWN CATARACT', '', 1, 1, 1, 0, '2022-04-29 11:38:32', NULL),
(165, 1, 21, 'CATARACT', '', 1, 1, 1, 0, '2022-04-29 11:38:51', NULL),
(166, 1, 21, 'CONGENITAL CATARACT', '', 1, 1, 1, 0, '2022-04-29 11:39:12', NULL),
(167, 1, 21, 'CORTEX', '', 1, 1, 1, 0, '2022-04-29 11:39:32', NULL),
(168, 1, 21, 'CORTICAL CATARCT', '', 1, 1, 1, 0, '2022-04-29 11:39:53', NULL),
(169, 1, 21, 'CTR', '', 1, 1, 1, 0, '2022-04-29 11:40:18', NULL),
(170, 1, 21, 'DECENTERED IOL', '', 1, 1, 1, 0, '2022-04-29 11:40:44', NULL),
(171, 1, 21, 'DEPOSITS OVER IOL', '', 1, 1, 1, 0, '2022-04-29 11:41:09', NULL),
(172, 1, 21, 'DISLOCATION', '', 1, 1, 1, 0, '2022-04-29 11:41:31', NULL),
(173, 1, 21, 'DOT OPACITIES', '', 1, 1, 1, 0, '2022-04-29 11:41:53', NULL),
(174, 1, 21, 'HYPERMATURE CATARACT', '', 1, 1, 1, 0, '2022-04-29 11:42:10', NULL),
(175, 1, 21, 'ICL', '', 1, 1, 1, 0, '2022-04-29 11:42:31', NULL),
(176, 1, 21, 'IMC', '', 1, 1, 1, 0, '2022-04-29 11:42:53', NULL),
(177, 1, 21, 'INTUMESCENT LENS', '', 1, 1, 1, 0, '2022-04-29 11:43:17', NULL),
(178, 1, 21, 'IOL', '', 1, 1, 1, 0, '2022-04-29 11:43:36', NULL),
(179, 1, 21, 'IOL OPACIFICATION', '', 1, 1, 1, 0, '2022-04-29 11:43:57', NULL),
(180, 1, 21, 'IRIS CLAW LENS', '', 1, 1, 1, 0, '2022-04-29 11:44:17', NULL),
(181, 1, 21, 'LENS CAPSULE', '', 1, 1, 1, 0, '2022-04-29 11:44:37', NULL),
(182, 1, 21, 'LENS CHANGES', '', 1, 1, 1, 0, '2022-04-29 11:44:58', NULL),
(183, 1, 21, 'MATURE CATARACT', '', 1, 1, 1, 0, '2022-04-29 11:45:23', NULL),
(184, 1, 21, 'MFIOL', '', 1, 1, 1, 0, '2022-04-29 11:45:49', NULL),
(185, 1, 21, 'MICROSPHEROPHAKIA', '', 1, 1, 1, 0, '2022-04-29 11:46:26', NULL),
(186, 1, 21, 'MORGAGNIAN CATARACT', '', 1, 1, 1, 0, '2022-04-29 11:46:59', NULL),
(187, 1, 21, 'NEAR TOTAL  CATARACT', '', 1, 1, 1, 0, '2022-04-29 11:47:33', NULL),
(188, 1, 21, 'NS I', '', 1, 1, 1, 0, '2022-04-29 11:47:53', NULL),
(189, 1, 21, 'NS II', '', 1, 1, 1, 0, '2022-04-29 11:48:14', NULL),
(190, 1, 21, 'NS III', '', 1, 1, 1, 0, '2022-04-29 11:48:36', NULL),
(191, 1, 21, 'NS IV', '', 1, 1, 1, 0, '2022-04-29 11:48:56', NULL),
(192, 1, 21, 'NS V', '', 1, 1, 1, 0, '2022-04-29 11:49:27', NULL),
(193, 1, 21, 'OPTIC CAPTURE', '', 1, 1, 1, 0, '2022-04-29 11:49:48', NULL),
(194, 1, 21, 'PCC', '', 1, 1, 1, 0, '2022-04-29 11:50:13', NULL),
(195, 1, 21, 'PCI', '', 1, 1, 1, 0, '2022-04-29 11:50:42', NULL),
(196, 1, 21, 'PCIOL', '', 1, 1, 1, 0, '2022-04-29 11:51:08', NULL),
(197, 1, 21, 'PCO', '', 1, 1, 1, 0, '2022-04-29 11:51:41', NULL),
(198, 1, 21, 'PCR', '', 1, 1, 1, 0, '2022-04-29 11:52:01', NULL),
(199, 1, 21, 'PHACODONESIS', '', 1, 1, 1, 0, '2022-04-29 11:52:27', NULL),
(200, 1, 21, 'PIGMENTS OVER IOL', '', 1, 1, 1, 0, '2022-04-29 11:52:49', NULL),
(201, 1, 21, 'PPC', '', 1, 1, 1, 0, '2022-04-29 11:53:13', NULL),
(202, 1, 21, 'PSC', '', 1, 1, 1, 0, '2022-04-29 11:53:33', NULL),
(203, 1, 21, 'SFIOL', '', 1, 1, 1, 0, '2022-04-29 11:53:57', NULL),
(204, 1, 21, 'SUBLUXATION', '', 1, 1, 1, 0, '2022-04-29 11:54:24', NULL),
(205, 1, 21, 'T FLEX LENS', '', 1, 1, 1, 0, '2022-04-29 11:54:52', NULL),
(206, 1, 21, 'TRAUMATIC CATARACT', '', 1, 1, 1, 0, '2022-04-29 11:55:14', NULL),
(207, 1, 21, 'TRIFOCAL IOL', '', 1, 1, 1, 0, '2022-04-29 11:55:38', NULL),
(208, 1, 21, 'VAULT', '', 1, 1, 1, 0, '2022-04-29 11:55:57', NULL),
(209, 1, 21, 'YAG OPENING', '', 1, 1, 1, 0, '2022-04-29 11:56:15', NULL),
(210, 1, 21, 'ZONULAR DIALYSIS', '', 1, 1, 1, 0, '2022-04-29 11:56:38', NULL),
(211, 1, 21, 'PIGMENTS OVER LENS', '', 1, 1, 1, 0, '2022-04-29 11:56:55', NULL),
(212, 1, 21, 'VISION NOT CORRESPONDING TO LENS CHANGES', '', 1, 1, 1, 0, '2022-04-29 11:57:46', NULL);

-- --------------------------------------------------------

--
-- Table structure for table `eye_segment`
--

CREATE TABLE `eye_segment` (
  `eye_segment_id` int(5) NOT NULL,
  `segment_id` int(5) NOT NULL,
  `name` varchar(100) COLLATE utf8_unicode_ci NOT NULL,
  `description` text COLLATE utf8_unicode_ci,
  `status` int(5) NOT NULL DEFAULT '0',
  `office_id` int(5) NOT NULL,
  `login_id` int(5) NOT NULL,
  `parent_id` int(5) NOT NULL,
  `created_date` timestamp NOT NULL DEFAULT CURRENT_TIMESTAMP,
  `updated_date` timestamp NULL DEFAULT NULL ON UPDATE CURRENT_TIMESTAMP
) ENGINE=InnoDB DEFAULT CHARSET=utf8 COLLATE=utf8_unicode_ci;

--
-- Dumping data for table `eye_segment`
--

INSERT INTO `eye_segment` (`eye_segment_id`, `segment_id`, `name`, `description`, `status`, `office_id`, `login_id`, `parent_id`, `created_date`, `updated_date`) VALUES
(15, 1, 'ANTERIOR SEGMENT', '', 1, 1, 1, 0, '2022-04-29 06:01:19', NULL),
(16, 1, 'CONJUNCTIVA', '', 1, 1, 1, 0, '2022-04-29 06:01:35', NULL),
(17, 1, 'CORNEA', '', 1, 1, 1, 0, '2022-04-29 06:01:45', NULL),
(18, 1, 'AC', '', 1, 1, 1, 0, '2022-04-29 06:01:56', NULL),
(19, 1, 'IRIS', '', 1, 1, 1, 0, '2022-04-29 06:02:05', NULL),
(20, 1, 'PUPILS', '', 1, 1, 1, 0, '2022-04-29 06:02:16', NULL),
(21, 1, 'LENS', '', 1, 1, 1, 0, '2022-04-29 06:02:30', NULL),
(22, 2, 'VITREOUS', '', 1, 1, 1, 0, '2022-04-29 06:02:53', NULL),
(23, 2, 'FUNDUS', '', 1, 1, 1, 0, '2022-04-29 06:03:03', NULL),
(24, 2, 'MACULA', '', 1, 1, 1, 0, '2022-04-29 06:03:13', NULL),
(25, 2, 'BLOOD VESSELS', '', 1, 1, 1, 0, '2022-04-29 06:03:31', NULL),
(26, 2, 'OPTIC DISC', '', 1, 1, 1, 0, '2022-04-29 06:03:44', NULL),
(27, 2, 'PERIPHERAL RETINA', '', 1, 1, 1, 0, '2022-04-29 06:04:01', NULL),
(28, 3, 'LIDS', '', 1, 1, 1, 0, '2022-04-29 06:04:46', NULL),
(29, 3, 'LACRYMAL SAC', '', 1, 1, 1, 0, '2022-04-29 06:04:58', NULL),
(30, 3, 'LACRYMAL SYRINGING', '', 1, 1, 1, 0, '2022-04-29 06:05:13', NULL),
(31, 3, 'OCULAR MOVEMENTS', '', 1, 1, 1, 0, '2022-04-29 06:05:28', NULL),
(32, 3, 'ORBIT', '', 1, 1, 1, 0, '2022-04-29 06:05:40', NULL),
(33, 3, 'PTOSIS', '', 1, 1, 1, 0, '2022-04-29 06:05:52', NULL);

-- --------------------------------------------------------

--
-- Table structure for table `injection`
--

CREATE TABLE `injection` (
  `injection_id` int(10) NOT NULL,
  `name` varchar(100) COLLATE utf8_unicode_ci NOT NULL,
  `amount` varchar(100) COLLATE utf8_unicode_ci NOT NULL,
  `department_id` int(10) DEFAULT NULL,
  `description` text COLLATE utf8_unicode_ci NOT NULL,
  `status` int(10) NOT NULL DEFAULT '0',
  `office_id` int(10) NOT NULL,
  `login_id` int(10) NOT NULL,
  `parent_id` int(10) NOT NULL,
  `created_date` timestamp NOT NULL DEFAULT CURRENT_TIMESTAMP,
  `updated_date` timestamp NULL DEFAULT NULL ON UPDATE CURRENT_TIMESTAMP
) ENGINE=InnoDB DEFAULT CHARSET=utf8 COLLATE=utf8_unicode_ci;

--
-- Dumping data for table `injection`
--

INSERT INTO `injection` (`injection_id`, `name`, `amount`, `department_id`, `description`, `status`, `office_id`, `login_id`, `parent_id`, `created_date`, `updated_date`) VALUES
(6, 'IVTA', '5000', NULL, '', 1, 1, 1, 0, '2021-07-07 06:40:44', NULL),
(7, 'INJECTION IVA', '5000', NULL, '', 1, 1, 1, 0, '2021-07-14 08:59:59', NULL),
(8, 'Botex Injection', '100', NULL, '', 1, 1, 1, 0, '2022-01-07 13:45:52', NULL),
(9, 'IVTA -Inj A', '5000', NULL, '', 1, 1, 1, 0, '2022-01-19 08:16:42', NULL),
(10, 'IVTA -Inj B', '3000', NULL, '', 1, 1, 1, 0, '2022-01-19 08:16:52', NULL),
(11, 'Avastin Inj A', '10000', NULL, '', 1, 1, 1, 0, '2022-01-19 08:17:02', NULL),
(12, 'Avastin Inj B', '7500', NULL, '', 1, 1, 1, 0, '2022-01-19 08:17:14', NULL),
(13, 'Avastin Inj C', '5000', NULL, '', 1, 1, 1, 0, '2022-01-19 08:17:26', NULL),
(14, 'Razumab Inj A', '20000', NULL, '', 1, 1, 1, 0, '2022-01-19 08:17:36', NULL),
(15, 'Razumab Inj B', '17500', NULL, '', 1, 1, 1, 0, '2022-01-19 08:17:45', NULL),
(16, 'Acentrix  Inj A', '30000', NULL, '', 1, 1, 1, 0, '2022-01-19 08:17:58', NULL),
(17, 'Acentrix  Inj B', '25000', NULL, '', 1, 1, 1, 0, '2022-01-19 08:18:08', NULL),
(18, 'Botox Inj A', '10000', NULL, '', 1, 1, 1, 0, '2022-01-19 08:18:19', NULL),
(19, 'Botox Inj B', '6000', NULL, '', 1, 1, 1, 0, '2022-01-19 08:18:29', NULL),
(20, 'Ozurdex Inj', '30000', NULL, '', 1, 1, 1, 0, '2022-01-19 08:18:40', NULL),
(21, 'PST  -Inj', '1000', NULL, '', 1, 1, 1, 0, '2022-01-19 08:18:50', NULL),
(22, 'Pagenax Inj', '40000', 11, '', 1, 1, 1, 0, '2022-01-19 08:19:27', '2022-02-07 15:54:42'),
(23, 'sadsa', '21', 11, '', 1, 1, 1, 0, '2022-02-07 15:54:35', NULL);

-- --------------------------------------------------------

--
-- Table structure for table `insurance_company`
--

CREATE TABLE `insurance_company` (
  `insurance_company_id` int(5) NOT NULL,
  `name` varchar(100) COLLATE utf8_unicode_ci NOT NULL,
  `charge_id` int(5) NOT NULL DEFAULT '0' COMMENT '1:All,2:OPD,3:IPD',
  `description` text COLLATE utf8_unicode_ci NOT NULL,
  `status` int(10) NOT NULL DEFAULT '0',
  `office_id` int(10) NOT NULL,
  `login_id` int(10) NOT NULL,
  `parent_id` int(10) NOT NULL,
  `created_date` timestamp NOT NULL DEFAULT CURRENT_TIMESTAMP,
  `updated_date` timestamp NULL DEFAULT NULL ON UPDATE CURRENT_TIMESTAMP
) ENGINE=InnoDB DEFAULT CHARSET=utf8 COLLATE=utf8_unicode_ci;

--
-- Dumping data for table `insurance_company`
--

INSERT INTO `insurance_company` (`insurance_company_id`, `name`, `charge_id`, `description`, `status`, `office_id`, `login_id`, `parent_id`, `created_date`, `updated_date`) VALUES
(14, 'icici', 1, '', 1, 1, 1, 0, '2021-07-07 06:26:35', NULL);

-- --------------------------------------------------------

--
-- Table structure for table `investigation`
--

CREATE TABLE `investigation` (
  `investigation_id` int(5) NOT NULL,
  `name` varchar(100) COLLATE utf8_unicode_ci NOT NULL,
  `amount` varchar(100) COLLATE utf8_unicode_ci NOT NULL,
  `department_id` int(10) NOT NULL DEFAULT '0',
  `description` text COLLATE utf8_unicode_ci NOT NULL,
  `status` int(10) NOT NULL DEFAULT '0',
  `office_id` int(10) NOT NULL,
  `login_id` int(10) NOT NULL,
  `parent_id` int(10) NOT NULL,
  `created_date` timestamp NOT NULL DEFAULT CURRENT_TIMESTAMP,
  `updated_date` timestamp NULL DEFAULT NULL ON UPDATE CURRENT_TIMESTAMP
) ENGINE=InnoDB DEFAULT CHARSET=utf8 COLLATE=utf8_unicode_ci;

--
-- Dumping data for table `investigation`
--

INSERT INTO `investigation` (`investigation_id`, `name`, `amount`, `department_id`, `description`, `status`, `office_id`, `login_id`, `parent_id`, `created_date`, `updated_date`) VALUES
(6, 'oct', '2000', 9, '', 1, 1, 1, 0, '2021-07-07 06:27:04', NULL),
(7, 'HFA', '2000', 10, '', 1, 1, 1, 0, '2021-07-12 10:05:11', NULL),
(8, 'Cataract workup', '1000', 9, '', 1, 1, 1, 0, '2022-01-07 13:43:39', NULL),
(9, 'A Scan', '1000', 10, '', 1, 1, 1, 0, '2022-01-07 13:44:01', NULL),
(10, 'B Scan', '1000', 9, '', 1, 1, 1, 0, '2022-01-07 13:44:16', NULL),
(11, 'OCT( One Eye)', '1500', 10, '', 1, 1, 1, 0, '2022-01-19 07:52:24', NULL),
(12, 'Colour Fundus Photo', '500', 10, '', 1, 1, 1, 0, '2022-01-19 07:53:16', NULL),
(13, 'Slit Lamp Photo', '500', 10, '', 1, 1, 1, 0, '2022-01-19 07:53:30', NULL),
(14, 'Visual  Fields (One Eye)', '750', 11, '', 1, 1, 1, 0, '2022-01-19 07:55:28', NULL),
(15, 'Visual  Fields  (Both Eye)', '1500', 11, '', 1, 1, 1, 0, '2022-01-19 07:55:42', NULL),
(16, 'SIRUS Scan', '1500', 15, '', 1, 1, 1, 0, '2022-01-19 07:55:58', NULL),
(17, 'B-Scan (One Eye)', '1000', 9, '', 1, 1, 1, 0, '2022-01-19 07:58:07', NULL),
(18, 'B-Scan (Both Eye)', '2000', 9, '', 1, 1, 1, 0, '2022-01-19 07:58:29', NULL),
(19, 'OCT +FFA', '4500', 10, '', 1, 1, 1, 0, '2022-01-19 07:59:24', NULL),
(20, 'Appalanation Tonometer (AT)', '100', 11, '', 1, 1, 1, 0, '2022-01-19 07:59:38', NULL),
(21, 'Angle Evaluation', '150', 11, '', 1, 1, 1, 0, '2022-01-19 08:01:33', NULL),
(22, 'COT Study', '750', 9, '', 1, 1, 1, 0, '2022-01-19 08:01:47', NULL),
(23, 'Pachymetry', '500', 10, '', 1, 1, 1, 0, '2022-01-19 08:01:59', NULL),
(24, 'Schimers  Test', '100', 13, '', 1, 1, 1, 0, '2022-01-19 08:02:21', NULL),
(25, 'TRYE', '500', 13, '', 1, 1, 1, 0, '2022-01-19 08:02:41', NULL),
(26, 'Contrast Sensitivity', '500', 14, '', 1, 1, 1, 0, '2022-01-19 08:02:57', NULL),
(27, 'Diplopia Chart', '250', 11, '', 1, 1, 1, 0, '2022-01-19 08:03:08', NULL),
(28, 'PAM Test', '250', 13, '', 1, 1, 1, 0, '2022-01-19 08:03:27', NULL),
(29, 'Colour Vision', '300', 15, '', 1, 1, 1, 0, '2022-01-19 08:03:44', NULL),
(30, 'Specular Microscopy', '500', 10, '', 1, 1, 1, 0, '2022-01-19 08:03:54', NULL),
(31, 'Syringing', '100', 12, '', 1, 1, 1, 0, '2022-01-19 08:04:07', NULL),
(32, 'Amsler Chart', '100', 11, '', 1, 1, 1, 0, '2022-01-19 08:04:19', NULL);

-- --------------------------------------------------------

--
-- Table structure for table `ipdcharge`
--

CREATE TABLE `ipdcharge` (
  `ipdcharge_id` int(5) NOT NULL,
  `name` varchar(100) COLLATE utf8_unicode_ci NOT NULL,
  `amount` varchar(100) COLLATE utf8_unicode_ci NOT NULL,
  `department_id` int(10) NOT NULL DEFAULT '0',
  `description` text COLLATE utf8_unicode_ci NOT NULL,
  `status` int(10) NOT NULL DEFAULT '0',
  `office_id` int(10) NOT NULL,
  `login_id` int(10) NOT NULL,
  `parent_id` int(10) NOT NULL,
  `created_date` timestamp NOT NULL DEFAULT CURRENT_TIMESTAMP,
  `updated_date` timestamp NULL DEFAULT NULL ON UPDATE CURRENT_TIMESTAMP
) ENGINE=InnoDB DEFAULT CHARSET=utf8 COLLATE=utf8_unicode_ci;

--
-- Dumping data for table `ipdcharge`
--

INSERT INTO `ipdcharge` (`ipdcharge_id`, `name`, `amount`, `department_id`, `description`, `status`, `office_id`, `login_id`, `parent_id`, `created_date`, `updated_date`) VALUES
(5, 'sics', '2000', 9, '', 1, 1, 1, 0, '2021-07-07 06:27:22', NULL),
(6, 'phaco', '20000', 9, '', 1, 1, 1, 0, '2021-07-07 13:33:06', NULL),
(7, 'VIT', '30000', 10, '', 1, 1, 1, 0, '2021-07-12 10:05:25', NULL),
(8, 'PHACO WITH FOLDABLE IOL ASPHERIC', '30000', 9, '', 1, 1, 1, 0, '2022-01-19 08:05:46', NULL),
(9, 'SICS  Rigid A', '3000', 9, '', 1, 1, 1, 0, '2022-01-19 08:05:58', NULL),
(10, 'SICS - Foldable', '7500', 9, '', 1, 1, 1, 0, '2022-01-19 08:06:10', NULL),
(11, 'Phaco - Budget', '10000', 9, '', 1, 1, 1, 0, '2022-01-19 08:06:24', NULL),
(12, 'Phaco Foldable Imported', '35000', 9, '', 1, 1, 1, 0, '2022-01-19 08:06:35', NULL),
(13, 'Phaco Foldable Toric Indian', '30000', 9, '', 1, 1, 1, 0, '2022-01-19 08:06:45', NULL),
(14, 'Phaco Foldable  Toric Imported', '45000', 9, '', 1, 1, 1, 0, '2022-01-19 08:06:56', NULL),
(15, 'Phaco Foldable  Multifocal Indian', '40000', 9, '', 1, 1, 1, 0, '2022-01-19 08:07:07', NULL),
(16, 'Phaco Foldable  Multifocal Imported', '60000', 9, '', 1, 1, 1, 0, '2022-01-19 08:07:20', NULL),
(17, 'Phaco Foldable Indian Multifocal Toric', '60000', 9, '', 1, 1, 1, 0, '2022-01-19 08:07:33', NULL),
(18, 'Phaco Foldable  Imported Multifocal Toric', '75000', 9, '', 1, 1, 1, 0, '2022-01-19 08:07:50', NULL),
(19, 'GIPSA - Phaco with hyrophobic aspheric lens', '22000', 9, '', 1, 1, 1, 0, '2022-01-19 08:08:02', NULL),
(20, 'GIPSA - Phaco with premium deluxe IOL', '26000', 9, '', 1, 1, 1, 0, '2022-01-19 08:08:14', NULL),
(21, 'GIPSA - Phaco with toric IOL', '34000', 9, '', 1, 1, 1, 0, '2022-01-19 08:08:26', NULL),
(22, 'CM0455 : PAEDIATRIC CATARACT SURGERY (PHACO EMULSIFICATION IOL/SICS IOL)', '17550', 9, '', 1, 1, 1, 0, '2022-01-19 08:08:42', NULL),
(23, 'Victrectomy', '25000', 10, '', 1, 1, 1, 0, '2022-01-19 08:09:53', NULL),
(24, 'Victrectomy B', '35000', 10, '', 1, 1, 1, 0, '2022-01-19 08:10:11', NULL),
(25, 'Victrectomy C (Sutureless)', '50000', 10, '', 1, 1, 1, 0, '2022-01-19 08:10:22', NULL),
(26, 'VIT+MP+EL+C3F8 (Suterless) +IOL  B', '65000', 10, '', 1, 1, 1, 0, '2022-01-19 08:10:34', NULL),
(27, 'VIT+MP+EL+C3F8 (Suterless) +IOL  C', '75000', 10, '', 1, 1, 1, 0, '2022-01-19 08:10:47', NULL),
(28, 'Buckle Removel', '20000', 10, '', 1, 1, 1, 0, '2022-01-19 08:11:00', NULL),
(29, 'SOR Additional  Procedure', '10000', 10, '', 1, 1, 1, 0, '2022-01-19 08:11:17', NULL),
(30, 'CM0444 : VITRECTOMY - MEMBRANE PEELING- ENDOLASER,SILICON OIL OR GAS', '21150', 10, '', 1, 1, 1, 0, '2022-01-19 08:11:36', NULL),
(31, 'Silicon Oil Removal', '25000', 10, '', 1, 1, 1, 0, '2022-01-19 08:12:00', NULL),
(32, 'Silicon Oil Removal + IOL', '35000', 10, '', 1, 1, 1, 0, '2022-01-19 08:12:19', NULL),
(33, 'VIT+MP+EL+C3F8 (Suterless) +IOL  A', '60000', 10, '', 1, 1, 1, 0, '2022-01-19 08:12:31', NULL),
(34, 'Retinal Detachment Scleral Buckling', '35000', 10, '', 1, 1, 1, 0, '2022-01-19 08:12:46', NULL),
(35, 'CM0447 : SCLERAL BUCKLE FOR RETINAL DETACHMENT', '13550', 10, '', 1, 1, 1, 0, '2022-01-19 08:13:01', NULL),
(36, 'CM0443 :VITRECTOMY ANTERIOR', '8350', 10, '', 1, 1, 1, 0, '2022-01-19 08:13:12', NULL),
(37, 'CM0442 : REMOVAL OF SILICON OIL OR GAS', '6450', 10, '', 1, 1, 1, 0, '2022-01-19 08:13:24', NULL),
(38, 'GIPSA - Vitrectomy Sutureless', '40000', 10, '', 1, 1, 1, 0, '2022-01-19 08:13:36', NULL);

-- --------------------------------------------------------

--
-- Table structure for table `laser`
--

CREATE TABLE `laser` (
  `laser_id` int(10) NOT NULL,
  `name` varchar(100) COLLATE utf8_unicode_ci NOT NULL,
  `amount` varchar(100) COLLATE utf8_unicode_ci NOT NULL,
  `department_id` int(10) DEFAULT NULL,
  `description` text COLLATE utf8_unicode_ci NOT NULL,
  `status` int(10) NOT NULL DEFAULT '0',
  `office_id` int(10) NOT NULL,
  `login_id` int(10) NOT NULL,
  `parent_id` int(10) NOT NULL,
  `created_date` timestamp NOT NULL DEFAULT CURRENT_TIMESTAMP,
  `updated_date` timestamp NULL DEFAULT NULL ON UPDATE CURRENT_TIMESTAMP
) ENGINE=InnoDB DEFAULT CHARSET=utf8 COLLATE=utf8_unicode_ci;

--
-- Dumping data for table `laser`
--

INSERT INTO `laser` (`laser_id`, `name`, `amount`, `department_id`, `description`, `status`, `office_id`, `login_id`, `parent_id`, `created_date`, `updated_date`) VALUES
(5, 'YAG LASER', '2000', NULL, '', 1, 1, 1, 0, '2021-07-07 06:40:28', NULL),
(6, 'GREEN LASER', '2000', NULL, '', 1, 1, 1, 0, '2021-07-14 08:59:41', NULL),
(7, 'Barag Laser', '2500', NULL, '', 1, 1, 1, 0, '2022-01-07 13:45:01', NULL),
(8, 'YAG Pi', '2500', NULL, '', 1, 1, 1, 0, '2022-01-07 13:45:23', NULL),
(9, 'YAG CAPSULOTOMY', '2000', NULL, '', 1, 1, 1, 0, '2022-01-19 08:14:05', NULL),
(10, 'SIT LASER(BOTH EYE)', '6000', NULL, '', 1, 1, 1, 0, '2022-01-19 08:14:16', NULL),
(11, 'SIT LASERONE EYE)', '3400', NULL, '', 1, 1, 1, 0, '2022-01-19 08:14:26', NULL),
(12, 'PRP LASER(BOTH EYES)', '3000', NULL, '', 1, 1, 1, 0, '2022-01-19 08:14:38', NULL),
(13, 'PRP LASER(ONE EYE)(ONE SITTIN)', '1500', NULL, '', 1, 1, 1, 0, '2022-01-19 08:15:02', NULL),
(14, 'BARRAGE LASER(BOTH EYE)', '5000', NULL, '', 1, 1, 1, 0, '2022-01-19 08:15:27', NULL),
(15, 'BARRAGE LASER(ONE EYE)', '2500', NULL, '', 1, 1, 1, 0, '2022-01-19 08:15:37', NULL),
(16, 'FOCAL LASER(BOTH EYE)', '5000', NULL, '', 1, 1, 1, 0, '2022-01-19 08:15:47', NULL),
(17, 'FOCAL LASER(ONE EYE)', '2500', NULL, '', 1, 1, 1, 0, '2022-01-19 08:15:57', NULL),
(18, 'CMS-PRP LASER', '1650', 10, '', 1, 1, 1, 0, '2022-01-19 08:16:06', '2022-02-07 15:53:42'),
(19, '21321', '213', 9, '', 1, 1, 1, 0, '2022-02-07 15:53:33', NULL);

-- --------------------------------------------------------

--
-- Table structure for table `medical_history`
--

CREATE TABLE `medical_history` (
  `medical_history_id` int(5) NOT NULL,
  `name` varchar(100) COLLATE utf8_unicode_ci NOT NULL,
  `description` text COLLATE utf8_unicode_ci NOT NULL,
  `status` int(10) NOT NULL DEFAULT '0',
  `office_id` int(10) NOT NULL,
  `login_id` int(10) NOT NULL,
  `parent_id` int(10) NOT NULL,
  `created_date` timestamp NOT NULL DEFAULT CURRENT_TIMESTAMP,
  `updated_date` timestamp NULL DEFAULT NULL ON UPDATE CURRENT_TIMESTAMP
) ENGINE=InnoDB DEFAULT CHARSET=utf8 COLLATE=utf8_unicode_ci;

--
-- Dumping data for table `medical_history`
--

INSERT INTO `medical_history` (`medical_history_id`, `name`, `description`, `status`, `office_id`, `login_id`, `parent_id`, `created_date`, `updated_date`) VALUES
(7, 'HYPERTENSION', '', 1, 1, 1, 0, '2021-11-21 04:11:38', NULL),
(8, 'DIABETES MELLITUS', '', 1, 1, 1, 0, '2021-11-21 04:11:50', NULL),
(9, 'HYPERCHOLESTEROLEMIA', '', 1, 1, 1, 0, '2021-11-21 04:12:00', NULL),
(10, 'ASTHMA', '', 1, 1, 1, 0, '2021-11-21 04:12:10', NULL),
(11, 'ALLERGIES', '', 1, 1, 1, 0, '2021-11-21 04:12:25', NULL),
(12, 'HYPOTHYROIDISM', '', 1, 1, 1, 0, '2021-11-21 04:12:36', NULL);

-- --------------------------------------------------------

--
-- Table structure for table `medicine`
--

CREATE TABLE `medicine` (
  `medicine_id` int(5) NOT NULL,
  `name` varchar(100) COLLATE utf8_unicode_ci NOT NULL,
  `category_id` int(10) NOT NULL,
  `medicine_instruction_id` int(10) DEFAULT NULL,
  `medicine_templates_id` int(10) DEFAULT NULL,
  `description` text COLLATE utf8_unicode_ci NOT NULL,
  `status` int(10) NOT NULL DEFAULT '0',
  `office_id` int(10) NOT NULL,
  `login_id` int(10) NOT NULL,
  `parent_id` int(10) NOT NULL,
  `created_date` timestamp NOT NULL DEFAULT CURRENT_TIMESTAMP,
  `updated_date` timestamp NULL DEFAULT NULL ON UPDATE CURRENT_TIMESTAMP
) ENGINE=InnoDB DEFAULT CHARSET=utf8 COLLATE=utf8_unicode_ci;

--
-- Dumping data for table `medicine`
--

INSERT INTO `medicine` (`medicine_id`, `name`, `category_id`, `medicine_instruction_id`, `medicine_templates_id`, `description`, `status`, `office_id`, `login_id`, `parent_id`, `created_date`, `updated_date`) VALUES
(4, 'LUBIFRESH', 8, 5, 1, '', 1, 1, 1, 0, '2021-11-15 09:54:40', '2022-03-10 06:49:04'),
(5, 'LIMCY', 9, 9, NULL, '', 1, 1, 1, 0, '2021-11-15 09:58:28', NULL),
(6, 'lutein', 8, 7, NULL, '', 1, 1, 1, 0, '2021-11-21 04:49:53', NULL),
(7, 'Natacyn', 0, 0, NULL, '', 1, 1, 1, 0, '2021-11-21 04:50:13', NULL),
(8, 'Acthar', 8, 8, NULL, '', 1, 1, 1, 0, '2021-11-21 04:50:31', NULL),
(9, 'Bleph-10', 9, 12, 2, '', 1, 1, 1, 0, '2021-11-21 04:50:44', '2022-03-10 06:50:23'),
(10, 'MYOPIN', 8, 8, NULL, '', 1, 1, 1, 0, '2022-01-19 06:44:29', NULL),
(11, 'FLURGAT', 8, 8, NULL, '', 1, 1, 1, 0, '2022-01-19 06:44:46', NULL),
(12, 'NEPAZE', 0, 7, NULL, '', 1, 1, 1, 0, '2022-01-19 06:45:00', NULL),
(13, 'CYCLOPENT EYE DROP', 8, 8, NULL, '', 1, 1, 1, 0, '2022-01-19 06:45:22', NULL),
(14, 'ART EYE DROPS', 0, 7, NULL, '', 1, 1, 1, 0, '2022-01-19 06:45:42', NULL),
(15, 'REFRESH', 8, 7, NULL, '', 1, 1, 1, 0, '2022-01-19 06:46:34', NULL),
(16, 'NEYPAC EYEDROPS', 0, 0, NULL, '', 1, 1, 1, 0, '2022-01-19 06:46:47', NULL),
(17, 'TOBRAMYCIN', 10, 14, NULL, '', 1, 1, 1, 0, '2022-01-19 06:47:23', NULL),
(18, 'CD', 0, 0, NULL, '', 1, 1, 1, 0, '2022-01-19 06:47:48', NULL),
(19, 'ZOBRA E/O', 10, 14, 2, '', 1, 1, 1, 0, '2022-01-19 06:48:01', '2022-03-10 06:50:39'),
(20, 'LACRYL PF GEL', 0, 14, NULL, '', 1, 1, 1, 0, '2022-01-19 06:48:16', NULL),
(21, '4 QUIN EYE OINTMENT', 10, 14, 1, '', 1, 1, 1, 0, '2022-01-19 06:48:30', '2022-03-10 06:48:38'),
(22, 'Eyemist', 0, 0, NULL, '', 1, 1, 1, 0, '2022-01-19 06:48:56', NULL),
(23, 'ONEZINE-10MG', 9, 9, 2, '', 1, 1, 1, 0, '2022-01-19 06:49:34', '2022-03-10 06:50:04'),
(24, 'ACHE-P', 9, 13, NULL, '', 1, 1, 1, 0, '2022-01-19 06:50:32', NULL),
(25, 'OFLOMINT-400MG', 9, 12, 1, '', 1, 1, 1, 0, '2022-01-19 06:50:44', '2022-03-10 06:48:54'),
(26, 'PANMINT-40MG', 0, 9, NULL, '', 1, 1, 1, 0, '2022-01-19 06:51:02', NULL),
(27, 'ASTA1 TAB', 0, 9, NULL, '', 1, 1, 1, 0, '2022-01-19 06:51:15', NULL),
(28, '1', 8, 8, 1, 'asdas', 1, 1, 1, 0, '2022-03-09 16:08:18', NULL),
(29, 'sdasd', 9, 12, 1, 'sad', 1, 1, 1, 0, '2022-03-09 16:11:55', NULL);

-- --------------------------------------------------------

--
-- Table structure for table `medicine_category`
--

CREATE TABLE `medicine_category` (
  `medicine_category_id` int(5) NOT NULL,
  `name` varchar(100) COLLATE utf8_unicode_ci NOT NULL,
  `description` text COLLATE utf8_unicode_ci NOT NULL,
  `status` int(10) NOT NULL DEFAULT '0',
  `office_id` int(10) NOT NULL,
  `login_id` int(10) NOT NULL,
  `parent_id` int(10) NOT NULL,
  `created_date` timestamp NOT NULL DEFAULT CURRENT_TIMESTAMP,
  `updated_date` timestamp NULL DEFAULT NULL ON UPDATE CURRENT_TIMESTAMP
) ENGINE=InnoDB DEFAULT CHARSET=utf8 COLLATE=utf8_unicode_ci;

--
-- Dumping data for table `medicine_category`
--

INSERT INTO `medicine_category` (`medicine_category_id`, `name`, `description`, `status`, `office_id`, `login_id`, `parent_id`, `created_date`, `updated_date`) VALUES
(8, 'EYE DROPS', '', 1, 1, 1, 0, '2021-11-15 09:51:51', NULL),
(9, 'TABLET', '', 1, 1, 1, 0, '2021-11-15 09:52:00', NULL),
(10, 'OINTMENT', '', 1, 1, 1, 0, '2021-11-15 09:52:06', NULL),
(11, 'OTHERS', '', 1, 1, 1, 0, '2021-11-15 09:52:54', NULL);

-- --------------------------------------------------------

--
-- Table structure for table `medicine_instruction`
--

CREATE TABLE `medicine_instruction` (
  `medicine_instruction_id` int(5) NOT NULL,
  `name` varchar(100) COLLATE utf8_unicode_ci NOT NULL,
  `category_id` int(10) NOT NULL,
  `medicine_templates_id` int(10) DEFAULT NULL,
  `days` varchar(100) COLLATE utf8_unicode_ci NOT NULL,
  `description` text COLLATE utf8_unicode_ci NOT NULL,
  `status` int(10) NOT NULL DEFAULT '0',
  `office_id` int(10) NOT NULL,
  `login_id` int(10) NOT NULL,
  `parent_id` int(10) NOT NULL,
  `created_date` timestamp NOT NULL DEFAULT CURRENT_TIMESTAMP,
  `updated_date` timestamp NULL DEFAULT NULL ON UPDATE CURRENT_TIMESTAMP
) ENGINE=InnoDB DEFAULT CHARSET=utf8 COLLATE=utf8_unicode_ci;

--
-- Dumping data for table `medicine_instruction`
--

INSERT INTO `medicine_instruction` (`medicine_instruction_id`, `name`, `category_id`, `medicine_templates_id`, `days`, `description`, `status`, `office_id`, `login_id`, `parent_id`, `created_date`, `updated_date`) VALUES
(5, '3 TIMES A DAY', 8, NULL, '1', '', 1, 1, 1, 0, '2021-11-15 09:53:34', NULL),
(6, '4 TIMES A DAY', 0, NULL, '5', '', 1, 1, 1, 0, '2021-11-15 09:54:08', NULL),
(7, '6 TIMES A DAY', 8, NULL, '7', '', 1, 1, 1, 0, '2021-11-15 09:57:08', NULL),
(8, '2 TIMES A DAY', 8, NULL, '5', '', 1, 1, 1, 0, '2021-11-15 09:57:36', NULL),
(9, '1-0-1', 9, NULL, '5', '', 1, 1, 1, 0, '2021-11-15 09:57:55', NULL),
(10, '1 Time a day', 8, NULL, '7', '', 1, 1, 1, 0, '2022-01-19 06:40:22', NULL),
(11, '8 Times a day', 8, NULL, '7', '', 1, 1, 1, 0, '2022-01-19 06:41:26', NULL),
(12, '1-1-1', 9, 1, '5', '', 1, 1, 1, 0, '2022-01-19 06:42:03', '2022-03-08 17:44:29'),
(13, '1-0-0', 9, NULL, '5', '', 1, 1, 1, 0, '2022-01-19 06:42:13', '2022-01-19 06:50:00'),
(14, 'Once in a day @ night', 10, NULL, '5', '', 1, 1, 1, 0, '2022-01-19 06:42:47', NULL),
(15, '@-Morning & @-Night', 0, 1, '5', '', 1, 1, 1, 0, '2022-01-19 06:43:08', '2022-03-08 17:44:03'),
(16, 'werew', 8, 1, '34', '', 1, 1, 1, 0, '2022-03-08 17:40:04', NULL),
(17, '121', 9, 0, '12', '', 1, 1, 1, 0, '2022-03-09 16:07:51', NULL);

-- --------------------------------------------------------

--
-- Table structure for table `medicine_prescription`
--

CREATE TABLE `medicine_prescription` (
  `medicine prescription_id` int(10) NOT NULL,
  `medicine_id` int(10) NOT NULL,
  `examination_id` int(10) NOT NULL,
  `instruction` varchar(200) COLLATE utf8_unicode_ci NOT NULL,
  `nodays` varchar(200) COLLATE utf8_unicode_ci NOT NULL,
  `qty` varchar(10) COLLATE utf8_unicode_ci NOT NULL,
  `sdate` date NOT NULL,
  `tdate` date NOT NULL,
  `med_eye` varchar(100) COLLATE utf8_unicode_ci DEFAULT NULL,
  `temp_id` varchar(200) COLLATE utf8_unicode_ci NOT NULL,
  `created_date` timestamp NOT NULL DEFAULT CURRENT_TIMESTAMP,
  `updated_date` timestamp NULL DEFAULT NULL ON UPDATE CURRENT_TIMESTAMP
) ENGINE=InnoDB DEFAULT CHARSET=utf8 COLLATE=utf8_unicode_ci;

--
-- Dumping data for table `medicine_prescription`
--

INSERT INTO `medicine_prescription` (`medicine prescription_id`, `medicine_id`, `examination_id`, `instruction`, `nodays`, `qty`, `sdate`, `tdate`, `med_eye`, `temp_id`, `created_date`, `updated_date`) VALUES
(1, 1, 0, 'sdfsdfsdfsdf', '1', '1', '2021-11-13', '2021-11-13', NULL, 'dp97kwtmT74HWq6GYM9JmFBRiKtJGJsehFb', '2021-11-13 06:59:52', NULL),
(2, 3, 0, 'sdfsdfsdfsdf', '1', '1', '2021-11-13', '2021-11-13', NULL, 'dp97kwtmT74HWq6GYM9JmFBRiKtJGJsehFb', '2021-11-13 06:59:52', NULL),
(3, 1, 0, 'sdfsdfsdfsdf', '1', '1', '2021-11-13', '2021-11-13', '1', 'om14bXVAkAFn0zse1YH0OUC0G0qf3nhVCYO', '2021-11-13 07:00:41', NULL),
(4, 3, 0, 'sdfsdfsdfsdf', '1', '1', '2021-11-13', '2021-11-13', '1', 'om14bXVAkAFn0zse1YH0OUC0G0qf3nhVCYO', '2021-11-13 07:00:41', NULL),
(5, 1, 0, 'sdfsdfsdfsdf', '1', '1', '2021-11-13', '2021-11-13', '1', 'kC4Kw7LWPEsFFnEgraRhXfdX78oR316uXyR', '2021-11-13 07:01:05', NULL),
(6, 3, 0, 'sdfsdfsdfsdf111', '1', '1', '2021-11-13', '2021-11-13', '1', 'kC4Kw7LWPEsFFnEgraRhXfdX78oR316uXyR', '2021-11-13 07:01:05', NULL),
(7, 1, 0, 'sdfsdfsdfsdf', '1', '1', '2021-11-13', '2021-11-13', '3', 'px0Y92gMAtEYCGVOcHWMgsaKF0cuBTK1rgb', '2021-11-13 07:25:31', NULL),
(8, 3, 0, 'sdfsdfsdfsdf', '1', '1', '2021-11-13', '2021-11-13', '1', 'px0Y92gMAtEYCGVOcHWMgsaKF0cuBTK1rgb', '2021-11-13 07:25:31', NULL),
(9, 1, 0, 'sdfsdfsdfsdf', '1', '1', '2021-11-13', '2021-11-13', '1', 'YXnz3hWEOOSq2kyugNHYkOjLtVdPF5OlHrO', '2021-11-13 07:38:47', NULL),
(10, 2, 0, 'dfgdfg', '3', '1', '2021-11-13', '2021-11-13', '1', 'YXnz3hWEOOSq2kyugNHYkOjLtVdPF5OlHrO', '2021-11-13 07:38:47', NULL),
(11, 1, 0, 'sdfsdfsdfsdf', '1', '1', '2021-11-13', '2021-11-13', '1', 'WVttPJGeBIdFqGsaLKUfn33AvZjXIiYVbSF', '2021-11-13 07:39:24', NULL),
(12, 2, 0, 'dfgdfg', '3', '1', '2021-11-13', '2021-11-13', '1', 'WVttPJGeBIdFqGsaLKUfn33AvZjXIiYVbSF', '2021-11-13 07:39:24', NULL),
(13, 1, 0, 'sdfsdfsdfsdf', '1', '1', '2021-11-13', '2021-11-13', '1', 'adD6Tk7sdNMXWCeR9c3G8sUAhfRERHhhRhw', '2021-11-13 07:40:02', NULL),
(14, 2, 0, 'dfgdfg', '3', '1', '2021-11-13', '2021-11-13', '1', 'adD6Tk7sdNMXWCeR9c3G8sUAhfRERHhhRhw', '2021-11-13 07:40:02', NULL),
(15, 1, 0, 'sdfsdfsdfsdf', '1', '1', '2021-11-13', '2021-11-13', '1', 'H0VA6vW9WbZSNP4LoTacq0IrYXi6mXtExtY', '2021-11-13 07:43:02', NULL),
(16, 3, 0, 'sdfsdfsdfsdf', '1', '1', '2021-11-13', '2021-11-13', '1', 'H0VA6vW9WbZSNP4LoTacq0IrYXi6mXtExtY', '2021-11-13 07:43:02', NULL),
(17, 1, 0, 'sdfsdfsdfsdf2134124', '1', '12', '2021-11-13', '2021-12-02', '1', 'H0VA6vW9WbZSNP4LoTacq0IrYXi6mXtExtY', '2021-11-13 07:43:02', NULL),
(18, 1, 0, 'sdfsdfsdfsdf', '1', '1', '2021-11-13', '2021-11-13', '1', 'tzah1LFzwYJ5kiUyOgrSSvvAkofdE7UxnzL', '2021-11-13 07:43:20', NULL),
(19, 3, 0, 'sdfsdfsdfsdf', '1', '1', '2021-11-13', '2021-11-13', '1', 'tzah1LFzwYJ5kiUyOgrSSvvAkofdE7UxnzL', '2021-11-13 07:43:20', NULL),
(20, 1, 0, 'sdfsdfsdfsdf2134124', '1', '12', '2021-11-13', '2021-12-02', '1', 'tzah1LFzwYJ5kiUyOgrSSvvAkofdE7UxnzL', '2021-11-13 07:43:20', NULL),
(21, 1, 0, 'sdfsdfsdfsdf', '1', '1', '2021-11-13', '2021-11-13', '1', 'TrPVORidNnRVfCV7WNCPt5I4kw24GKOQL8Q', '2021-11-13 07:43:42', NULL),
(22, 3, 0, 'sdfsdfsdfsdf', '1', '1', '2021-11-13', '2021-11-13', '1', 'TrPVORidNnRVfCV7WNCPt5I4kw24GKOQL8Q', '2021-11-13 07:43:42', NULL),
(23, 1, 0, 'sdfsdfsdfsdf2134124', '1', '12', '2021-11-13', '2021-12-02', '1', 'TrPVORidNnRVfCV7WNCPt5I4kw24GKOQL8Q', '2021-11-13 07:43:42', NULL),
(24, 1, 0, 'sdfsdfsdfsdf', '1', '1', '2021-11-13', '2021-11-13', '1', '2A7EPWN9DlsDjnw5CsGyiO2fc98UaWyUeE3', '2021-11-13 08:24:46', NULL),
(25, 3, 0, 'sdfsdfsdfsdf', '1', '1', '2021-11-13', '2021-11-13', '1', '2A7EPWN9DlsDjnw5CsGyiO2fc98UaWyUeE3', '2021-11-13 08:24:46', NULL),
(26, 1, 0, 'sdfsdfsdfsdf2134124', '1', '12', '2021-11-13', '2021-12-02', '1', '2A7EPWN9DlsDjnw5CsGyiO2fc98UaWyUeE3', '2021-11-13 08:24:46', NULL),
(27, 1, 0, 'sdfsdfsdfsdf', '1', '1', '2021-11-13', '2021-11-13', 'BE', '0IkFmDrcSUtpFvzwAzR2xVDYhrXcsZRxOFc', '2021-11-13 08:28:53', NULL),
(28, 3, 0, 'sdfsdfsdfsdf111', '1', '11', '2021-11-13', '2021-11-13', 'RE', '0IkFmDrcSUtpFvzwAzR2xVDYhrXcsZRxOFc', '2021-11-13 08:28:53', NULL),
(29, 1, 0, 'sdfsdfsdfsdf', '1', '1', '2021-11-13', '2021-11-13', 'BE', 'UxqgyL9iRfT1NrELGETilCJYCgVyNr7UDOh', '2021-11-13 08:32:20', NULL),
(30, 2, 0, 'dfgdfg', '3', '1', '2021-11-13', '2021-11-13', 'N/A', 'UxqgyL9iRfT1NrELGETilCJYCgVyNr7UDOh', '2021-11-13 08:32:20', NULL),
(31, 1, 0, 'sdfsdfsdfsdf', '1', '1', '2021-11-13', '2021-11-13', 'BE', 'esaZT8LoH3hbR3SsQCyQIVvQCQC8CvfL1QV', '2021-11-13 08:46:20', NULL),
(32, 2, 0, 'dfgdfg1', '3', '1', '2021-11-13', '2021-11-13', 'BE', 'esaZT8LoH3hbR3SsQCyQIVvQCQC8CvfL1QV', '2021-11-13 08:46:20', NULL),
(33, 2, 0, 'dfgdfg', '3', '1', '2021-11-13', '2021-11-13', 'BE', '1kG9HmAI9SjmIdydQdwJKDLkb2LdeBghSKV', '2021-11-13 08:59:29', NULL),
(34, 1, 0, 'sdfsdfsdfsdf', '1', '1', '2021-11-13', '2021-11-13', 'BE', '1kG9HmAI9SjmIdydQdwJKDLkb2LdeBghSKV', '2021-11-13 08:59:29', NULL),
(35, 2, 0, 'dfgdfg', '3', '1', '2021-11-13', '2021-11-13', 'BE', 'OhCBLzQXZ1yrvTiRNrMKlbjpkbBj0ZWqcPr', '2021-11-13 09:04:20', NULL),
(36, 1, 0, 'sdfsdfsdfsdf', '1', '1', '2021-11-13', '2021-11-13', 'BE', 'OhCBLzQXZ1yrvTiRNrMKlbjpkbBj0ZWqcPr', '2021-11-13 09:04:20', NULL),
(37, 1, 0, 'sdfsdfsdfsdf', '1', '1', '2021-11-13', '2021-11-13', 'BE', 'UyZEgZvw327HNdf78mdOYeqW4taHUHAxKrd', '2021-11-13 09:11:21', NULL),
(38, 2, 0, 'dfgdfg', '3', '1', '2021-11-13', '2021-11-13', 'BE', 'UyZEgZvw327HNdf78mdOYeqW4taHUHAxKrd', '2021-11-13 09:11:21', NULL),
(39, 1, 0, 'sdfsdfsdfsdf', '1', '1', '2021-11-13', '2021-11-13', 'BE', '5z2i4dHl4205z6cnJsCoegNLtXlyrRaTZCN', '2021-11-13 11:05:13', NULL),
(40, 2, 0, 'dfgdfg', '3', '1', '2021-11-13', '2021-11-13', 'BE', '5z2i4dHl4205z6cnJsCoegNLtXlyrRaTZCN', '2021-11-13 11:05:13', NULL),
(41, 1, 0, 'sdfsdfsdfsdf', '1', '1', '2021-11-14', '2021-11-14', 'BE', 'KdHPd5886QeAVZGFerrtIWbFvxgihxOa8vF', '2021-11-14 14:59:38', NULL),
(42, 3, 0, 'sdfsdfsdfsdf12', '1', '1', '2021-11-14', '2021-11-14', 'RE', 'KdHPd5886QeAVZGFerrtIWbFvxgihxOa8vF', '2021-11-14 14:59:38', NULL),
(43, 1, 0, 'sdfsdfsdfsdf', '1', '1', '2021-11-15', '2021-11-15', 'BE', 'faY64HEnEwqTG046o6eVLHSXaSMe3nwrIFF', '2021-11-15 09:47:27', NULL),
(44, 2, 0, 'dfgdfg', '3', '1', '2021-11-15', '2021-11-15', 'BE', 'faY64HEnEwqTG046o6eVLHSXaSMe3nwrIFF', '2021-11-15 09:47:27', NULL),
(45, 1, 0, '3 TIMES A DAY', '1', '1', '2021-11-15', '2021-11-15', 'BE', 'axKE67utbqMlJ36TiL9yNJbjb931HHB618A', '2021-11-15 09:48:38', NULL),
(46, 2, 0, 'dfgdfg', '3', '1', '2021-11-15', '2021-11-15', 'BE', 'axKE67utbqMlJ36TiL9yNJbjb931HHB618A', '2021-11-15 09:48:38', NULL),
(47, 3, 0, 'sdfsdfsdfsdf', '1', '1', '2021-11-15', '2021-11-15', 'BE', 'axKE67utbqMlJ36TiL9yNJbjb931HHB618A', '2021-11-15 09:48:38', NULL),
(48, 4, 0, '3 TIMES A DAY', '5', '1', '2021-11-15', '2021-11-15', 'BE', 'icg7g2RFN1DHe76x2wWvNFB30GKQ3Xjcp34', '2021-11-15 10:00:42', NULL),
(49, 4, 0, '3 TIMES A DAY', '5', '1', '2021-11-15', '2021-11-15', 'BE', 'nx5gOgSSw28daBPX0RqnWeoJ14AtC2U3qqe', '2021-11-15 10:01:12', NULL),
(50, 5, 0, '1-0-1', '10', '20', '2021-11-15', '2021-11-15', 'BE', 'nx5gOgSSw28daBPX0RqnWeoJ14AtC2U3qqe', '2021-11-15 10:01:12', NULL),
(51, 4, 0, '3 TIMES A DAY', '1', '1', '2021-11-15', '2021-11-15', 'BE', 'BA0rAQQBdKiasj53c01nPxsaDMPNP9Zlbqy', '2021-11-15 10:02:54', NULL),
(52, 5, 0, '1-0-1', '5', '1', '2021-11-15', '2021-11-15', 'BE', 'BA0rAQQBdKiasj53c01nPxsaDMPNP9Zlbqy', '2021-11-15 10:02:54', NULL),
(53, 4, 0, '3 TIMES A DAY', '1', '1', '2021-11-15', '2021-11-15', 'BE', '3Q6Gi1w1rraVHG6gGe1sn8aqpNL4nji7tks', '2021-11-15 15:13:18', NULL),
(54, 4, 0, '3 TIMES A DAY', '1', '1', '2021-11-15', '2021-11-15', 'BE', 'lPEfQH3o81st9R9t6kHYBgixlH3i0RIp764', '2021-11-15 15:13:48', NULL),
(55, 4, 0, '3 TIMES A DAY', '1', '1', '2021-11-15', '2021-11-15', 'BE', 'Fk3C3SsknBM8rC7gx9u39XZYg6w9Y3Xr1x9', '2021-11-15 15:14:55', NULL),
(56, 4, 0, '3 TIMES A DAY', '1', '1', '2021-11-15', '2021-11-15', 'BE', '3Ay1e587X9D8TmLL0HKC8VysUxxWJ3wGMgW', '2021-11-15 15:15:16', NULL),
(57, 4, 0, '3 TIMES A DAY', '1', '1', '2021-11-16', '2021-11-16', 'BE', 'wc4NTS36KjE1i68tiR5OZy6DPvvdiAO3czE', '2021-11-16 16:00:59', NULL),
(58, 5, 0, '1-0-1', '5', '1', '2021-11-16', '2021-11-16', 'BE', 'qfpRiD0zg7dLiSTol7w7g00xtDBmc0c38Kq', '2021-11-16 16:01:41', NULL),
(59, 4, 0, '3 TIMES A DAY', '1', '1', '2021-11-17', '2021-11-17', 'BE', 'gTGpp64KvM8YR6elrWlvadlpQ60g18RknJH', '2021-11-17 15:22:44', NULL),
(60, 5, 0, '1-0-1', '5', '1', '2021-11-17', '2021-11-17', 'BE', 'gTGpp64KvM8YR6elrWlvadlpQ60g18RknJH', '2021-11-17 15:22:44', NULL),
(61, 4, 0, '3 TIMES A DAY', '1', '1', '2021-11-17', '2021-11-17', 'BE', 'dJt6lYeIMrPE6ozh1htH71GTeG2kTHHz71e', '2021-11-17 15:23:44', NULL),
(62, 5, 0, '1-0-1', '5', '1', '2021-11-17', '2021-11-17', 'RE', 'dJt6lYeIMrPE6ozh1htH71GTeG2kTHHz71e', '2021-11-17 15:23:44', NULL),
(63, 4, 0, '3 TIMES A DAY', '1', '1', '2021-11-17', '2021-11-17', 'BE', 'kMgHJ0ZqP5R4C3M84Hu2GhVzg917DUpS54U', '2021-11-17 15:33:49', NULL),
(64, 5, 0, '1-0-1', '5', '1', '2021-11-17', '2021-11-17', 'RE', 'kMgHJ0ZqP5R4C3M84Hu2GhVzg917DUpS54U', '2021-11-17 15:33:49', NULL),
(65, 4, 0, '3 TIMES A DAY', '1', '1', '2021-11-17', '2021-11-17', 'BE', '421r8oH2vH9v2zu2QZO16fl1cQYS911hF1L', '2021-11-17 16:08:02', NULL),
(66, 5, 0, '1-0-1', '5', '1', '2021-11-17', '2021-11-17', 'RE', '421r8oH2vH9v2zu2QZO16fl1cQYS911hF1L', '2021-11-17 16:08:02', NULL),
(67, 4, 0, '3 TIMES A DAY', '1', '1', '2021-11-17', '2021-11-17', 'BE', 'f86zr15e4vYM5533NIb0dGxT8x4kfCuj6g1', '2021-11-17 16:08:51', NULL),
(68, 5, 0, '1-0-1', '5', '1', '2021-11-17', '2021-11-17', 'RE', 'f86zr15e4vYM5533NIb0dGxT8x4kfCuj6g1', '2021-11-17 16:08:51', NULL),
(69, 4, 0, '3 TIMES A DAY', '1', '1', '2021-11-17', '2021-11-17', 'BE', 'P61io9ewp64MA2oazYLytllfPSwZIP6emeZ', '2021-11-17 16:10:29', NULL),
(70, 5, 0, '1-0-1', '5', '1', '2021-11-17', '2021-11-17', 'RE', 'P61io9ewp64MA2oazYLytllfPSwZIP6emeZ', '2021-11-17 16:10:29', NULL),
(71, 4, 14, '3 TIMES A DAY', '1', '1', '2021-11-17', '2021-11-17', 'BE', 'rX8iBgJInxHUMbc6i6KlGqodfc1o3owdg5h', '2021-11-17 16:14:17', '2021-11-20 18:33:49'),
(72, 5, 14, '1-0-1', '5', '1', '2021-11-17', '2021-11-17', 'BE', 'rX8iBgJInxHUMbc6i6KlGqodfc1o3owdg5h', '2021-11-17 16:14:17', '2021-11-20 18:33:49'),
(73, 4, 0, '3 TIMES A DAY', '1', '1', '2021-11-19', '2021-11-19', 'BE', '7F93eT33zianT4p3yrDziv5HT7oBlwCLAbZ', '2021-11-19 15:29:19', NULL),
(74, 5, 0, '1-0-1', '5', '1', '2021-11-19', '2021-11-19', 'BE', '7F93eT33zianT4p3yrDziv5HT7oBlwCLAbZ', '2021-11-19 15:29:19', NULL),
(75, 6, 0, '6 TIMES A DAY', '7', '1', '2021-11-21', '2021-11-21', 'BE', 'rzvjGNsC8xpKRhbSTjh536gXzJ720h0SYtO', '2021-11-21 05:11:43', NULL),
(76, 5, 0, '1-0-1', '5', '1', '2021-11-21', '2021-11-21', 'BE', 'rzvjGNsC8xpKRhbSTjh536gXzJ720h0SYtO', '2021-11-21 05:11:43', NULL),
(77, 4, 17, '3 TIMES A DAY', '1', '1', '2021-11-21', '2021-11-21', 'BE', 'XCBloSOPJPDCC1Z71D4PBw78kui1d3fxRS6', '2021-11-21 05:13:33', '2021-11-21 05:13:48'),
(78, 6, 17, '6 TIMES A DAY', '7', '1', '2021-11-21', '2021-11-21', 'BE', 'XCBloSOPJPDCC1Z71D4PBw78kui1d3fxRS6', '2021-11-21 05:13:33', '2021-11-21 05:13:48'),
(79, 8, 17, '2 TIMES A DAY', '5', '1', '2021-11-21', '2021-11-21', 'BE', 'XCBloSOPJPDCC1Z71D4PBw78kui1d3fxRS6', '2021-11-21 05:13:33', '2021-11-21 05:13:48'),
(80, 5, 18, '1-0-1', '5', '1', '2021-11-21', '2021-11-21', 'LE', '8xAmi2Mn6z1AhwLiQdxxbjli4qZR2WpoLQ5', '2021-11-21 05:26:48', '2021-11-21 05:27:15'),
(81, 6, 18, '6 TIMES A DAY', '7', '1', '2021-11-21', '2021-11-21', 'BE', '8xAmi2Mn6z1AhwLiQdxxbjli4qZR2WpoLQ5', '2021-11-21 05:26:48', '2021-11-21 05:27:15'),
(82, 8, 18, '2 TIMES A DAY', '5', '1', '2021-11-21', '2021-11-21', 'BE', '8xAmi2Mn6z1AhwLiQdxxbjli4qZR2WpoLQ5', '2021-11-21 05:26:48', '2021-11-21 05:27:15'),
(83, 4, 19, '3 TIMES A DAY', '1', '1', '2021-11-21', '2021-11-21', 'BE', '1XOyWlACN91ZASWYdgrOWt6zd9JsyI3R32G', '2021-11-21 05:41:03', '2021-11-21 05:41:49'),
(84, 5, 19, '1-0-1', '5', '1', '2021-11-21', '2021-11-21', 'BE', '1XOyWlACN91ZASWYdgrOWt6zd9JsyI3R32G', '2021-11-21 05:41:03', '2021-11-21 05:41:49'),
(85, 6, 19, '6 TIMES A DAY', '7', '1', '2021-11-21', '2021-11-21', 'BE', '1XOyWlACN91ZASWYdgrOWt6zd9JsyI3R32G', '2021-11-21 05:41:03', '2021-11-21 05:41:49'),
(86, 4, 0, '3 TIMES A DAY', '1', '1', '2021-11-21', '2021-11-21', 'BE', '1lhrjALts7hNrQq0XIegpYhzKnY0qiaL1cA', '2021-11-21 10:23:10', NULL),
(87, 5, 0, '1-0-1', '5', '1', '2021-11-21', '2021-11-21', 'BE', '1lhrjALts7hNrQq0XIegpYhzKnY0qiaL1cA', '2021-11-21 10:23:10', NULL),
(88, 6, 0, '6 TIMES A DAY', '7', '1', '2021-11-21', '2021-11-21', 'BE', '1lhrjALts7hNrQq0XIegpYhzKnY0qiaL1cA', '2021-11-21 10:23:10', NULL),
(89, 4, 22, '3 TIMES A DAY', '1', '1', '2021-11-21', '2021-11-21', 'LE', 'NJ6Ym0hC9E2sHnvsGyYf4zZnH0ok4X8pA0v', '2021-11-21 10:23:24', '2021-11-21 10:23:28'),
(90, 5, 22, '1-0-1', '5', '1', '2021-11-21', '2021-11-21', 'RE', 'NJ6Ym0hC9E2sHnvsGyYf4zZnH0ok4X8pA0v', '2021-11-21 10:23:24', '2021-11-21 10:23:28'),
(91, 4, 23, '3 TIMES A DAY', '1', '1', '2021-11-21', '2021-11-21', 'RE', 'c41Hv7vVU1tgA0SiCkyKP0gL3v48eC5TrJ9', '2021-11-21 10:36:10', '2021-11-21 10:36:46'),
(92, 6, 23, '4 TIMES A DAY', '7', '1', '2021-11-21', '2021-11-21', 'BE', 'c41Hv7vVU1tgA0SiCkyKP0gL3v48eC5TrJ9', '2021-11-21 10:36:10', '2021-11-21 10:36:46'),
(93, 4, 0, '3 TIMES A DAY', '1', '1', '2021-11-21', '2021-11-21', 'RE', 'Kr25OH8A92fh4dYx1fM5QotzVb4gvO1AEC1', '2021-11-21 10:37:44', NULL),
(94, 6, 0, '4 TIMES A DAY', '7', '1', '2021-11-21', '2021-11-21', 'BE', 'Kr25OH8A92fh4dYx1fM5QotzVb4gvO1AEC1', '2021-11-21 10:37:44', NULL),
(95, 4, 23, '3 TIMES A DAY', '1', '1', '2021-11-21', '2021-11-21', 'RE', '3pryNQMdcj7Kkcda0zJ4i4Ww68HMHw4rt9c', '2021-11-21 10:38:00', '2021-11-21 10:38:07'),
(96, 6, 23, '4 TIMES A DAY', '7', '1', '2021-11-21', '2021-11-21', 'BE', '3pryNQMdcj7Kkcda0zJ4i4Ww68HMHw4rt9c', '2021-11-21 10:38:00', '2021-11-21 10:38:07'),
(97, 8, 23, '2 TIMES A DAY', '5', '1', '2021-11-21', '2021-11-21', 'BE', '3pryNQMdcj7Kkcda0zJ4i4Ww68HMHw4rt9c', '2021-11-21 10:38:00', '2021-11-21 10:38:07'),
(98, 5, 25, '1-0-1', '5', '1', '2021-11-23', '2021-11-23', 'BE', 'hIB50etkU8P8flIfSjt9h2oiHoZ2E5JT5A4', '2021-11-23 06:27:24', '2021-11-23 06:27:30'),
(99, 4, 27, '3 TIMES A DAY', '1', '1', '2021-11-25', '2021-11-25', 'BE', 'cW6hV7oJ78joXbjk7X57dL8r71Sf6nh202i', '2021-11-25 07:19:30', '2021-11-25 07:21:12'),
(100, 5, 27, '1-0-1', '5', '20', '2021-11-25', '2021-11-25', 'BE', 'cW6hV7oJ78joXbjk7X57dL8r71Sf6nh202i', '2021-11-25 07:19:30', '2021-11-25 07:21:12'),
(101, 6, 27, '6 TIMES A DAY', '7', '1', '2021-11-25', '2021-11-25', 'BE', 'cW6hV7oJ78joXbjk7X57dL8r71Sf6nh202i', '2021-11-25 07:19:30', '2021-11-25 07:21:12'),
(102, 4, 0, '3 TIMES A DAY', '1', '1', '2021-11-25', '2021-11-25', 'BE', '8e1Ew1NGXY7t8AFFHax6VZW6BDnMsPNh981', '2021-11-25 07:39:54', NULL),
(103, 6, 0, '6 TIMES A DAY', '7', '1', '2021-11-25', '2021-11-25', 'BE', '8e1Ew1NGXY7t8AFFHax6VZW6BDnMsPNh981', '2021-11-25 07:39:54', NULL),
(104, 4, 29, '3 TIMES A DAY', '1', '1', '2021-11-26', '2021-11-26', 'BE', 'w8sTlzk8nTBchvL9lX0UPd9gr77z1x9uNy6', '2021-11-26 07:39:30', '2021-11-26 07:40:13'),
(105, 4, 0, '3 TIMES A DAY', '1', '1', '2021-11-26', '2021-11-26', 'LE', 'd4t0iXs79a17e8c7gv3ApD3mLdoZ6kx3Ldx', '2021-11-26 09:32:37', NULL),
(106, 4, 30, '5 TIMES A DAY', '1', '1', '2021-11-28', '2021-11-28', 'BE', 'rG8B197yLVVcr8dhDfYO81U3lZV1aom5ltS', '2021-11-28 04:30:36', '2021-11-28 04:31:08'),
(107, 5, 30, '1-0-1', '10', '1', '2021-11-28', '2021-11-28', 'BE', 'rG8B197yLVVcr8dhDfYO81U3lZV1aom5ltS', '2021-11-28 04:30:36', '2021-11-28 04:31:08'),
(108, 4, 31, '3 TIMES A DAY', '1', '1', '2021-11-29', '2021-11-29', 'LE', 'W2c7voW07Uz9gXF0hp1maGKAYlbWvowzvgp', '2021-11-29 16:18:29', '2021-11-29 16:18:51'),
(109, 5, 31, '1-0-1', '5', '10', '2021-11-29', '2021-11-29', 'N/A', 'W2c7voW07Uz9gXF0hp1maGKAYlbWvowzvgp', '2021-11-29 16:18:29', '2021-11-29 16:18:51'),
(110, 4, 32, '3 TIMES A DAY', '1', '1', '2021-12-12', '2021-12-12', 'BE', 'D6906i9x0KzTzC26S62g1u2Mq3JMPRXv8f8', '2021-12-12 04:26:56', '2021-12-12 04:27:05'),
(111, 5, 32, '1-0-1', '5', '1', '2021-12-12', '2021-12-12', 'BE', 'D6906i9x0KzTzC26S62g1u2Mq3JMPRXv8f8', '2021-12-12 04:26:56', '2021-12-12 04:27:05'),
(112, 4, 34, '3 TIMES A DAY', '5', '1', '2021-12-17', '2021-12-17', 'BE', 'gr1MJYWNxr4neJ8pw0svwYzqwgb8Kj26OO1', '2021-12-17 12:06:43', '2021-12-17 12:08:13'),
(113, 5, 34, '1-0-1', '5', '1', '2021-12-17', '2021-12-17', 'N/A', 'gr1MJYWNxr4neJ8pw0svwYzqwgb8Kj26OO1', '2021-12-17 12:06:43', '2021-12-17 12:08:13'),
(114, 4, 36, '3 TIMES A DAY', '1', '1', '2021-12-22', '2021-12-22', 'BE', '805W7wkD6II7T1y8qnPd10quEuDxbe4s4nd', '2021-12-22 15:09:50', '2021-12-22 15:10:08'),
(115, 5, 38, '1-0-1', '5', '1', '2021-12-23', '2021-12-23', 'BE', 'M0L5wBN4DVNkmF462nCr7v0o37xrJrD6hU5', '2021-12-23 11:04:24', '2021-12-23 11:04:34'),
(116, 4, 39, '3 TIMES A DAY', '1', '1', '2021-12-23', '2021-12-23', 'BE', 'OU3PbuN04gPj99KaTXIPfMqPG4w3TQGmhsk', '2021-12-23 15:22:14', '2021-12-23 15:22:23'),
(117, 6, 39, '6 TIMES A DAY', '7', '1', '2021-12-23', '2021-12-23', 'BE', 'OU3PbuN04gPj99KaTXIPfMqPG4w3TQGmhsk', '2021-12-23 15:22:14', '2021-12-23 15:22:23'),
(118, 4, 0, '3 TIMES A DAY', '1', '1', '2021-12-24', '2021-12-24', 'BE', 'RCrRFE1k3LT0hrf1136HYxwykVs2hcRdd6T', '2021-12-24 06:00:11', NULL),
(119, 8, 0, '2 TIMES A DAY', '5', '1', '2021-12-24', '2021-12-24', 'BE', 'RCrRFE1k3LT0hrf1136HYxwykVs2hcRdd6T', '2021-12-24 06:00:11', NULL),
(120, 4, 0, '3 TIMES A DAY', '1', '1', '2021-12-24', '2021-12-24', 'BE', 'J4Xel3l3rwUXrDt0K3JSF1BFp5XGL5WwKdO', '2021-12-24 06:02:12', NULL),
(121, 8, 0, '2 TIMES A DAY', '5', '1', '2021-12-24', '2021-12-24', 'BE', 'J4Xel3l3rwUXrDt0K3JSF1BFp5XGL5WwKdO', '2021-12-24 06:02:12', NULL),
(122, 5, 41, '1-0-1', '5', '1', '2021-12-24', '2021-12-24', 'BE', 'WRFNX9y17emtmN2F9msIEVpUUF6c70JYFW2', '2021-12-24 06:02:52', '2021-12-24 06:02:59'),
(123, 4, 41, '3 TIMES A DAY', '1', '1', '2021-12-24', '2021-12-24', 'BE', 'WRFNX9y17emtmN2F9msIEVpUUF6c70JYFW2', '2021-12-24 06:02:52', '2021-12-24 06:02:59'),
(124, 4, 42, '3 TIMES A DAY', '1', '1', '2021-12-24', '2021-12-24', 'BE', 'TaYGh1A0y8MEb3Kgy6cNPGn0JbgpJXGg562', '2021-12-24 06:13:35', '2021-12-24 06:13:46'),
(125, 5, 42, '1-0-1', '5', '1', '2021-12-24', '2021-12-24', 'BE', 'TaYGh1A0y8MEb3Kgy6cNPGn0JbgpJXGg562', '2021-12-24 06:13:35', '2021-12-24 06:13:46'),
(126, 8, 42, '2 TIMES A DAY', '5', '1', '2021-12-24', '2021-12-24', 'BE', 'TaYGh1A0y8MEb3Kgy6cNPGn0JbgpJXGg562', '2021-12-24 06:13:35', '2021-12-24 06:13:46'),
(127, 5, 44, '1-0-1', '5', '1', '2021-12-26', '2021-12-26', 'BE', '2P727UAB4kkwlIimhft9jo716b2IGv0EcEO', '2021-12-26 06:39:07', '2021-12-26 06:39:19'),
(128, 6, 44, '6 TIMES A DAY', '7', '1', '2021-12-26', '2021-12-26', 'BE', '2P727UAB4kkwlIimhft9jo716b2IGv0EcEO', '2021-12-26 06:39:07', '2021-12-26 06:39:19'),
(129, 4, 0, '3 TIMES A DAY', '1', '1', '2022-01-02', '2022-01-02', 'BE', '8gKKl1hNVJ1aimxSuCj1r86HvPx1wRbsIM6', '2022-01-02 05:58:35', NULL),
(130, 4, 26, '3 TIMES A DAY', '1', '1', '2022-01-02', '2022-01-02', 'BE', 'km2zZxQptTU1MMYO8cSJMZtC44A2SDH1Tmp', '2022-01-02 05:59:05', '2022-01-02 05:59:18'),
(131, 4, 0, '3 TIMES A DAY', '1', '1', '2022-01-03', '2022-01-03', 'BE', 'OLmT72C9rEbweY92Ex43ccWptEIuR32A18j', '2022-01-03 15:01:38', NULL),
(132, 6, 0, '6 TIMES A DAY', '7', '1', '2022-01-03', '2022-01-03', 'BE', 'OLmT72C9rEbweY92Ex43ccWptEIuR32A18j', '2022-01-03 15:01:38', NULL),
(133, 4, 54, '3 TIMES A DAY', '1', '1', '2022-01-18', '2022-01-18', 'LE', 'I7p317LAUV215NpPEXkgkqjUI1324yDDy21', '2022-01-18 16:25:01', '2022-01-18 16:25:42'),
(134, 6, 54, '6 TIMES A DAY', '7', '1', '2022-01-18', '2022-01-18', 'BE', 'I7p317LAUV215NpPEXkgkqjUI1324yDDy21', '2022-01-18 16:25:01', '2022-01-18 16:25:42'),
(135, 4, 55, '3 TIMES A DAY', '1', '1', '2022-01-19', '2022-01-19', 'LE', 'BnGFvBe763Sxa9Cg7yCXR5TKEhuLHLko4cO', '2022-01-19 07:13:43', '2022-01-19 07:13:59'),
(136, 19, 55, 'Once in a day @ night', '5', '1', '2022-01-19', '2022-01-19', 'RE', 'BnGFvBe763Sxa9Cg7yCXR5TKEhuLHLko4cO', '2022-01-19 07:13:43', '2022-01-19 07:13:59'),
(137, 25, 55, '1-1-1', '5', '1', '2022-01-19', '2022-01-19', 'BE', 'BnGFvBe763Sxa9Cg7yCXR5TKEhuLHLko4cO', '2022-01-19 07:13:43', '2022-01-19 07:13:59'),
(138, 24, 55, '1-0-0', '5', '1', '2022-01-19', '2022-01-19', 'BE', 'BnGFvBe763Sxa9Cg7yCXR5TKEhuLHLko4cO', '2022-01-19 07:13:43', '2022-01-19 07:13:59'),
(139, 23, 55, '1-0-1', '5', '1', '2022-01-19', '2022-01-19', 'BE', 'BnGFvBe763Sxa9Cg7yCXR5TKEhuLHLko4cO', '2022-01-19 07:13:43', '2022-01-19 07:13:59'),
(140, 21, 55, 'Once in a day @ night', '5', '1', '2022-01-19', '2022-01-19', 'BE', 'BnGFvBe763Sxa9Cg7yCXR5TKEhuLHLko4cO', '2022-01-19 07:13:43', '2022-01-19 07:13:59'),
(141, 4, 57, '3 TIMES A DAY', '30', '1', '2022-01-19', '2022-01-19', 'RE', 'cEMQ3s2rvHCM6ZN0Y7E9BIFQ3yT0rUPU29r', '2022-01-19 12:46:07', '2022-01-19 12:48:01'),
(142, 19, 57, 'Once in a day @ night', '5', '1', '2022-01-19', '2022-01-19', 'BE', 'cEMQ3s2rvHCM6ZN0Y7E9BIFQ3yT0rUPU29r', '2022-01-19 12:46:07', '2022-01-19 12:48:01'),
(143, 24, 57, '1-0-0', '5', '1', '2022-01-19', '2022-01-19', 'N/A', 'cEMQ3s2rvHCM6ZN0Y7E9BIFQ3yT0rUPU29r', '2022-01-19 12:46:07', '2022-01-19 12:48:01'),
(144, 5, 60, '1-0-1', '5', '1', '2022-01-29', '2022-01-29', 'BE', 'd013R1xQmU47BkIyZB5MZ1FJdcA2vL48R4W', '2022-01-29 03:41:18', '2022-01-29 03:41:31'),
(145, 6, 60, '6 TIMES A DAY', '7', '1', '2022-01-29', '2022-01-29', 'BE', 'd013R1xQmU47BkIyZB5MZ1FJdcA2vL48R4W', '2022-01-29 03:41:18', '2022-01-29 03:41:31'),
(146, 4, 60, '3 TIMES A DAY', '1', '1', '2022-01-29', '2022-01-29', 'BE', 'd013R1xQmU47BkIyZB5MZ1FJdcA2vL48R4W', '2022-01-29 03:41:18', '2022-01-29 03:41:31'),
(147, 4, 0, '3 TIMES A DAY', '1', '1', '2022-01-29', '2022-01-29', 'BE', 'GO4St3CY1b7nv3l5PlnBxKublCvpbB3sgk0', '2022-01-29 05:46:26', NULL),
(148, 13, 0, '2 TIMES A DAY', '5', '1', '2022-01-29', '2022-01-29', 'BE', 'GO4St3CY1b7nv3l5PlnBxKublCvpbB3sgk0', '2022-01-29 05:46:26', NULL),
(149, 4, 61, '3 TIMES A DAY', '1', '1', '2022-01-29', '2022-01-29', 'BE', 'aeU31ZYHgTf4tzlhck3838S62rwEGvi844J', '2022-01-29 05:47:04', '2022-01-29 05:47:42'),
(150, 13, 61, '2 TIMES A DAY', '5', '1', '2022-01-29', '2022-01-29', 'BE', 'aeU31ZYHgTf4tzlhck3838S62rwEGvi844J', '2022-01-29 05:47:04', '2022-01-29 05:47:42'),
(151, 4, 67, '3 TIMES A DAY', '1', '1', '2022-01-31', '2022-01-31', 'BE', 'P261VUMy18FF36SAHxqf6cl1RkslyoBL35p', '2022-01-31 10:16:50', '2022-01-31 10:17:28'),
(152, 12, 67, '6 TIMES A DAY', '7', '1', '2022-01-31', '2022-01-31', 'BE', 'P261VUMy18FF36SAHxqf6cl1RkslyoBL35p', '2022-01-31 10:16:50', '2022-01-31 10:17:28'),
(153, 26, 67, '1-0-1', '5', '1', '2022-01-31', '2022-01-31', 'BE', 'P261VUMy18FF36SAHxqf6cl1RkslyoBL35p', '2022-01-31 10:16:50', '2022-01-31 10:17:28'),
(154, 6, 79, '6 TIMES A DAY', '7', '1', '2022-02-12', '2022-02-12', 'BE', '1jTpPHNa8aOcHMpT6ShxnW3QTm2QIxjhAmH', '2022-02-12 17:50:24', '2022-02-12 17:50:44'),
(155, 4, 79, '3 TIMES A DAY', '1', '1', '2022-02-12', '2022-02-12', 'BE', '1jTpPHNa8aOcHMpT6ShxnW3QTm2QIxjhAmH', '2022-02-12 17:50:24', '2022-02-12 17:50:44'),
(156, 14, 79, '6 TIMES A DAY', '7', '1', '2022-02-12', '2022-02-12', 'BE', '1jTpPHNa8aOcHMpT6ShxnW3QTm2QIxjhAmH', '2022-02-12 17:50:24', '2022-02-12 17:50:44'),
(157, 4, 84, '3 TIMES A DAY', '1', '1', '2022-02-19', '2022-02-19', 'BE', '5O3fDt856J4441Yb7gO22x3ADwxkR3R4Frm', '2022-02-19 04:19:12', '2022-02-19 04:19:34'),
(158, 6, 84, '6 TIMES A DAY', '7', '1', '2022-02-19', '2022-02-19', 'BE', '5O3fDt856J4441Yb7gO22x3ADwxkR3R4Frm', '2022-02-19 04:19:12', '2022-02-19 04:19:34'),
(159, 5, 89, '1-0-1', '5', '1', '2022-03-08', '2022-03-08', 'BE', 'G9if7loez566kOnucaZZnro3N7W9ETH1K9L', '2022-03-08 07:09:57', '2022-03-08 07:10:05'),
(160, 28, 88, '2 TIMES A DAY', '5', '1', '2022-03-09', '2022-03-09', 'BE', '3Bc2UxPR5r0fgB2BkASy4nH57OQQI8rC6CW', '2022-03-09 17:01:25', '2022-03-09 17:01:33'),
(161, 29, 88, '1-1-1', '5', '1', '2022-03-09', '2022-03-09', 'BE', '3Bc2UxPR5r0fgB2BkASy4nH57OQQI8rC6CW', '2022-03-09 17:01:25', '2022-03-09 17:01:33'),
(162, 6, 88, '6 TIMES A DAY', '7', '1', '2022-03-09', '2022-03-09', 'BE', '3Bc2UxPR5r0fgB2BkASy4nH57OQQI8rC6CW', '2022-03-09 17:01:25', '2022-03-09 17:01:33'),
(163, 4, 90, '3 TIMES A DAY', '1', '1', '2022-03-10', '2022-03-10', 'BE', 'ewnOroD7rnc2RJqmKH6uTs1k5s2ty5RGkw5', '2022-03-10 06:55:19', '2022-03-10 06:56:08'),
(164, 25, 90, '1-1-1', '5', '1', '2022-03-10', '2022-03-10', 'BE', 'ewnOroD7rnc2RJqmKH6uTs1k5s2ty5RGkw5', '2022-03-10 06:55:19', '2022-03-10 06:56:08'),
(165, 28, 90, '2 TIMES A DAY', '5', '1', '2022-03-10', '2022-03-10', 'BE', 'ewnOroD7rnc2RJqmKH6uTs1k5s2ty5RGkw5', '2022-03-10 06:55:19', '2022-03-10 06:56:08'),
(166, 29, 90, '1-1-1', '5', '1', '2022-03-10', '2022-03-10', 'BE', 'ewnOroD7rnc2RJqmKH6uTs1k5s2ty5RGkw5', '2022-03-10 06:55:19', '2022-03-10 06:56:08'),
(167, 21, 90, 'Once in a day @ night', '5', '1', '2022-03-10', '2022-03-10', 'BE', 'ewnOroD7rnc2RJqmKH6uTs1k5s2ty5RGkw5', '2022-03-10 06:55:19', '2022-03-10 06:56:08'),
(168, 13, 90, '2 TIMES A DAY', '5', '1', '2022-03-10', '2022-03-10', 'BE', 'ewnOroD7rnc2RJqmKH6uTs1k5s2ty5RGkw5', '2022-03-10 06:55:19', '2022-03-10 06:56:08'),
(169, 21, 91, 'on', '5', '1', '2022-03-12', '2022-03-12', 'BE', 'Ykzt8QjggHHqAkWVCAteEL2GA70KKR6ld6M', '2022-03-12 04:54:13', '2022-03-12 05:00:26'),
(170, 4, 91, '', '1', '1', '2022-03-12', '2022-03-12', 'BE', 'Ykzt8QjggHHqAkWVCAteEL2GA70KKR6ld6M', '2022-03-12 04:54:13', '2022-03-12 05:00:26'),
(171, 25, 91, '1-1-1', '5', '1', '2022-03-12', '2022-03-12', 'BE', 'Ykzt8QjggHHqAkWVCAteEL2GA70KKR6ld6M', '2022-03-12 04:54:13', '2022-03-12 05:00:26'),
(172, 28, 91, '2 TIMES A DAY', '5', '1', '2022-03-12', '2022-03-12', 'BE', 'Ykzt8QjggHHqAkWVCAteEL2GA70KKR6ld6M', '2022-03-12 04:54:13', '2022-03-12 05:00:26'),
(173, 29, 91, '1-1-1', '5', '1', '2022-03-12', '2022-03-12', 'BE', 'Ykzt8QjggHHqAkWVCAteEL2GA70KKR6ld6M', '2022-03-12 04:54:13', '2022-03-12 05:00:26'),
(174, 21, 0, 'on', '5', '1', '2022-03-12', '2022-03-12', 'BE', 'JpOs6QX8w14DF09zqJm7gwRhZX7PIEYrf0v', '2022-03-12 15:31:27', NULL),
(175, 4, 0, '', '1', '1', '2022-03-12', '2022-03-12', 'BE', 'JpOs6QX8w14DF09zqJm7gwRhZX7PIEYrf0v', '2022-03-12 15:31:27', NULL),
(176, 25, 0, '1-1-1', '5', '1', '2022-03-12', '2022-03-12', 'BE', 'JpOs6QX8w14DF09zqJm7gwRhZX7PIEYrf0v', '2022-03-12 15:31:27', NULL),
(177, 28, 0, '2 TIMES A DAY', '5', '1', '2022-03-12', '2022-03-12', 'BE', 'JpOs6QX8w14DF09zqJm7gwRhZX7PIEYrf0v', '2022-03-12 15:31:27', NULL),
(178, 29, 0, '1-1-1', '5', '1', '2022-03-12', '2022-03-12', 'BE', 'JpOs6QX8w14DF09zqJm7gwRhZX7PIEYrf0v', '2022-03-12 15:31:27', NULL),
(179, 4, 0, '4 times a day', '1', '1', '2022-03-14', '2022-03-14', 'BE', 'G8Dz7on4Zr0nDYjruMO98aSb1fzI2Nfo3N1', '2022-03-14 10:36:59', NULL),
(180, 4, 0, '3 TIMES A DAY', '1', '1', '2022-03-14', '2022-03-14', 'BE', 'G8Dz7on4Zr0nDYjruMO98aSb1fzI2Nfo3N1', '2022-03-14 10:36:59', NULL),
(181, 29, 0, '1-1-1', '5', '1', '2022-03-14', '2022-03-14', 'BE', 'G8Dz7on4Zr0nDYjruMO98aSb1fzI2Nfo3N1', '2022-03-14 10:36:59', NULL),
(182, 25, 0, '1-1-1', '5', '1', '2022-03-14', '2022-03-14', 'BE', 'G8Dz7on4Zr0nDYjruMO98aSb1fzI2Nfo3N1', '2022-03-14 10:36:59', NULL),
(183, 9, 93, '1-1-1', '5', '1', '2022-03-14', '2022-03-14', 'BE', 'F24ERhY1O613lTZdy9JmLzVI03K62ls9Zxj', '2022-03-14 10:38:47', '2022-03-14 10:38:52'),
(184, 19, 93, 'Once in a day @ night', '5', '1', '2022-03-14', '2022-03-14', 'BE', 'F24ERhY1O613lTZdy9JmLzVI03K62ls9Zxj', '2022-03-14 10:38:47', '2022-03-14 10:38:52'),
(185, 23, 93, '1-0-1', '5', '1', '2022-03-14', '2022-03-14', 'BE', 'F24ERhY1O613lTZdy9JmLzVI03K62ls9Zxj', '2022-03-14 10:38:47', '2022-03-14 10:38:52'),
(186, 9, 93, '1-1-1', '5', '1', '2022-03-14', '2022-03-14', 'BE', 'LbVTKLWOY2l8oh8277Vyet6UL6w7Hp4s628', '2022-03-14 10:41:28', '2022-03-14 10:41:34'),
(187, 19, 93, 'Once in a day @ night', '5', '1', '2022-03-14', '2022-03-14', 'BE', 'LbVTKLWOY2l8oh8277Vyet6UL6w7Hp4s628', '2022-03-14 10:41:28', '2022-03-14 10:41:34'),
(188, 23, 93, '1-0-1', '5', '1', '2022-03-14', '2022-03-14', 'BE', 'LbVTKLWOY2l8oh8277Vyet6UL6w7Hp4s628', '2022-03-14 10:41:28', '2022-03-14 10:41:34'),
(189, 5, 93, '1-0-1', '5', '1', '2022-03-14', '2022-03-14', 'BE', 'LbVTKLWOY2l8oh8277Vyet6UL6w7Hp4s628', '2022-03-14 10:41:28', '2022-03-14 10:41:34'),
(190, 4, 95, '6 TIMES A DAY', '1', '1', '2022-03-15', '2022-03-15', 'BE', 'k4UM12xe4sIj1o2h3Aatu2ryVbix3vjPDRp', '2022-03-15 03:17:43', '2022-03-15 03:18:03'),
(191, 5, 97, '1-0-1', '5', '1', '2022-03-18', '2022-03-18', 'BE', '74s2punAVqak4r8875H3zHLS2Kn7qLR6T38', '2022-03-18 16:32:33', '2022-03-18 16:34:52'),
(192, 4, 97, '3 TIMES A DAY', '1', '1', '2022-03-18', '2022-03-18', 'BE', '74s2punAVqak4r8875H3zHLS2Kn7qLR6T38', '2022-03-18 16:32:33', '2022-03-18 16:34:52'),
(193, 19, 97, 'Once in a day @ night', '5', '1', '2022-03-18', '2022-03-18', 'BE', '74s2punAVqak4r8875H3zHLS2Kn7qLR6T38', '2022-03-18 16:32:33', '2022-03-18 16:34:52'),
(194, 4, 0, '3 TIMES A DAY', '1', '1', '2022-04-01', '2022-04-01', 'BE', 'x5Z1ggm61fr3VGb3Vh66x3o8xlsKbicVxd8', '2022-04-01 17:19:35', NULL),
(195, 5, 105, '1-0-1', '5', '1', '2022-04-05', '2022-04-05', 'RE', 'FLV1Z3hl3fs62AQwP1sJHuASO4J4iF9fQa9', '2022-04-05 04:13:52', '2022-04-05 04:14:12'),
(196, 6, 105, '6 TIMES A DAY', '7', '1', '2022-04-05', '2022-04-05', 'RE', 'FLV1Z3hl3fs62AQwP1sJHuASO4J4iF9fQa9', '2022-04-05 04:13:52', '2022-04-05 04:14:12'),
(197, 4, 105, '3 TIMES A DAY', '1', '1', '2022-04-05', '2022-04-05', 'RE', 'FLV1Z3hl3fs62AQwP1sJHuASO4J4iF9fQa9', '2022-04-05 04:13:52', '2022-04-05 04:14:12'),
(198, 9, 105, '1-1-1', '5', '1', '2022-04-05', '2022-04-05', 'BE', 'FLV1Z3hl3fs62AQwP1sJHuASO4J4iF9fQa9', '2022-04-05 04:13:52', '2022-04-05 04:14:12'),
(199, 19, 105, 'Once in a day @ night', '5', '1', '2022-04-05', '2022-04-05', 'BE', 'FLV1Z3hl3fs62AQwP1sJHuASO4J4iF9fQa9', '2022-04-05 04:13:52', '2022-04-05 04:14:12'),
(200, 23, 105, '1-0-1', '5', '1', '2022-04-05', '2022-04-05', 'BE', 'FLV1Z3hl3fs62AQwP1sJHuASO4J4iF9fQa9', '2022-04-05 04:13:52', '2022-04-05 04:14:12'),
(201, 5, 106, '1-0-1', '5', '1', '2022-04-15', '2022-04-15', 'BE', '62719gN5dC6Lt4AM6c7fSSP9Bq9R1H1sGm3', '2022-04-15 10:06:56', '2022-04-15 10:11:30'),
(202, 4, 106, '3 TIMES A DAY', '1', '1', '2022-04-15', '2022-04-15', 'BE', '62719gN5dC6Lt4AM6c7fSSP9Bq9R1H1sGm3', '2022-04-15 10:06:56', '2022-04-15 10:11:30'),
(203, 4, 0, '3 TIMES A DAY', '1', '1', '2022-05-06', '2022-05-06', 'BE', 'C6Wzh801VSTczhP6uuwEnsCW72xVad50GT0', '2022-05-06 03:12:47', NULL),
(204, 5, 0, '1-0-1', '5', '1', '2022-05-06', '2022-05-06', 'BE', 'C6Wzh801VSTczhP6uuwEnsCW72xVad50GT0', '2022-05-06 03:12:47', NULL),
(205, 4, 111, '3 TIMES A DAY', '1', '1', '2022-05-06', '2022-05-06', 'BE', 'sOF8cNX0yoKPJF8nDf9pBue77QU0ULrARnF', '2022-05-06 03:13:54', '2022-05-06 03:14:53'),
(206, 5, 111, '1-0-1', '5', '1', '2022-05-06', '2022-05-06', 'BE', 'sOF8cNX0yoKPJF8nDf9pBue77QU0ULrARnF', '2022-05-06 03:13:54', '2022-05-06 03:14:53');

-- --------------------------------------------------------

--
-- Table structure for table `medicine_templates`
--

CREATE TABLE `medicine_templates` (
  `medicine_templates_id` int(5) NOT NULL,
  `name` varchar(100) COLLATE utf8_unicode_ci NOT NULL,
  `description` text COLLATE utf8_unicode_ci NOT NULL,
  `status` int(10) NOT NULL DEFAULT '0',
  `office_id` int(10) NOT NULL,
  `login_id` int(10) NOT NULL,
  `parent_id` int(10) NOT NULL,
  `created_date` timestamp NOT NULL DEFAULT CURRENT_TIMESTAMP,
  `updated_date` timestamp NULL DEFAULT NULL ON UPDATE CURRENT_TIMESTAMP
) ENGINE=InnoDB DEFAULT CHARSET=utf8 COLLATE=utf8_unicode_ci;

--
-- Dumping data for table `medicine_templates`
--

INSERT INTO `medicine_templates` (`medicine_templates_id`, `name`, `description`, `status`, `office_id`, `login_id`, `parent_id`, `created_date`, `updated_date`) VALUES
(1, 'FB', '', 1, 1, 1, 0, '2022-03-08 17:32:26', '2022-03-09 08:04:14'),
(2, 'YAG PI', '', 1, 1, 1, 0, '2022-03-10 06:49:36', NULL);

-- --------------------------------------------------------

--
-- Table structure for table `modeofpay`
--

CREATE TABLE `modeofpay` (
  `modeofpay_id` int(100) NOT NULL,
  `name` varchar(100) COLLATE utf8_unicode_ci NOT NULL,
  `description` text COLLATE utf8_unicode_ci NOT NULL,
  `status` varchar(100) COLLATE utf8_unicode_ci NOT NULL DEFAULT '0' COMMENT '0:not active,1 active',
  `login_id` int(100) NOT NULL,
  `office_id` int(100) NOT NULL,
  `created_time` timestamp NOT NULL DEFAULT CURRENT_TIMESTAMP,
  `updated_time` timestamp NOT NULL DEFAULT '0000-00-00 00:00:00' ON UPDATE CURRENT_TIMESTAMP
) ENGINE=InnoDB DEFAULT CHARSET=utf8 COLLATE=utf8_unicode_ci;

--
-- Dumping data for table `modeofpay`
--

INSERT INTO `modeofpay` (`modeofpay_id`, `name`, `description`, `status`, `login_id`, `office_id`, `created_time`, `updated_time`) VALUES
(7, 'CASH', '', '1', 1, 1, '2020-12-20 02:09:29', '2020-12-25 10:45:52'),
(8, 'CARD', '', '1', 1, 1, '2020-12-25 10:50:23', '0000-00-00 00:00:00'),
(16, 'CREDIT', '', '1', 1, 1, '2021-07-04 04:45:08', '0000-00-00 00:00:00'),
(17, 'GOOGLE PAY', '', '1', 1, 1, '2022-01-03 14:25:59', '0000-00-00 00:00:00'),
(18, 'PHONE PAY', '', '1', 1, 1, '2022-01-03 14:26:32', '0000-00-00 00:00:00'),
(19, 'INSURANCE', '', '1', 1, 1, '2022-01-03 14:26:41', '0000-00-00 00:00:00');

-- --------------------------------------------------------

--
-- Table structure for table `office`
--

CREATE TABLE `office` (
  `office_id` int(100) NOT NULL,
  `company_name` varchar(100) COLLATE utf8_unicode_ci NOT NULL,
  `license_no` varchar(100) COLLATE utf8_unicode_ci NOT NULL,
  `gstin_no` varchar(100) COLLATE utf8_unicode_ci DEFAULT NULL,
  `company_mobile` varchar(100) COLLATE utf8_unicode_ci NOT NULL,
  `company_phone` varchar(100) COLLATE utf8_unicode_ci NOT NULL,
  `email_id` varchar(100) COLLATE utf8_unicode_ci NOT NULL,
  `address` text COLLATE utf8_unicode_ci NOT NULL,
  `printable_company_name` varchar(100) COLLATE utf8_unicode_ci NOT NULL,
  `printable_company_phone` varchar(100) COLLATE utf8_unicode_ci NOT NULL,
  `printable_company_mobile` varchar(100) COLLATE utf8_unicode_ci NOT NULL,
  `printable_emailid` varchar(100) COLLATE utf8_unicode_ci NOT NULL,
  `printable_company_address` varchar(100) COLLATE utf8_unicode_ci NOT NULL,
  `facebook` varchar(200) COLLATE utf8_unicode_ci DEFAULT NULL,
  `youtube` varchar(200) COLLATE utf8_unicode_ci DEFAULT NULL,
  `website` varchar(200) COLLATE utf8_unicode_ci DEFAULT NULL,
  `nabh_logo` varchar(100) COLLATE utf8_unicode_ci DEFAULT NULL,
  `declaration` text COLLATE utf8_unicode_ci,
  `logo` varchar(100) COLLATE utf8_unicode_ci NOT NULL,
  `mrd_code_no` varchar(100) COLLATE utf8_unicode_ci DEFAULT NULL,
  `login_id` int(11) NOT NULL,
  `parent_id` int(10) DEFAULT NULL,
  `created_date` timestamp NOT NULL DEFAULT CURRENT_TIMESTAMP,
  `updated_date` timestamp NULL DEFAULT NULL ON UPDATE CURRENT_TIMESTAMP
) ENGINE=InnoDB DEFAULT CHARSET=utf8 COLLATE=utf8_unicode_ci;

--
-- Dumping data for table `office`
--

INSERT INTO `office` (`office_id`, `company_name`, `license_no`, `gstin_no`, `company_mobile`, `company_phone`, `email_id`, `address`, `printable_company_name`, `printable_company_phone`, `printable_company_mobile`, `printable_emailid`, `printable_company_address`, `facebook`, `youtube`, `website`, `nabh_logo`, `declaration`, `logo`, `mrd_code_no`, `login_id`, `parent_id`, `created_date`, `updated_date`) VALUES
(1, 'Kanhangad Eye foundation &amp; Research centre', '', '', '7026345102', '1234567891', 'kanhangadeyefoundation@gmail.com', 'Printable ComSabaka Centre, Kanhangad, Kasaragod - 671315, Near New LIC Office', 'Kanhangad Eye foundation &amp; Research centre', '1234567898', '1234567898', 'kanhangadeyefoundation@gmail.com', 'Printable ComSabaka Centre, Kanhangad, Kasaragod - 671315, Near New LIC Office', '', '', '', 'nabhlogo.png', 'Declarations', 'optical5.jpg', 'ABY', 1, 0, '2020-12-25 09:49:57', '2022-01-19 12:28:37');

-- --------------------------------------------------------

--
-- Table structure for table `opdcharge`
--

CREATE TABLE `opdcharge` (
  `opdcharge_id` int(5) NOT NULL,
  `name` varchar(100) COLLATE utf8_unicode_ci NOT NULL,
  `appointment_type_id` int(100) NOT NULL,
  `amount` varchar(100) COLLATE utf8_unicode_ci NOT NULL,
  `description` text COLLATE utf8_unicode_ci NOT NULL,
  `status` int(10) NOT NULL DEFAULT '0',
  `office_id` int(10) NOT NULL,
  `login_id` int(10) NOT NULL,
  `parent_id` int(10) NOT NULL,
  `created_date` timestamp NOT NULL DEFAULT CURRENT_TIMESTAMP,
  `updated_date` timestamp NULL DEFAULT NULL ON UPDATE CURRENT_TIMESTAMP
) ENGINE=InnoDB DEFAULT CHARSET=utf8 COLLATE=utf8_unicode_ci;

--
-- Dumping data for table `opdcharge`
--

INSERT INTO `opdcharge` (`opdcharge_id`, `name`, `appointment_type_id`, `amount`, `description`, `status`, `office_id`, `login_id`, `parent_id`, `created_date`, `updated_date`) VALUES
(8, 'CONSULTATION', 9, '200', '', 1, 1, 1, 0, '2021-07-07 06:40:11', NULL),
(9, 'NEW CONSULTATION', 11, '200', '', 1, 1, 1, 0, '2021-07-12 10:06:53', NULL),
(10, 'SPECIAL CONSULTATION', 11, '400', '', 1, 1, 1, 0, '2021-07-12 10:07:18', NULL),
(11, 'FOLLOWUP', 13, '100', '', 1, 1, 1, 0, '2021-07-14 08:59:10', '2021-07-14 09:01:33'),
(12, 'new', 11, '100', '', 1, 1, 1, 0, '2021-07-14 13:48:12', NULL),
(13, 'new1', 11, '200', '', 1, 1, 1, 0, '2021-07-14 13:48:30', NULL),
(14, 'Retina consultation', 14, '500', '', 1, 1, 1, 0, '2021-08-25 09:14:59', NULL),
(15, 'genral', 11, '200', '', 1, 1, 1, 0, '2022-01-07 09:58:17', NULL),
(16, 'sugar', 11, '150', '', 1, 1, 1, 0, '2022-01-07 09:58:51', NULL);

-- --------------------------------------------------------

--
-- Table structure for table `ophthalmic_history`
--

CREATE TABLE `ophthalmic_history` (
  `ophthalmic_history_id` int(5) NOT NULL,
  `name` varchar(100) COLLATE utf8_unicode_ci NOT NULL,
  `description` text COLLATE utf8_unicode_ci NOT NULL,
  `status` int(10) NOT NULL DEFAULT '0',
  `office_id` int(10) NOT NULL,
  `login_id` int(10) NOT NULL,
  `parent_id` int(10) NOT NULL,
  `created_date` timestamp NOT NULL DEFAULT CURRENT_TIMESTAMP,
  `updated_date` timestamp NULL DEFAULT NULL ON UPDATE CURRENT_TIMESTAMP
) ENGINE=InnoDB DEFAULT CHARSET=utf8 COLLATE=utf8_unicode_ci;

--
-- Dumping data for table `ophthalmic_history`
--

INSERT INTO `ophthalmic_history` (`ophthalmic_history_id`, `name`, `description`, `status`, `office_id`, `login_id`, `parent_id`, `created_date`, `updated_date`) VALUES
(41, 'H/O CATARACT SURGERY', '', 1, 1, 1, 0, '2021-11-21 04:46:36', NULL),
(42, 'H/ O USING CLS', '', 1, 1, 1, 0, '2021-11-21 04:46:45', NULL),
(43, 'H/ O USING SPECTACLES', '', 1, 1, 1, 0, '2021-11-21 04:46:57', NULL);

-- --------------------------------------------------------

--
-- Table structure for table `patient_appointment`
--

CREATE TABLE `patient_appointment` (
  `patient_appointment_id` int(25) NOT NULL,
  `patient_registration_id` int(25) NOT NULL,
  `appointment_date` date NOT NULL,
  `appointment_time` time NOT NULL,
  `bill_number` int(110) DEFAULT NULL,
  `invoice_number` varchar(125) DEFAULT NULL,
  `patient_category_id` int(25) NOT NULL,
  `emergency` int(5) NOT NULL COMMENT '0:no,1:Yes',
  `doctor_id` int(25) NOT NULL,
  `apponitment_type_id` int(25) NOT NULL,
  `appointment_opd_charge_id` int(25) DEFAULT NULL,
  `source` varchar(100) NOT NULL,
  `description` text NOT NULL,
  `token_no` int(100) DEFAULT NULL,
  `cancel_flag` int(10) NOT NULL DEFAULT '0' COMMENT '0:no,1:yes',
  `modeofpay_id` int(5) DEFAULT NULL,
  `billing` int(5) NOT NULL DEFAULT '0' COMMENT '0:yes,1:no',
  `created_date` timestamp NOT NULL DEFAULT CURRENT_TIMESTAMP,
  `updated_date` timestamp NULL DEFAULT NULL ON UPDATE CURRENT_TIMESTAMP,
  `login_id` int(25) NOT NULL
) ENGINE=InnoDB DEFAULT CHARSET=utf8mb4;

--
-- Dumping data for table `patient_appointment`
--

INSERT INTO `patient_appointment` (`patient_appointment_id`, `patient_registration_id`, `appointment_date`, `appointment_time`, `bill_number`, `invoice_number`, `patient_category_id`, `emergency`, `doctor_id`, `apponitment_type_id`, `appointment_opd_charge_id`, `source`, `description`, `token_no`, `cancel_flag`, `modeofpay_id`, `billing`, `created_date`, `updated_date`, `login_id`) VALUES
(3, 2, '2021-07-12', '11:50:00', NULL, NULL, 15, 0, 4, 9, 8, 'self', '', 1, 0, NULL, 0, '2021-07-12 06:22:48', NULL, 1),
(4, 2, '2021-07-12', '11:52:00', NULL, NULL, 15, 0, 6, 9, 8, 'self', 'hgfg', 2, 0, NULL, 0, '2021-07-12 06:25:08', NULL, 1),
(5, 3, '2021-07-12', '15:37:00', NULL, NULL, 15, 0, 4, 11, 10, 'self', '', 3, 0, NULL, 0, '2021-07-12 10:09:50', NULL, 1),
(6, 4, '2021-07-14', '12:33:00', NULL, NULL, 15, 0, 6, 11, 9, '', '', 1, 0, NULL, 0, '2021-07-14 07:06:06', NULL, 1),
(7, 4, '2021-07-14', '14:51:00', NULL, NULL, 15, 0, 4, 13, 11, 'SELF', 'KHJK', 2, 0, NULL, 0, '2021-07-14 09:24:21', NULL, 1),
(8, 5, '2021-07-14', '16:05:00', NULL, NULL, 15, 0, 4, 11, 9, 'self', '', 3, 0, NULL, 0, '2021-07-14 10:37:25', NULL, 1),
(9, 5, '2021-07-14', '16:07:00', NULL, NULL, 0, 0, 6, 13, 11, 'SELF', '8UJJ', 4, 0, NULL, 0, '2021-07-14 10:38:50', NULL, 1),
(10, 6, '2021-07-23', '11:57:00', NULL, NULL, 15, 0, 4, 11, 9, 'self', '', 1, 0, NULL, 0, '2021-07-23 06:29:08', NULL, 1),
(11, 7, '2021-07-23', '18:33:00', NULL, NULL, 15, 0, 6, 11, 10, 'self', '', 2, 0, NULL, 0, '2021-07-23 13:08:24', NULL, 1),
(12, 3, '2021-08-01', '19:11:00', NULL, NULL, 15, 0, 4, 13, 11, 'test', 'test', 1, 0, NULL, 0, '2021-08-01 13:49:53', NULL, 1),
(13, 2, '2021-08-02', '21:37:00', NULL, NULL, 15, 1, 4, 11, 9, '1', '', 1, 0, NULL, 0, '2021-08-02 16:08:28', NULL, 1),
(14, 2, '2021-08-02', '21:40:00', NULL, NULL, 15, 0, 4, 11, 9, '', '', 2, 0, NULL, 0, '2021-08-02 16:11:12', NULL, 1),
(15, 3, '2021-08-02', '21:42:00', NULL, NULL, 15, 0, 4, 11, 9, '', '11', 3, 0, NULL, 0, '2021-08-02 16:12:47', NULL, 1),
(16, 8, '2021-08-04', '17:52:00', NULL, NULL, 15, 0, 4, 11, 9, '', '', 1, 0, NULL, 0, '2021-08-04 12:23:46', NULL, 1),
(17, 9, '2021-08-15', '19:31:00', NULL, NULL, 15, 0, 4, 11, 9, 'self', '', 1, 0, NULL, 0, '2021-08-15 14:02:47', NULL, 1),
(18, 10, '2021-08-15', '21:20:00', NULL, NULL, 15, 0, 6, 11, 10, 'self', '', 2, 0, NULL, 0, '2021-08-15 15:52:20', NULL, 1),
(19, 11, '2021-08-17', '08:49:00', NULL, NULL, 15, 0, 4, 11, 10, 'self', '', 1, 0, NULL, 0, '2021-08-17 03:20:28', NULL, 1),
(20, 12, '2021-08-18', '19:52:00', NULL, NULL, 15, 0, 4, 11, 9, '', '', 1, 0, NULL, 0, '2021-08-18 14:23:56', NULL, 1),
(21, 13, '2021-08-19', '11:55:00', NULL, NULL, 15, 0, 4, 11, 9, 'self', '', 1, 0, NULL, 0, '2021-08-19 06:27:20', NULL, 1),
(22, 14, '2021-08-25', '14:32:00', NULL, NULL, 15, 0, 4, 11, 10, 'self', '', 1, 0, NULL, 0, '2021-08-25 09:08:19', NULL, 1),
(23, 4, '2021-08-25', '14:45:00', NULL, NULL, 15, 0, 4, 13, 11, '', '', 2, 0, NULL, 0, '2021-08-25 09:28:20', NULL, 1),
(24, 5, '2021-08-25', '14:58:00', NULL, NULL, 15, 0, 6, 11, 9, '', '', 3, 0, NULL, 0, '2021-08-25 09:29:14', NULL, 1),
(25, 6, '2021-08-25', '14:59:00', NULL, NULL, 15, 0, 4, 13, 11, '', '', 4, 0, NULL, 0, '2021-08-25 09:29:52', NULL, 1),
(26, 7, '2021-08-25', '14:59:00', NULL, NULL, 15, 0, 6, 13, 11, '', '', 5, 0, NULL, 0, '2021-08-25 09:30:13', NULL, 1),
(27, 8, '2021-08-25', '15:00:00', NULL, NULL, 15, 0, 7, 13, 11, '', '', 6, 0, NULL, 0, '2021-08-25 09:30:31', NULL, 1),
(28, 15, '2021-08-25', '15:41:00', NULL, NULL, 15, 0, 4, 11, 9, '', '', 7, 0, NULL, 0, '2021-08-25 10:13:22', NULL, 1),
(29, 5, '2021-08-25', '15:43:00', NULL, NULL, 15, 0, 4, 13, 11, '', '', 8, 0, NULL, 0, '2021-08-25 10:14:29', NULL, 1),
(30, 16, '2021-08-26', '12:50:00', NULL, NULL, 15, 0, 4, 11, 9, '', '', 1, 0, NULL, 0, '2021-08-26 07:21:51', NULL, 1),
(31, 4, '2021-08-26', '12:51:00', NULL, NULL, 15, 0, 6, 13, 11, '', '', 2, 0, NULL, 0, '2021-08-26 07:27:40', NULL, 1),
(32, 17, '2021-08-28', '14:04:00', NULL, NULL, 15, 1, 4, 11, 9, '565', '4457', 1, 0, NULL, 0, '2021-08-28 08:36:22', NULL, 1),
(33, 18, '2021-08-28', '14:56:00', NULL, NULL, 15, 0, 4, 11, 9, 'self', '', 2, 0, NULL, 0, '2021-08-28 09:28:09', NULL, 1),
(34, 19, '2021-08-28', '16:41:00', NULL, NULL, 15, 1, 4, 11, 10, '', '', 3, 0, NULL, 0, '2021-08-28 11:13:33', NULL, 1),
(35, 20, '2021-08-28', '17:31:00', NULL, NULL, 15, 0, 4, 11, 10, '', '1', 4, 0, NULL, 0, '2021-08-28 12:03:02', NULL, 1),
(36, 21, '2021-08-29', '18:23:00', NULL, NULL, 15, 0, 7, 11, 10, 'A', 'A', 1, 0, NULL, 0, '2021-08-29 12:57:28', NULL, 1),
(37, 3, '2021-08-29', '19:11:00', 26, 'EMR-026', 15, 0, 6, 13, 11, '12', '', 2, 0, NULL, 0, '2021-08-29 13:42:49', NULL, 1),
(38, 3, '2021-08-29', '19:11:00', 26, 'EMR-026', 15, 0, 6, 13, 11, '12', '', 3, 0, NULL, 0, '2021-08-29 13:47:15', NULL, 1),
(39, 22, '2021-08-29', '19:26:00', 27, 'EMR-027', 15, 0, 4, 11, 9, '', '', 4, 0, NULL, 0, '2021-08-29 13:57:38', NULL, 1),
(40, 23, '2021-08-29', '20:12:00', 29, 'EMR-029', 15, 0, 4, 11, 9, '', '', 5, 0, NULL, 0, '2021-08-29 14:43:20', NULL, 1),
(41, 23, '2021-08-29', '20:13:00', 30, 'EMR-030', 15, 0, 4, 11, 9, '', '', 6, 0, NULL, 0, '2021-08-29 14:44:38', NULL, 1),
(42, 24, '2021-08-29', '20:22:00', 33, 'EMR-033', 15, 0, 7, 11, 9, '', '', 7, 0, NULL, 0, '2021-08-29 14:53:30', NULL, 1),
(43, 24, '2021-08-29', '20:23:00', 34, 'EMR-034', 15, 0, 6, 13, 11, '', '', 8, 0, NULL, 0, '2021-08-29 14:54:30', NULL, 1),
(44, 25, '2021-08-30', '16:31:00', 35, 'EMR-035', 15, 0, 4, 11, 9, '', '', 1, 0, NULL, 0, '2021-08-30 11:02:42', NULL, 1),
(45, 26, '2021-08-30', '16:32:00', 36, 'EMR-036', 15, 0, 4, 11, 9, '', '', 2, 0, NULL, 0, '2021-08-30 11:04:56', NULL, 1),
(46, 27, '2021-08-30', '16:39:00', 37, 'EMR-037', 15, 0, 6, 11, 9, '', '', 3, 0, NULL, 0, '2021-08-30 11:10:51', NULL, 1),
(47, 28, '2021-08-30', '16:40:00', 38, 'EMR-038', 15, 0, 8, 13, 11, '', '', 4, 0, NULL, 0, '2021-08-30 11:11:43', NULL, 1),
(48, 29, '2021-08-30', '16:41:00', 39, 'EMR-039', 15, 0, 6, 11, 9, '', '', 5, 0, NULL, 0, '2021-08-30 11:12:40', NULL, 1),
(49, 2, '2021-08-30', '16:42:00', 40, 'EMR-040', 15, 0, 4, 13, 11, '', '', 6, 0, NULL, 0, '2021-08-30 11:13:38', NULL, 1),
(50, 3, '2021-08-30', '16:41:00', 41, 'EMR-041', 15, 0, 6, 11, 9, '', '', 7, 0, NULL, 0, '2021-08-30 11:14:46', NULL, 1),
(51, 30, '2021-09-01', '12:17:00', 43, 'EMR-043', 15, 0, 4, 11, 9, 'self', '', 1, 0, NULL, 0, '2021-09-01 06:48:52', NULL, 1),
(52, 31, '2021-09-01', '19:50:00', 44, 'EMR-044', 15, 0, 7, 11, 9, '', '', 2, 0, NULL, 0, '2021-09-01 14:21:04', NULL, 1),
(53, 32, '2021-09-01', '19:52:00', 45, 'EMR-045', 15, 0, 7, 13, 11, '', '', 3, 0, NULL, 0, '2021-09-01 14:28:24', NULL, 1),
(54, 33, '2021-09-01', '20:58:00', 46, 'EMR-046', 15, 0, 4, 11, 9, '', 'rter', 4, 0, NULL, 0, '2021-09-01 15:32:10', NULL, 1),
(55, 34, '2021-09-01', '21:02:00', 47, 'EMR-047', 15, 0, 6, 11, 9, '', '1', 5, 0, NULL, 0, '2021-09-01 15:32:53', NULL, 1),
(56, 35, '2021-09-01', '19:58:00', 48, 'EMR-048', 15, 0, 4, 11, 9, '', '', 6, 0, NULL, 0, '2021-09-01 15:35:03', NULL, 1),
(57, 36, '2021-09-06', '21:08:00', 49, 'EMR-049', 15, 0, 8, 11, 9, '', '', 1, 0, NULL, 0, '2021-09-06 15:39:31', NULL, 1),
(58, 37, '2021-09-06', '00:05:00', 50, 'EMR-050', 15, 0, 4, 11, 9, '', '1', 2, 0, NULL, 0, '2021-09-06 18:36:40', NULL, 1),
(59, 38, '2021-09-07', '18:19:00', 53, 'EMR-053', 15, 0, 4, 13, 11, '', '', 1, 0, NULL, 0, '2021-09-07 12:49:44', NULL, 1),
(60, 39, '2021-09-07', '18:21:00', 54, 'EMR-054', 15, 0, 4, 11, 9, '', '1', 2, 0, NULL, 0, '2021-09-07 12:51:54', NULL, 1),
(61, 40, '2021-10-17', '21:20:00', 57, 'EMR-057', 15, 0, 4, 11, 9, '', '', 1, 0, NULL, 0, '2021-10-17 15:50:51', NULL, 1),
(62, 41, '2021-10-18', '15:30:00', 58, 'EMR-058', 15, 0, 4, 11, 9, '', '', 1, 0, NULL, 0, '2021-10-18 10:00:40', NULL, 1),
(63, 42, '2021-10-26', '19:07:00', 59, 'EMR-059', 15, 0, 4, 11, 9, '', '', 1, 0, NULL, 0, '2021-10-26 13:37:54', NULL, 1),
(64, 43, '2021-10-31', '12:34:00', 60, 'EMR-060', 15, 0, 4, 13, 11, '', '', 1, 1, NULL, 0, '2021-10-31 07:06:31', '2021-11-04 15:30:28', 1),
(65, 44, '2021-10-31', '13:00:00', 62, 'EMR-062', 15, 1, 4, 11, 10, '', '\'', 2, 0, NULL, 0, '2021-10-31 07:33:19', '2021-11-04 15:30:49', 1),
(66, 45, '2021-11-07', '19:21:00', 63, 'EMR-063', 15, 0, 4, 11, 9, '', '', 1, 0, NULL, 0, '2021-11-07 13:52:28', NULL, 1),
(67, 46, '2021-11-14', '19:47:00', 64, 'EMR-064', 15, 0, 4, 11, 9, '', '', 1, 0, NULL, 0, '2021-11-14 14:18:17', NULL, 1),
(68, 47, '2021-11-15', '15:07:00', 65, 'EMR-065', 15, 0, 4, 11, 9, '', '', 1, 0, NULL, 0, '2021-11-15 09:37:55', NULL, 1),
(69, 48, '2021-11-15', '20:25:00', 66, 'EMR-066', 15, 0, 4, 11, 9, '', '', 2, 0, NULL, 0, '2021-11-15 14:56:46', NULL, 1),
(74, 4, '2021-11-21', '10:36:00', 71, 'EMR-071', 15, 0, 4, 13, 11, '', '', 5, 0, NULL, 0, '2021-11-21 05:11:51', NULL, 1),
(75, 53, '2021-11-21', '11:03:00', 72, 'EMR-072', 15, 0, 4, 11, 9, '', '', 6, 0, NULL, 0, '2021-11-21 05:36:54', NULL, 1),
(76, 54, '2021-11-21', '15:31:00', 74, 'EMR-074', 15, 0, 4, 11, 9, '', '', 7, 0, NULL, 0, '2021-11-21 10:01:56', NULL, 105),
(77, 55, '2021-11-21', '15:32:00', 75, 'EMR-075', 15, 0, 4, 11, 9, '', '', 8, 0, NULL, 0, '2021-11-21 10:03:23', NULL, 105),
(78, 56, '2021-11-21', '15:44:00', 76, 'EMR-076', 15, 0, 4, 11, 9, '', '', 9, 0, NULL, 0, '2021-11-21 10:15:44', '2021-11-21 10:29:40', 1),
(79, 57, '2021-11-21', '15:59:00', 77, 'EMR-077', 15, 0, 8, 11, 9, '', '', 10, 0, NULL, 0, '2021-11-21 10:30:39', NULL, 1),
(80, 58, '2021-11-21', '20:10:00', 78, 'EMR-078', 15, 0, 6, 11, 9, '', '', 11, 0, NULL, 0, '2021-11-21 14:41:16', NULL, 1),
(81, 59, '2021-11-23', '11:53:00', 79, 'EMR-079', 15, 0, 6, 11, 9, '', '', 1, 0, NULL, 0, '2021-11-23 06:23:28', NULL, 1),
(82, 2, '2021-11-24', '19:06:00', 80, 'EMR-080', 15, 0, 6, 11, 9, '', 'w', 1, 0, NULL, 0, '2021-11-24 13:36:26', NULL, 1),
(83, 2, '2021-11-24', '19:11:00', 81, 'EMR-081', 15, 0, 4, 11, 9, '', '', 2, 0, NULL, 0, '2021-11-24 13:42:03', NULL, 1),
(84, 60, '2021-11-25', '08:45:00', 82, 'EMR-082', 15, 0, 7, 11, 9, '', '', 1, 0, NULL, 0, '2021-11-25 03:16:40', NULL, 1),
(85, 60, '2021-11-25', '12:54:00', 83, 'EMR-083', 15, 0, 7, 13, 11, '', '', 2, 0, NULL, 0, '2021-11-25 07:25:10', NULL, 1),
(86, 61, '2021-11-26', '13:01:00', 84, 'EMR-084', 15, 0, 4, 11, 9, '', '', 1, 0, NULL, 0, '2021-11-26 07:34:08', NULL, 1),
(87, 62, '2021-11-27', '15:31:00', 85, 'EMR-085', 15, 0, 4, 11, 9, '', '', 1, 0, NULL, 0, '2021-11-27 10:03:01', NULL, 1),
(88, 63, '2021-11-28', '09:52:00', 86, 'EMR-086', 15, 0, 4, 11, 9, '', '', 1, 0, NULL, 0, '2021-11-28 04:22:58', NULL, 1),
(89, 64, '2021-11-29', '21:28:00', 87, 'EMR-087', 15, 0, 4, 11, 9, '', '', 1, 1, NULL, 0, '2021-11-29 16:00:23', '2021-11-29 16:01:58', 1),
(90, 64, '2021-11-29', '21:31:00', 88, 'EMR-088', 15, 0, 4, 11, 9, '', '', 2, 0, NULL, 0, '2021-11-29 16:02:43', NULL, 1),
(91, 65, '2021-12-02', '22:55:00', 89, 'EMR-089', 15, 0, 4, 11, 9, 'self', '', 1, 0, NULL, 0, '2021-12-02 17:26:51', NULL, 1),
(92, 66, '2021-12-03', '15:07:00', 90, 'EMR-090', 15, 0, 4, 11, 9, '', '', 1, 0, NULL, 0, '2021-12-03 09:38:40', NULL, 1),
(93, 67, '2021-12-05', '12:35:00', 91, 'EMR-091', 15, 0, 4, 11, 9, '', '', 1, 0, NULL, 0, '2021-12-05 07:06:26', NULL, 1),
(94, 67, '2021-12-05', '12:36:00', 92, 'EMR-092', 15, 0, 4, 13, 11, '', '', 2, 0, NULL, 0, '2021-12-05 07:08:51', NULL, 1),
(95, 68, '2021-12-05', '20:44:00', 94, 'EMR-094', 15, 0, 6, 11, 9, '', '', 3, 0, NULL, 0, '2021-12-05 16:13:25', NULL, 1),
(96, 69, '2021-12-12', '09:51:00', 95, 'EMR-095', 15, 0, 4, 11, 9, '', '', 1, 0, NULL, 0, '2021-12-12 04:21:37', NULL, 1),
(97, 70, '2021-12-17', '15:00:00', 96, 'EMR-096', 15, 0, 7, 11, 9, '', '', 1, 0, NULL, 0, '2021-12-17 09:31:06', NULL, 1),
(98, 71, '2021-12-17', '17:30:00', 97, 'EMR-097', 15, 0, 4, 11, 9, '', '', 2, 0, NULL, 0, '2021-12-17 12:01:38', NULL, 1),
(99, 2, '2021-12-21', '20:22:00', 98, 'EMR-098', 15, 0, 4, 11, 9, '1', '', 1, 0, NULL, 0, '2021-12-21 14:52:42', NULL, 1),
(100, 2, '2021-12-22', '20:24:00', 99, 'EMR-099', 15, 0, 8, 11, 9, '12', '12', 1, 0, NULL, 0, '2021-12-22 14:54:48', NULL, 1),
(101, 4, '2021-12-22', '20:27:00', 100, 'EMR-0100', 15, 0, 6, 13, 11, '12', '12', 2, 0, NULL, 0, '2021-12-22 14:55:16', NULL, 1),
(102, 72, '2021-12-23', '12:50:00', 101, 'EMR-0101', 15, 0, 4, 11, 9, '', '', 1, 0, NULL, 0, '2021-12-23 07:21:13', NULL, 1),
(103, 73, '2021-12-23', '16:30:00', 102, 'EMR-0102', 15, 0, 4, 11, 9, '', '', 2, 0, NULL, 0, '2021-12-23 11:00:24', NULL, 1),
(104, 2, '2021-12-23', '20:48:00', 103, 'EMR-0103', 15, 0, 8, 13, 11, '1212', 'dsf', 3, 0, NULL, 0, '2021-12-23 15:18:31', NULL, 1),
(105, 74, '2021-12-24', '11:26:00', 104, 'EMR-0104', 15, 0, 4, 11, 9, '', '', 1, 0, NULL, 0, '2021-12-24 05:56:45', NULL, 1),
(106, 75, '2021-12-24', '11:37:00', 105, 'EMR-0105', 15, 0, 4, 11, 12, '', '', 2, 0, NULL, 0, '2021-12-24 06:08:06', NULL, 1),
(107, 2, '2021-12-25', '09:36:00', 106, 'EMR-0106', 15, 0, 6, 11, 9, '1', '1', 1, 0, NULL, 0, '2021-12-25 04:07:12', NULL, 1),
(108, 76, '2021-12-26', '11:55:00', 108, 'EMR-0108', 15, 0, 8, 11, 9, 'SELF', '', 1, 0, NULL, 0, '2021-12-26 06:26:10', NULL, 106),
(109, 2, '2021-12-26', '12:00:00', 109, 'EMR-0109', 15, 0, 4, 11, 9, '3', '', 2, 0, NULL, 0, '2021-12-26 06:30:41', '2021-12-26 06:38:32', 1),
(110, 77, '2021-12-26', '12:12:00', 111, 'EMR-0111', 15, 0, 6, 11, 9, '2', '', 3, 0, NULL, 0, '2021-12-26 06:44:15', NULL, 106),
(111, 78, '2021-12-26', '12:16:00', 112, 'EMR-0112', 15, 0, 7, 11, 12, '2', '', 4, 0, NULL, 0, '2021-12-26 06:46:47', '2021-12-26 07:36:55', 1),
(112, 2, '2021-12-27', '20:42:00', 113, 'EMR-0113', 15, 0, 6, 11, 9, '', '', 1, 0, NULL, 0, '2021-12-27 15:13:03', NULL, 1),
(113, 2, '2022-01-01', '20:32:00', 114, 'EMR-0114', 15, 0, 4, 11, 9, '2', '', 1, 0, NULL, 0, '2022-01-01 15:02:37', NULL, 1),
(114, 79, '2022-01-02', '11:12:00', 115, 'EMR-0115', 15, 0, 4, 11, 9, '3', '', 1, 0, NULL, 0, '2022-01-02 05:44:33', NULL, 1),
(115, 80, '2022-01-02', '11:14:00', 116, 'EMR-0116', 15, 0, 6, 11, 9, '2', '', 2, 0, NULL, 0, '2022-01-02 05:45:43', NULL, 1),
(116, 81, '2022-01-02', '11:15:00', 117, 'EMR-0117', 15, 0, 4, 11, 9, '2', '', 3, 0, NULL, 0, '2022-01-02 05:46:34', NULL, 1),
(117, 4, '2022-01-02', '12:36:00', 118, 'EMR-0118', 15, 0, 6, 13, 11, '2', '', 4, 0, NULL, 0, '2022-01-02 07:06:24', NULL, 1),
(118, 26, '2022-01-02', '13:05:00', 119, 'EMR-0119', 15, 0, 7, 11, 9, '', '', 5, 0, NULL, 0, '2022-01-02 07:36:20', NULL, 1),
(119, 84, '2022-01-02', '20:24:00', 120, 'EMR-0120', 15, 0, 0, 0, NULL, '', '', 6, 0, NULL, 0, '2022-01-02 14:56:20', NULL, 1),
(120, 85, '2022-01-02', '20:26:00', 121, 'EMR-0121', 15, 0, 4, 11, 9, '', '', 7, 0, NULL, 0, '2022-01-02 14:56:49', '2022-01-02 14:59:27', 1),
(121, 86, '2022-01-03', '20:01:00', 122, 'EMR-0122', 15, 0, 7, 11, 9, '2', '', 1, 0, NULL, 0, '2022-01-03 14:33:59', NULL, 1),
(122, 87, '2022-01-03', '20:04:00', 123, 'EMR-0123', 15, 0, 6, 0, NULL, '', '', 2, 0, NULL, 0, '2022-01-03 14:35:23', NULL, 1),
(123, 2, '2022-01-03', '20:05:00', 124, 'EMR-0124', 15, 0, 4, 13, 11, '', '', 3, 0, NULL, 0, '2022-01-03 14:37:18', NULL, 1),
(124, 88, '2022-01-03', '20:35:00', 125, 'EMR-0125', 15, 0, 8, 11, 9, '', '1', 4, 0, NULL, 0, '2022-01-03 15:06:08', NULL, 1),
(125, 89, '2022-01-03', '20:35:00', 126, 'EMR-0126', 15, 0, 8, 11, 9, '', '1', 5, 0, NULL, 0, '2022-01-03 15:07:34', NULL, 1),
(126, 90, '2022-01-03', '20:35:00', 127, 'EMR-0127', 15, 0, 8, 11, 9, '', '1', 6, 0, NULL, 0, '2022-01-03 15:10:44', NULL, 1),
(127, 91, '2022-01-03', '20:40:00', 128, 'EMR-0128', 15, 0, 0, 0, NULL, '', '', 7, 0, NULL, 0, '2022-01-03 15:12:23', NULL, 1),
(128, 92, '2022-01-03', '20:57:00', 129, 'EMR-0129', 15, 0, 0, 0, NULL, '', '', 8, 0, NULL, 0, '2022-01-03 15:27:36', NULL, 1),
(129, 93, '2022-01-03', '20:57:00', 130, 'EMR-0130', 15, 0, 0, 0, NULL, '2', '', 9, 0, NULL, 0, '2022-01-03 15:33:31', NULL, 1),
(130, 94, '2022-01-03', '21:03:00', 131, 'EMR-0131', 15, 0, 0, 0, NULL, '', '', 10, 0, NULL, 0, '2022-01-03 15:35:42', NULL, 1),
(131, 95, '2022-01-03', '21:05:00', 132, 'EMR-0132', 15, 0, 0, 0, NULL, '', '', 11, 0, NULL, 0, '2022-01-03 15:45:26', NULL, 1),
(132, 96, '2022-01-03', '21:05:00', 133, 'EMR-0133', 15, 0, 0, 0, NULL, '', '', 12, 0, NULL, 0, '2022-01-03 15:45:32', NULL, 1),
(133, 97, '2022-01-03', '21:28:00', 134, 'EMR-0134', 15, 0, 0, 0, NULL, '', '', 13, 0, NULL, 0, '2022-01-03 15:59:27', NULL, 1),
(134, 98, '2022-01-03', '21:28:00', 135, 'EMR-0135', 15, 0, 0, 0, NULL, '', '', 14, 0, NULL, 0, '2022-01-03 16:00:40', NULL, 1),
(135, 99, '2022-01-03', '21:30:00', 136, 'EMR-0136', 15, 0, 0, 0, NULL, '', '', 15, 0, NULL, 0, '2022-01-03 16:09:02', NULL, 1),
(136, 100, '2022-01-03', '21:39:00', 137, 'EMR-0137', 15, 0, 0, 0, NULL, '', '', 16, 0, NULL, 0, '2022-01-03 16:10:33', NULL, 1),
(137, 101, '2022-01-03', '21:40:00', 138, 'EMR-0138', 15, 0, 0, 0, NULL, '', '', 17, 0, NULL, 0, '2022-01-03 16:14:46', NULL, 1),
(138, 102, '2022-01-03', '22:05:00', 139, 'EMR-0139', 15, 0, 6, 14, 14, '', '213213', 18, 0, 18, 0, '2022-01-03 16:36:41', '2022-01-03 16:43:48', 1),
(139, 103, '2022-01-03', '22:16:00', 140, 'EMR-0140', 15, 0, 6, 13, 11, '', '', 19, 0, 17, 0, '2022-01-03 16:46:36', NULL, 1),
(140, 104, '2022-01-03', '22:19:00', 141, 'EMR-0141', 15, 0, 6, 13, 11, '2', '213', 20, 0, 17, 0, '2022-01-03 16:49:33', NULL, 1),
(141, 105, '2022-01-03', '22:19:00', 142, 'EMR-0142', 15, 0, 6, 13, 11, '2', '213', 21, 0, 17, 0, '2022-01-03 16:49:39', NULL, 1),
(142, 106, '2022-01-03', '22:19:00', 143, 'EMR-0143', 15, 0, 6, 13, 11, '2', '213', 22, 0, 16, 0, '2022-01-03 16:54:09', NULL, 1),
(143, 107, '2022-01-03', '22:19:00', 144, 'EMR-0144', 15, 0, 6, 13, 11, '2', '213', 23, 0, 16, 0, '2022-01-03 16:58:01', NULL, 1),
(144, 108, '2022-01-04', '10:33:00', 145, 'EMR-0145', 15, 0, 7, 13, 11, '2', '', 1, 0, 17, 0, '2022-01-04 05:04:30', NULL, 1),
(145, 109, '2022-01-04', '17:07:00', 146, 'EMR-0146', 15, 0, 0, 0, NULL, '3', '', 2, 0, 0, 0, '2022-01-04 11:39:09', NULL, 1),
(146, 110, '2022-01-04', '17:43:00', 147, 'EMR-0147', 15, 0, 7, 11, 9, '', '', 3, 0, 0, 0, '2022-01-04 12:14:14', NULL, 1),
(147, 111, '2022-01-04', '20:09:00', 148, 'EMR-0148', 15, 0, 0, 0, NULL, '', '', 4, 0, 0, 0, '2022-01-04 14:40:10', NULL, 1),
(148, 112, '2022-01-04', '20:10:00', 149, 'EMR-0149', 15, 0, 0, 0, NULL, '2', '', 5, 0, 17, 0, '2022-01-04 14:42:22', NULL, 1),
(149, 113, '2022-01-04', '20:10:00', 150, 'EMR-0150', 15, 0, 0, 0, NULL, '2', '', 6, 0, 17, 0, '2022-01-04 14:43:02', NULL, 1),
(150, 114, '2022-01-04', '20:10:00', 151, 'EMR-0151', 15, 0, 0, 0, NULL, '2', '', 7, 0, 17, 0, '2022-01-04 14:44:06', NULL, 1),
(151, 115, '2022-01-04', '20:14:00', 152, 'EMR-0152', 15, 0, 0, 0, NULL, '', '', 8, 0, 0, 0, '2022-01-04 14:45:11', NULL, 1),
(152, 116, '2022-01-04', '20:15:00', 153, 'EMR-0153', 15, 0, 0, 0, NULL, '', '', 9, 0, 0, 0, '2022-01-04 14:45:40', NULL, 1),
(153, 117, '2022-01-04', '20:15:00', 154, 'EMR-0154', 15, 0, 0, 0, NULL, '', '', 10, 0, 0, 0, '2022-01-04 14:46:55', NULL, 1),
(154, 118, '2022-01-04', '20:16:00', 155, 'EMR-0155', 15, 0, 0, 0, NULL, '', '', 11, 0, 0, 0, '2022-01-04 14:49:04', NULL, 1),
(155, 119, '2022-01-04', '20:16:00', 156, 'EMR-0156', 15, 0, 0, 0, NULL, '', '', 12, 0, 0, 0, '2022-01-04 14:49:52', NULL, 1),
(156, 120, '2022-01-04', '20:16:00', 157, 'EMR-0157', 15, 0, 0, 0, NULL, '', '', 13, 0, 0, 0, '2022-01-04 14:50:57', NULL, 1),
(157, 121, '2022-01-04', '20:16:00', 158, 'EMR-0158', 15, 0, 0, 0, NULL, '', '', 14, 0, 0, 0, '2022-01-04 14:51:16', NULL, 1),
(158, 122, '2022-01-04', '20:16:00', 159, 'EMR-0159', 15, 0, 0, 0, NULL, '', '', 15, 0, 0, 0, '2022-01-04 14:51:49', NULL, 1),
(159, 123, '2022-01-04', '20:16:00', 160, 'EMR-0160', 15, 0, 0, 0, NULL, '', '', 16, 0, 0, 0, '2022-01-04 15:08:11', NULL, 1),
(160, 124, '2022-01-04', '20:16:00', 161, 'EMR-0161', 15, 0, 0, 0, NULL, '', '', 17, 0, 0, 0, '2022-01-04 15:08:41', NULL, 1),
(161, 125, '2022-01-04', '20:38:00', 162, 'EMR-0162', 15, 0, 0, 0, NULL, '', '', 18, 0, 0, 0, '2022-01-04 15:09:59', NULL, 1),
(162, 126, '2022-01-04', '20:40:00', 163, 'EMR-0163', 15, 0, 0, 0, NULL, '', '', 19, 0, 0, 0, '2022-01-04 15:10:30', NULL, 1),
(163, 127, '2022-01-04', '20:53:00', 164, 'EMR-0164', 15, 0, 7, 11, 9, '2', '', 20, 0, 16, 0, '2022-01-04 15:24:01', NULL, 1),
(164, 128, '2022-01-04', '21:05:00', 165, 'EMR-0165', 15, 0, 0, 0, NULL, '', '', 21, 0, 0, 0, '2022-01-04 15:35:27', NULL, 1),
(165, 129, '2022-01-04', '21:06:00', 166, 'EMR-0166', 15, 0, 0, 0, NULL, '', '', 22, 0, 0, 0, '2022-01-04 15:37:28', NULL, 1),
(166, 130, '2022-01-04', '22:50:00', 168, 'EMR-0168', 15, 0, 4, 11, 9, '2', '', 23, 0, 7, 0, '2022-01-04 17:21:53', NULL, 1),
(167, 131, '2022-01-07', '15:21:00', 169, 'EMR-0169', 15, 0, 4, 11, 9, '2', '', 1, 0, 7, 0, '2022-01-07 09:52:20', NULL, 1),
(168, 132, '2022-01-07', '15:29:00', 171, 'EMR-0171', 15, 0, 8, 13, 11, '2', '', 2, 0, 7, 0, '2022-01-07 10:00:08', NULL, 1),
(169, 133, '2022-01-07', '19:16:00', 173, 'EMR-0173', 15, 0, 4, 11, 10, '2', '', 3, 0, 7, 0, '2022-01-07 13:47:59', NULL, 1),
(170, 134, '2022-01-07', '21:05:00', 175, 'EMR-0175', 15, 0, 9, 11, 9, '3', '', 4, 0, 7, 0, '2022-01-07 15:36:06', NULL, 1),
(171, 135, '2022-01-11', '20:16:00', 177, 'EMR-0177', 15, 0, 4, 11, 9, '2', '', 1, 0, 7, 0, '2022-01-11 14:47:25', NULL, 1),
(172, 136, '2022-01-12', '20:09:00', 178, 'EMR-0178', 15, 0, 4, 11, 9, '2', '', 1, 0, 7, 0, '2022-01-12 14:40:01', NULL, 1),
(173, 137, '2022-01-12', '20:24:00', 181, 'EMR-0181', 15, 0, 4, 13, 11, '2', '', 2, 0, 7, 0, '2022-01-12 14:54:52', NULL, 1),
(174, 138, '2022-01-12', '21:37:00', 185, 'EMR-0185', 15, 0, 8, 11, 9, '', '', 3, 0, 16, 0, '2022-01-12 16:07:43', NULL, 1),
(175, 139, '2022-01-13', '21:44:00', 186, 'EMR-0186', 15, 0, 4, 11, 9, '2', '', 1, 0, 7, 0, '2022-01-13 16:14:54', NULL, 1),
(176, 140, '2022-01-14', '11:03:00', 187, 'EMR-0187', 15, 0, 4, 11, 9, '', '', 1, 0, 8, 0, '2022-01-14 05:34:29', NULL, 1),
(177, 141, '2022-01-17', '11:35:00', 188, 'EMR-0188', 15, 0, 4, 11, 9, '2', '', 1, 0, 7, 0, '2022-01-17 06:06:32', NULL, 1),
(178, 142, '2022-01-18', '19:12:00', 189, 'EMR-0189', 15, 0, 4, 11, 9, '3', '', 1, 0, 7, 0, '2022-01-18 13:44:58', NULL, 1),
(179, 143, '2022-01-18', '19:15:00', 190, 'EMR-0190', 15, 0, 0, 0, NULL, '', '', 2, 0, 0, 0, '2022-01-18 13:51:20', NULL, 1),
(180, 144, '2022-01-19', '10:16:00', 191, 'EMR-0191', 15, 0, 4, 11, 9, '2', '', 1, 0, 7, 0, '2022-01-19 04:48:05', NULL, 1),
(181, 145, '2022-01-19', '12:25:00', 192, 'EMR-0192', 15, 0, 4, 11, 9, '2', '', 2, 0, 7, 0, '2022-01-19 06:56:20', NULL, 1),
(182, 146, '2022-01-19', '12:26:00', 193, 'EMR-0193', 15, 0, 4, 11, 9, '', '', 3, 0, 7, 0, '2022-01-19 06:57:42', NULL, 1),
(183, 147, '2022-01-19', '12:27:00', 194, 'EMR-0194', 15, 0, 4, 11, 9, '2', '', 4, 0, 7, 0, '2022-01-19 06:59:20', NULL, 1),
(184, 148, '2022-01-19', '18:07:00', 195, 'EMR-0195', 15, 0, 4, 11, 9, '3', '', 5, 0, 7, 0, '2022-01-19 12:39:25', NULL, 1),
(185, 149, '2022-01-19', '20:52:00', 196, 'EMR-0196', 15, 0, 4, 11, 9, '', '', 6, 0, 7, 0, '2022-01-19 15:24:27', NULL, 1),
(186, 3, '2022-01-27', '17:44:00', 197, 'EMR-0197', 15, 0, 6, 13, 11, '3', '', 1, 0, NULL, 0, '2022-01-27 12:14:46', NULL, 1),
(187, 150, '2022-01-29', '08:39:00', 198, 'EMR-0198', 15, 0, 4, 11, 9, '2', '', 1, 0, 7, 0, '2022-01-29 03:11:16', NULL, 1),
(188, 151, '2022-01-29', '08:41:00', 199, 'EMR-0199', 15, 0, 4, 11, 9, '2', '', 2, 0, 7, 0, '2022-01-29 03:12:50', NULL, 1),
(189, 152, '2022-01-29', '08:43:00', 200, 'EMR-0200', 15, 0, 4, 11, 9, '2', '', 3, 0, 7, 0, '2022-01-29 03:14:26', NULL, 1),
(190, 153, '2022-01-29', '08:44:00', 201, 'EMR-0201', 15, 0, 6, 11, 9, '2', '', 4, 0, 7, 0, '2022-01-29 03:16:25', NULL, 1),
(191, 40, '2022-01-29', '08:46:00', 202, 'EMR-0202', 15, 0, 8, 13, 11, '', '', 5, 0, NULL, 0, '2022-01-29 03:17:34', NULL, 1),
(192, 154, '2022-01-29', '11:08:00', 203, 'EMR-0203', 15, 0, 4, 11, 9, '2', '', 6, 0, 7, 0, '2022-01-29 05:38:51', NULL, 1),
(193, 10, '2022-01-29', '11:08:00', 204, 'EMR-0204', 15, 0, 4, 13, 11, '', '', 7, 0, NULL, 0, '2022-01-29 05:41:07', NULL, 1),
(194, 155, '2022-01-30', '09:20:00', 206, 'EMR-0206', 15, 0, 4, 11, 9, '2', '', 1, 0, 7, 0, '2022-01-30 03:51:09', NULL, 1),
(195, 156, '2022-01-30', '10:38:00', 207, 'EMR-0207', 15, 0, 4, 11, 9, '', '', 2, 0, 7, 0, '2022-01-30 05:08:30', NULL, 1),
(196, 157, '2022-01-31', '15:40:00', 208, 'EMR-0208', 15, 0, 4, 11, 9, '4', '', 1, 0, 7, 0, '2022-01-31 10:10:44', NULL, 1),
(197, 2, '2022-02-03', '21:34:00', 209, 'EMR-0209', 15, 0, 6, 11, 9, '', '', 1, 0, NULL, 0, '2022-02-03 16:05:13', NULL, 1),
(198, 158, '2022-02-05', '11:14:00', 210, 'EMR-0210', 15, 0, 4, 11, 9, '', '', 1, 0, 7, 0, '2022-02-05 05:48:10', NULL, 1),
(199, 159, '2022-02-06', '19:05:00', 211, 'EMR-0211', 15, 0, 4, 11, 10, '3', '', 1, 0, 7, 0, '2022-02-06 13:38:35', NULL, 1),
(200, 160, '2022-02-06', '20:07:00', 212, 'EMR-0212', 15, 0, 4, 11, 9, '', '', 2, 0, 7, 0, '2022-02-06 14:38:15', NULL, 1),
(201, 161, '2022-02-06', '20:26:00', 213, 'EMR-0213', 15, 0, 4, 11, 9, '', '', 3, 0, 7, 0, '2022-02-06 15:02:09', NULL, 104),
(202, 162, '2022-02-06', '21:48:00', 214, 'EMR-0214', 15, 0, 6, 11, 9, '2', '', 4, 0, 7, 0, '2022-02-06 16:19:29', NULL, 1),
(203, 3, '2022-02-08', '20:12:00', 215, 'EMR-0215', 15, 0, 6, 11, 9, '2', '', 1, 0, NULL, 0, '2022-02-08 14:43:10', NULL, 1),
(204, 163, '2022-02-09', '20:52:00', 216, 'EMR-0216', 15, 0, 4, 11, 10, '4', '', 1, 0, 7, 0, '2022-02-09 15:24:19', NULL, 1),
(205, 2, '2022-02-09', '20:54:00', 217, 'EMR-0217', 15, 0, 7, 13, 11, '', '', 2, 0, NULL, 0, '2022-02-09 15:52:48', NULL, 1),
(206, 2, '2022-02-10', '20:44:00', 218, 'EMR-0218', 15, 0, 4, 11, 9, '2', '', 1, 0, NULL, 0, '2022-02-10 15:14:34', NULL, 1),
(207, 164, '2022-02-10', '20:09:00', 219, 'EMR-0219', 15, 0, 6, 11, 9, '', '', 2, 0, 7, 0, '2022-02-10 15:17:20', NULL, 1),
(208, 2, '2022-02-12', '09:57:00', 220, 'EMR-0220', 15, 0, 6, 13, 11, '2', '', 1, 0, NULL, 0, '2022-02-12 04:27:50', NULL, 1),
(209, 165, '2022-02-12', '20:46:00', 221, 'EMR-0221', 15, 0, 8, 13, 11, '2', '12', 2, 0, 8, 0, '2022-02-12 15:29:41', NULL, 1),
(210, 3, '2022-02-12', '21:08:00', 0, '', 15, 0, 4, 11, 9, '2', '2121', 3, 0, 7, 0, '2022-02-12 15:39:17', '2022-02-12 15:45:50', 1),
(211, 166, '2022-02-12', '21:36:00', 0, '0', 15, 0, 8, 13, 11, '2', '', 4, 0, 7, 1, '2022-02-12 16:07:13', NULL, 1),
(212, 167, '2022-02-12', '21:36:00', 0, '0', 15, 0, 8, 13, 11, '2', '', 5, 0, 7, 1, '2022-02-12 16:08:25', NULL, 1),
(213, 3, '2022-02-12', '21:46:00', 0, '', 15, 0, 7, 11, 9, '2', '', 6, 0, 8, 1, '2022-02-12 16:16:39', NULL, 1),
(214, 168, '2022-02-12', '23:07:00', 222, 'EMR-0222', 15, 0, 4, 11, 9, '2', '', 7, 0, 7, 0, '2022-02-12 17:38:35', NULL, 1),
(215, 169, '2022-02-12', '23:09:00', 0, '', 15, 0, 6, 13, 11, '4', '', 8, 0, 7, 1, '2022-02-12 17:40:56', NULL, 1),
(216, 170, '2022-02-12', '23:11:00', 0, '', 15, 0, 6, 11, 9, '4', '', 9, 0, 7, 1, '2022-02-12 17:42:40', NULL, 1),
(217, 67, '2022-02-12', '23:13:00', 0, '', 15, 0, 6, 13, 11, '2', '', 10, 0, 8, 1, '2022-02-12 17:43:49', NULL, 1),
(218, 171, '2022-02-12', '23:24:00', 223, 'EMR-0223', 15, 0, 6, 11, 9, '3', '', 11, 0, 7, 0, '2022-02-12 17:55:32', NULL, 1),
(219, 172, '2022-02-13', '08:47:00', 0, '', 15, 0, 8, 11, 9, '2', '12', 1, 0, 0, 1, '2022-02-13 03:18:24', NULL, 1),
(220, 173, '2022-02-13', '08:49:00', 224, 'EMR-0224', 15, 0, 8, 11, 9, '2', '43', 2, 0, 17, 0, '2022-02-13 03:19:42', NULL, 1),
(221, 174, '2022-02-13', '20:34:00', 225, 'EMR-0225', 15, 0, 8, 11, NULL, '2', '12', 3, 0, 16, 0, '2022-02-13 15:05:17', '2022-02-13 15:05:38', 1),
(222, 175, '2022-02-13', '20:53:00', 226, 'EMR-0226', 15, 0, 8, 11, 9, '', '235', 4, 0, 16, 0, '2022-02-13 15:24:21', NULL, 1),
(223, 176, '2022-02-14', '21:55:00', 227, 'EMR-0227', 15, 0, 4, 11, 9, '2', '', 1, 0, 7, 0, '2022-02-14 16:25:43', NULL, 1),
(224, 177, '2022-02-14', '22:07:00', 228, 'EMR-0228', 15, 0, 8, 0, NULL, '2', '1212', 2, 0, 0, 0, '2022-02-14 16:37:38', NULL, 1),
(225, 178, '2022-02-14', '22:08:00', 229, 'EMR-0229', 15, 0, 8, 11, 9, '2', '12', 3, 0, 16, 0, '2022-02-14 16:39:04', NULL, 1),
(226, 179, '2022-02-15', '00:05:00', 230, 'EMR-0230', 15, 0, 4, 11, 9, '3', '', 1, 0, 7, 0, '2022-02-15 18:35:57', NULL, 1),
(227, 3, '2022-02-15', '00:09:00', 231, 'EMR-0231', 15, 0, 6, 13, 11, '', '', 2, 0, 7, 0, '2022-02-15 18:40:02', NULL, 1),
(228, 2, '2022-02-17', '20:50:00', 231, 'EMR-0231', 15, 0, 6, 11, 9, '2', '', 1, 0, 7, 0, '2022-02-17 15:21:04', NULL, 1),
(229, 2, '2022-02-18', '23:04:00', 231, 'EMR-0231', 15, 0, 4, 11, 9, '2', 'dwe', 1, 0, 7, 0, '2022-02-18 17:35:15', NULL, 1),
(230, 180, '2022-02-19', '21:12:00', 231, 'EMR-0231', 15, 0, 4, 11, 9, '3', '', 1, 0, 7, 0, '2022-02-19 15:43:11', NULL, 1),
(231, 2, '2022-03-03', '21:39:00', 232, 'EMR-0232', 15, 0, 6, 11, 9, '', '12', 1, 0, 0, 0, '2022-03-03 16:09:24', NULL, 1),
(232, 181, '2022-03-05', '21:38:00', 234, 'EMR-0234', 15, 0, 4, 11, 9, '3', '', 1, 0, 0, 0, '2022-03-05 16:10:05', NULL, 1),
(234, 140, '2022-03-05', '21:43:00', 236, 'EMR-0236', 15, 0, 4, 11, 9, '', '', 3, 0, 0, 0, '2022-03-05 16:14:43', NULL, 1),
(235, 2, '2022-03-06', '19:36:00', 236, 'EMR-0236', 15, 0, 7, 11, 9, '2', '1212', 1, 0, 0, 0, '2022-03-06 14:06:35', NULL, 1),
(236, 183, '2022-03-07', '20:38:00', 236, 'EMR-0236', 15, 0, 4, 11, 9, '4', '', 1, 0, 7, 0, '2022-03-07 15:08:37', NULL, 1),
(237, 184, '2022-03-08', '12:23:00', 237, 'EMR-0237', 15, 0, 4, 11, 9, '2', '', 1, 0, 7, 0, '2022-03-08 06:54:32', NULL, 1),
(238, 185, '2022-03-10', '12:20:00', 238, 'EMR-0238', 15, 0, 4, 13, 11, '4', '', 1, 0, 0, 0, '2022-03-10 06:51:33', NULL, 1),
(239, 183, '2022-03-12', '10:00:00', 239, 'EMR-0239', 15, 0, 4, 13, 11, '', '', 1, 0, 0, 0, '2022-03-12 04:30:36', NULL, 1),
(240, 2, '2022-03-13', '19:20:00', 239, 'EMR-0239', 15, 0, 4, 11, 9, '3', '12', 1, 0, 7, 0, '2022-03-13 13:51:17', NULL, 1),
(241, 186, '2022-03-14', '15:34:00', 239, 'EMR-0239', 15, 0, 4, 11, 9, '2', '', 1, 0, 7, 0, '2022-03-14 10:05:14', NULL, 1),
(242, 2, '2022-03-14', '22:51:00', 240, 'EMR-0240', 15, 0, 6, 11, 9, '2', '1', 2, 0, 8, 0, '2022-03-14 17:21:18', NULL, 1),
(243, 81, '2022-03-15', '08:36:00', 240, 'EMR-0240', 15, 0, 4, 13, 11, '', '', 1, 0, 7, 0, '2022-03-15 03:07:01', NULL, 1),
(244, 81, '2022-03-15', '08:38:00', 240, 'EMR-0240', 15, 0, 4, 11, 9, '', '', 2, 0, 8, 0, '2022-03-15 03:08:54', '2022-03-15 16:24:59', 1),
(245, 187, '2022-03-15', '12:10:00', 241, 'EMR-0241', 15, 0, 4, 11, 9, '4', '', 3, 0, 8, 0, '2022-03-15 06:41:27', NULL, 1),
(246, 187, '2022-03-15', '12:12:00', 242, 'EMR-0242', 15, 0, 4, 13, 11, '', '', 4, 0, 8, 0, '2022-03-15 06:42:38', NULL, 1),
(247, 188, '2022-03-15', '21:53:00', 243, 'EMR-0243', 15, 0, 8, 13, 11, '2', '12', 5, 0, 8, 0, '2022-03-15 16:23:37', NULL, 1),
(248, 189, '2022-03-16', '15:21:00', 244, 'EMR-0244', 15, 0, 4, 11, 9, '5', '', 1, 0, 0, 0, '2022-03-16 09:52:06', NULL, 106),
(249, 190, '2022-03-16', '15:27:00', 245, 'EMR-0245', 15, 0, 4, 11, 9, '3', '', 2, 0, 8, 0, '2022-03-16 09:57:48', NULL, 106),
(250, 191, '2022-03-16', '15:28:00', 246, 'EMR-0246', 15, 0, 6, 13, 11, '3', '', 3, 0, 17, 0, '2022-03-16 09:59:13', '2022-03-16 10:11:24', 106),
(251, 192, '2022-03-16', '15:31:00', 248, 'EMR-0248', 15, 0, 4, 13, 11, '5', '', 4, 0, 8, 0, '2022-03-16 10:03:06', NULL, 106),
(252, 193, '2022-03-16', '15:34:00', 249, 'EMR-0249', 15, 0, 4, 13, 11, '2', '', 5, 0, 7, 0, '2022-03-16 10:05:23', '2022-03-16 10:09:50', 106),
(253, 194, '2022-03-16', '15:36:00', 250, 'EMR-0250', 15, 0, 4, 13, 11, '4', '', 6, 0, 8, 0, '2022-03-16 10:08:01', NULL, 106),
(254, 195, '2022-03-16', '15:48:00', 251, 'EMR-0251', 15, 0, 7, 11, 9, '2', '', 7, 0, 7, 0, '2022-03-16 10:20:24', NULL, 106),
(255, 2, '2022-03-16', '22:34:00', 252, 'EMR-0252', 15, 0, 4, 11, 9, '2', '1', 8, 0, 17, 0, '2022-03-16 17:04:30', NULL, 1),
(256, 3, '2022-03-16', '22:34:00', 252, 'EMR-0252', 15, 0, 6, 13, 11, '2', '', 9, 0, 17, 0, '2022-03-16 17:17:44', NULL, 1),
(257, 196, '2022-03-17', '12:38:00', 252, 'EMR-0252', 15, 0, 4, 13, 11, '2', '', 1, 0, 17, 0, '2022-03-17 07:09:28', '2022-03-17 07:10:15', 106),
(258, 197, '2022-03-17', '12:40:00', 253, 'EMR-0253', 15, 0, 4, 11, NULL, '2', '', 2, 0, 17, 0, '2022-03-17 07:11:01', '2022-03-17 07:12:12', 106),
(259, 198, '2022-03-17', '16:55:00', 255, 'EMR-0255', 15, 0, 4, 11, 9, '3', '', 3, 0, 7, 0, '2022-03-17 11:25:47', NULL, 106),
(260, 47, '2022-03-17', '22:18:00', 256, 'EMR-0256', 15, 0, 4, 13, 11, '', '12', 4, 0, 0, 0, '2022-03-17 16:49:22', NULL, 1),
(261, 199, '2022-03-17', '22:24:08', 256, 'EMR-0256', 15, 0, 8, 11, 9, '', '12', 5, 0, 16, 0, '2022-03-17 16:54:08', NULL, 1),
(262, 31, '2022-03-17', '22:26:43', 257, 'EMR-0257', 15, 0, 6, 11, 9, '3', '231', 6, 0, 7, 0, '2022-03-17 16:56:43', NULL, 1),
(263, 2, '2022-03-18', '21:08:43', 257, 'EMR-0257', 15, 0, 6, 11, 16, '2', '', 1, 0, 7, 0, '2022-03-18 15:38:43', '2022-03-18 16:26:07', 1),
(264, 200, '2022-03-20', '21:08:15', 258, 'EMR-0258', 15, 0, 6, 11, 9, '4', '', 1, 0, 7, 0, '2022-03-20 15:38:15', NULL, 1),
(265, 2, '2022-03-27', '20:07:13', 259, 'EMR-0259', 15, 0, 4, 11, 9, '2', '', 1, 0, 7, 0, '2022-03-27 14:37:13', NULL, 1),
(266, 201, '2022-03-28', '12:10:26', 259, 'EMR-0259', 15, 0, 4, 11, 10, '2', '', 1, 0, 8, 0, '2022-03-28 06:40:26', '2022-03-28 06:41:45', 1),
(267, 4, '2022-03-28', '12:15:50', 261, 'EMR-0261', 15, 0, 6, 13, 11, '', '', 2, 0, 8, 0, '2022-03-28 06:45:50', NULL, 1),
(268, 5, '2022-03-28', '12:17:03', 261, 'EMR-0261', 15, 0, 4, 13, 11, '', '', 3, 0, 7, 0, '2022-03-28 06:47:03', NULL, 1),
(269, 200, '2022-03-28', '12:19:30', 261, 'EMR-0261', 15, 0, 4, 13, 11, '', '', 4, 0, 7, 0, '2022-03-28 06:49:30', NULL, 1),
(270, 186, '2022-03-28', '12:49:01', 262, 'EMR-0262', 15, 0, 4, 11, 9, '', '', 5, 0, 7, 0, '2022-03-28 07:19:01', NULL, 1),
(271, 34, '2022-03-28', '12:50:14', 262, 'EMR-0262', 15, 0, 4, 11, 9, '', '', 6, 0, 17, 0, '2022-03-28 07:20:14', NULL, 1),
(272, 202, '2022-03-30', '14:53:18', 262, 'EMR-0262', 15, 0, 4, 11, 10, '4', '', 1, 0, 8, 0, '2022-03-30 09:23:18', NULL, 1),
(273, 203, '2022-03-31', '10:09:17', 263, 'EMR-0263', 15, 0, 4, 11, 9, '4', '', 1, 0, 7, 0, '2022-03-31 04:39:17', NULL, 1),
(274, 204, '2022-04-01', '21:43:52', 264, 'EMR-0264', 15, 0, 4, 11, 9, '4', '', 1, 0, 7, 0, '2022-04-01 16:13:52', NULL, 1),
(275, 205, '2022-04-02', '16:20:29', 266, 'EMR-0266', 15, 0, 4, 11, 9, '4', '', 1, 0, 7, 0, '2022-04-02 10:50:29', NULL, 1),
(276, 206, '2022-04-03', '11:54:38', 267, 'EMR-0267', 15, 0, 6, 11, 9, '5', '', 1, 0, 7, 0, '2022-04-03 06:24:38', NULL, 1),
(277, 207, '2022-04-04', '12:35:29', 268, 'EMR-0268', 15, 0, 6, 11, 9, '4', '', 1, 0, 7, 0, '2022-04-04 07:05:29', NULL, 1),
(278, 208, '2022-04-05', '09:39:24', 269, 'EMR-0269', 15, 0, 4, 11, 9, '2', '', 1, 0, 7, 0, '2022-04-05 04:09:24', NULL, 1),
(279, 209, '2022-04-10', '20:17:45', 271, 'EMR-0271', 15, 0, 4, 11, 9, '2', '', 1, 0, 7, 0, '2022-04-10 14:47:45', NULL, 1),
(280, 210, '2022-04-14', '10:47:00', 0, '', 15, 0, 4, 11, 9, '2', '', 1, 0, NULL, 0, '2022-04-15 05:17:00', '2022-04-15 05:44:22', 1),
(281, 210, '2022-04-15', '11:14:57', 272, 'EMR-0272', 15, 0, 4, 13, 11, '', '', 1, 0, 0, 0, '2022-04-15 05:44:57', NULL, 1),
(282, 3, '2022-04-16', '16:07:45', 272, 'EMR-0272', 15, 0, 4, 11, 9, '', '', 1, 0, 0, 0, '2022-04-16 10:37:45', NULL, 1),
(283, 97, '2022-04-17', '09:53:19', 0, '', 15, 0, 6, 11, 9, '2', '', 1, 0, 7, 0, '2022-04-17 04:23:19', '2022-04-17 06:26:06', 1),
(284, 211, '2022-04-17', '11:58:11', 272, 'EMR-0272', 15, 0, 7, 11, 9, '', '', 2, 0, 0, 0, '2022-04-17 06:28:11', NULL, 1),
(285, 212, '2022-04-18', '15:50:47', 0, '', 15, 0, 7, 11, 9, '4', '', 1, 0, 7, 1, '2022-04-18 10:20:47', NULL, 106),
(286, 213, '2022-04-23', '13:07:59', 273, 'EMR-0273', 15, 0, 4, 11, 9, '2', '', 1, 0, 7, 0, '2022-04-23 07:37:59', NULL, 1),
(287, 214, '2022-04-25', '10:51:54', 275, 'EMR-0275', 15, 0, 4, 11, 9, '2', '', 1, 0, 8, 0, '2022-04-25 05:21:54', NULL, 1),
(288, 215, '2022-04-28', '16:37:59', 276, 'EMR-0276', 15, 0, 4, 11, 9, '4', '', 1, 0, 7, 0, '2022-04-28 11:07:59', NULL, 1),
(289, 216, '2022-04-29', '09:14:01', 277, 'EMR-0277', 15, 0, 4, 13, 11, '3', '', 1, 0, 7, 0, '2022-04-29 03:44:01', NULL, 104),
(290, 217, '2022-04-30', '14:51:02', 278, 'EMR-0278', 15, 0, 4, 11, 9, '2', '', 1, 0, 7, 0, '2022-04-30 09:21:02', NULL, 1),
(291, 218, '2022-05-06', '08:29:45', 286, 'EMR-0286', 15, 0, 4, 11, 9, '7', '', 1, 0, 7, 0, '2022-05-06 02:59:45', NULL, 1),
(292, 3, '2022-05-06', '08:30:44', 287, 'EMR-0287', 15, 0, 4, 13, 11, '', '', 2, 0, 0, 0, '2022-05-06 03:00:44', NULL, 1),
(293, 219, '2022-05-07', '14:27:45', 287, 'EMR-0287', 15, 0, 7, 11, 9, '4', '', 1, 0, 7, 0, '2022-05-07 08:57:45', NULL, 1);

-- --------------------------------------------------------

--
-- Table structure for table `patient_category`
--

CREATE TABLE `patient_category` (
  `patient_category_id` int(5) NOT NULL,
  `name` varchar(100) COLLATE utf8_unicode_ci NOT NULL,
  `amount` varchar(100) COLLATE utf8_unicode_ci NOT NULL,
  `opd` int(10) NOT NULL DEFAULT '0',
  `ipd` int(10) NOT NULL DEFAULT '0',
  `laser` int(10) NOT NULL DEFAULT '0',
  `injection` int(10) NOT NULL DEFAULT '0',
  `investigation` int(10) NOT NULL DEFAULT '0',
  `description` text COLLATE utf8_unicode_ci NOT NULL,
  `status` int(10) NOT NULL DEFAULT '0',
  `office_id` int(10) NOT NULL,
  `login_id` int(10) NOT NULL,
  `parent_id` int(10) NOT NULL,
  `created_date` timestamp NOT NULL DEFAULT CURRENT_TIMESTAMP,
  `updated_date` timestamp NOT NULL DEFAULT '0000-00-00 00:00:00' ON UPDATE CURRENT_TIMESTAMP
) ENGINE=InnoDB DEFAULT CHARSET=utf8 COLLATE=utf8_unicode_ci;

--
-- Dumping data for table `patient_category`
--

INSERT INTO `patient_category` (`patient_category_id`, `name`, `amount`, `opd`, `ipd`, `laser`, `injection`, `investigation`, `description`, `status`, `office_id`, `login_id`, `parent_id`, `created_date`, `updated_date`) VALUES
(15, 'Regular', '200', 1, 1, 1, 1, 1, '', 1, 1, 1, 0, '2021-07-07 06:24:56', '0000-00-00 00:00:00');

-- --------------------------------------------------------

--
-- Table structure for table `patient_followup`
--

CREATE TABLE `patient_followup` (
  `patient_followup_id` int(25) NOT NULL,
  `patient_registration_id` int(25) NOT NULL,
  `patient_followup_date` date NOT NULL,
  `doctor_id` int(25) NOT NULL,
  `description` text NOT NULL,
  `login_id` int(10) NOT NULL,
  `office_id` int(10) NOT NULL,
  `parent_id` int(10) NOT NULL,
  `created_date` timestamp NOT NULL DEFAULT CURRENT_TIMESTAMP,
  `updated_date` timestamp NULL DEFAULT NULL ON UPDATE CURRENT_TIMESTAMP
) ENGINE=InnoDB DEFAULT CHARSET=utf8mb4;

--
-- Dumping data for table `patient_followup`
--

INSERT INTO `patient_followup` (`patient_followup_id`, `patient_registration_id`, `patient_followup_date`, `doctor_id`, `description`, `login_id`, `office_id`, `parent_id`, `created_date`, `updated_date`) VALUES
(3, 67, '2021-12-06', 0, '', 1, 1, 0, '2021-12-05 15:15:45', NULL),
(4, 68, '2021-12-05', 0, 'DR.ARJUN', 1, 1, 0, '2021-12-05 16:14:02', NULL),
(5, 68, '2021-12-17', 0, '', 1, 1, 0, '2021-12-05 16:15:32', NULL),
(6, 69, '2021-12-16', 0, '', 1, 1, 0, '2021-12-12 04:22:21', NULL),
(7, 26, '2022-01-02', 0, 'sd', 1, 1, 0, '2022-01-02 13:28:06', NULL),
(8, 80, '2022-01-03', 0, '', 105, 1, 0, '2022-01-02 14:22:01', NULL),
(9, 86, '2022-01-14', 0, '', 1, 1, 0, '2022-01-03 14:38:14', NULL),
(10, 142, '2022-01-22', 0, '', 1, 1, 0, '2022-01-18 13:49:02', NULL),
(11, 2, '2022-03-03', 0, 'dsfg', 1, 1, 0, '2022-03-03 16:14:19', NULL),
(12, 3, '2022-04-17', 0, 'Doctor Follow UP', 105, 1, 0, '2022-04-16 11:28:30', NULL),
(13, 213, '2022-04-26', 0, '', 1, 1, 0, '2022-04-23 07:38:52', NULL);

-- --------------------------------------------------------

--
-- Table structure for table `patient_registration`
--

CREATE TABLE `patient_registration` (
  `patient_registration_id` int(100) NOT NULL,
  `title` int(25) NOT NULL,
  `fname` varchar(100) NOT NULL,
  `lname` varchar(100) NOT NULL,
  `gender` int(25) NOT NULL,
  `ageyy` varchar(50) NOT NULL,
  `agemm` varchar(50) NOT NULL,
  `dob` date NOT NULL,
  `city` int(25) NOT NULL,
  `mobileno` varchar(20) NOT NULL,
  `gmail` varchar(100) DEFAULT NULL,
  `whatsup` varchar(100) DEFAULT NULL,
  `address` text NOT NULL,
  `referral_masters_id` int(25) DEFAULT NULL,
  `occupation` varchar(100) DEFAULT NULL,
  `insurance_company_id` int(25) NOT NULL,
  `mrdno` varchar(100) NOT NULL,
  `mrd` int(20) DEFAULT NULL,
  `barcode` int(25) NOT NULL,
  `print` int(25) NOT NULL COMMENT '1:a4,2:a4 LANDSCAPE,3.a5,4.A5 LANDASCAPE',
  `status` int(25) NOT NULL DEFAULT '0',
  `pat_type` int(5) NOT NULL DEFAULT '1' COMMENT '1:walk-in,2:telephonic',
  `image` varchar(100) DEFAULT NULL,
  `created_date` timestamp NOT NULL DEFAULT CURRENT_TIMESTAMP,
  `updated_date` timestamp NULL DEFAULT NULL ON UPDATE CURRENT_TIMESTAMP,
  `login_id` int(20) NOT NULL,
  `office_id` int(20) NOT NULL,
  `parent_id` int(20) NOT NULL
) ENGINE=InnoDB DEFAULT CHARSET=utf8mb4;

--
-- Dumping data for table `patient_registration`
--

INSERT INTO `patient_registration` (`patient_registration_id`, `title`, `fname`, `lname`, `gender`, `ageyy`, `agemm`, `dob`, `city`, `mobileno`, `gmail`, `whatsup`, `address`, `referral_masters_id`, `occupation`, `insurance_company_id`, `mrdno`, `mrd`, `barcode`, `print`, `status`, `pat_type`, `image`, `created_date`, `updated_date`, `login_id`, `office_id`, `parent_id`) VALUES
(2, 21, 'yugandhar', 'p', 1, '25', '2', '1996-05-12', 14, '900-020-0470', '', '', 'mn eye hospital', 6, 'self', 1, 'ABY1', 1, 100000, 1, 1, 1, 'temp.jpg', '2021-07-12 06:22:48', '2022-03-18 16:23:26', 1, 1, 0),
(3, 22, 'ANITHA', 'K', 2, '23', '5', '1998-02-10', 14, '1234567898', NULL, NULL, 'CHENNAI', 6, 'self', 1, 'ABY2', 2, 100001, 1, 1, 1, 'temp.jpg', '2021-07-12 10:09:50', '2021-08-28 11:09:03', 1, 1, 0),
(4, 21, 'GANGADHARAM', 'P', 1, '46', '6', '1975-01-13', 14, '8106699701', NULL, NULL, 'KONDEPALLI\r\nNELVOY\r\nS R PURAM', 6, '', 1, 'ABY3', 3, 100002, 3, 1, 1, 'temp.jpg', '2021-07-14 07:06:06', '2021-08-28 11:09:03', 1, 1, 0),
(5, 21, 'YUGANDHARREDDY', 'U', 1, '23', '6', '1998-01-13', 14, '9000255865', NULL, NULL, 'CHENNAI', 6, 'self', 14, 'ABY4', 4, 100003, 3, 1, 1, 'temp.jpg', '2021-07-14 10:37:25', '2021-08-28 11:09:03', 1, 1, 0),
(6, 21, 'yugandhar reddy', 'p', 1, '28', '2', '1993-05-23', 14, '7026346140', NULL, NULL, 'chennai', 6, 'software testing', 1, 'ABY5', 5, 100004, 3, 1, 1, 'temp.jpg', '2021-07-23 06:29:08', '2021-08-28 11:09:03', 1, 1, 0),
(7, 21, 'swaraj', 'a', 1, '28', '6', '1993-01-21', 14, '1234567990', NULL, NULL, 'chennai', 6, 'test', 1, 'ABY6', 6, 100005, 3, 1, 1, 'temp.jpg', '2021-07-23 13:08:24', '2021-08-28 11:09:03', 1, 1, 0),
(8, 21, 'yugandhar', 'p', 1, '28', '0', '1993-08-04', 14, '9000200458', NULL, NULL, '', 0, '', 1, 'ABY7', 7, 100006, 1, 1, 1, 'temp.jpg', '2021-08-04 12:23:46', '2021-08-28 11:09:03', 1, 1, 0),
(9, 22, 'anu', 'k', 2, '25', '6', '1996-02-14', 0, '9000200455', NULL, NULL, 'chennai', 0, '', 1, 'ABY8', 8, 100007, 1, 1, 1, 'temp.jpg', '2021-08-15 14:02:47', '2021-08-28 11:09:03', 1, 1, 0),
(10, 21, 'raghu', 'p', 1, '27', '3', '1994-05-16', 0, '1234567895', NULL, NULL, 'cge', 0, '', 1, 'ABY9', 9, 100008, 1, 1, 1, 'temp.jpg', '2021-08-15 15:52:20', '2021-08-28 11:09:03', 1, 1, 0),
(11, 22, 'revathi', 'p', 2, '23', '5', '1998-03-18', 0, '1235689741', NULL, NULL, 'CHENNAI', 0, 'self', 1, 'ABY10', 10, 100009, 1, 1, 1, 'temp.jpg', '2021-08-17 03:20:28', '2021-08-28 11:09:03', 1, 1, 0),
(12, 21, 'RAJU', 'P', 1, '23', '2', '1998-06-18', 0, '7894561230', NULL, NULL, '', 0, '', 1, 'ABY11', 11, 100010, 1, 1, 1, 'temp.jpg', '2021-08-18 14:23:56', '2021-08-28 11:09:03', 1, 1, 0),
(13, 22, 'Anitha', 'K', 2, '33', '6', '1988-02-18', 14, '90002004780', NULL, NULL, 'Chennai790', 6, 'Business', 1, 'ABY12', 12, 100011, 1, 1, 1, 'temp.jpg', '2021-08-19 06:27:20', '2021-08-28 11:09:03', 1, 1, 0),
(14, 21, 'yugandhar', 'p', 1, '27', '3', '1994-05-26', 14, '9000200471', NULL, NULL, 'chennai', 0, '', 1, 'ABY13', 13, 100012, 1, 1, 1, 'temp.jpg', '2021-08-25 09:08:19', '2021-08-28 11:09:03', 1, 1, 0),
(15, 21, 'raghu', 'k', 1, '25', '6', '1996-02-24', 14, '2589631478', NULL, NULL, 'ka', 0, '', 1, 'ABY14', 14, 100013, 1, 1, 1, 'temp.jpg', '2021-08-25 10:13:22', '2021-08-28 11:09:03', 1, 1, 0),
(16, 21, 'yugandhar', 'P', 1, '28', '3', '1993-05-27', 0, '9000200489', NULL, NULL, 'CHENNAI', 0, '', 1, 'ABY15', 15, 100014, 3, 1, 1, 'temp.jpg', '2021-08-26 07:21:51', '2021-08-28 11:09:03', 1, 1, 0),
(17, 21, 'yy', '6', 1, '10', '55', '2007-01-28', 14, '1234567891', NULL, NULL, 'hjkhjhj', 6, '3565', 14, 'ABY16', 16, 100015, 1, 1, 1, 'temp.jpg', '2021-08-28 08:36:22', '2021-08-28 11:09:03', 1, 1, 0),
(18, 21, 'anuprabhu', 'l', 1, '23', '2', '1998-06-28', 14, '9000200479', NULL, NULL, 'chennai', 0, '', 1, 'ABY17', 17, 100016, 3, 1, 1, 'temp.jpg', '2021-08-28 09:28:09', '2021-08-28 11:09:03', 1, 1, 0),
(19, 22, 'Saranya', 'Vivek', 2, '27', '', '1994-05-03', 14, '1234567890', NULL, NULL, 'TVM', 6, '', 14, 'ABY0018', 18, 100017, 1, 1, 1, 'temp.jpg', '2021-08-28 11:13:33', NULL, 1, 1, 0),
(20, 21, 'testboy', '1', 1, '55', '', '1966-08-28', 14, '1234567896', NULL, NULL, '', 6, '', 14, 'ABY0019', 19, 100018, 1, 1, 1, 'temp.jpg', '2021-08-28 12:03:02', NULL, 1, 1, 0),
(21, 22, 'SARA', 'M', 2, '27', '5', '1994-05-03', 14, '9876543210', NULL, NULL, 'A', 6, 'A', 14, 'ABY0020', 20, 100019, 1, 1, 1, 'temp.jpg', '2021-08-29 12:57:28', NULL, 1, 1, 0),
(22, 21, '11', '11', 1, '1', '', '2020-08-29', 14, '555555555555', NULL, NULL, '1', 6, '', 14, 'ABY0021', 21, 100020, 1, 1, 1, 'temp.jpg', '2021-08-29 13:57:38', NULL, 1, 1, 0),
(23, 21, 'etet', '', 1, '55', '', '1966-08-29', 14, '4444444444', NULL, NULL, '', 0, '', 14, 'ABY0022', 22, 100021, 1, 1, 1, 'temp.jpg', '2021-08-29 14:43:20', NULL, 1, 1, 0),
(24, 21, 'VIVEK', '', 1, '36', '', '1985-08-29', 14, '2665646841', NULL, NULL, '', 0, '', 14, 'ABY0023', 23, 100022, 1, 1, 1, 'temp.jpg', '2021-08-29 14:53:30', NULL, 1, 1, 0),
(25, 21, 'ganesh', '', 1, '28', '', '1993-08-30', 0, '9000200469', NULL, NULL, '', 0, '', 1, 'ABY0024', 24, 100023, 1, 1, 1, 'temp.jpg', '2021-08-30 11:02:42', NULL, 1, 1, 0),
(26, 23, 'vignesh', '', 1, '34', '', '1987-08-30', 0, '7894562589', NULL, NULL, '', 0, '', 1, 'ABY0025', 25, 100024, 1, 1, 1, 'temp.jpg', '2021-08-30 11:04:56', NULL, 1, 1, 0),
(27, 22, 'Ganga', '', 2, '23', '', '1998-08-30', 0, '9000678543', NULL, NULL, '', 0, '', 1, 'ABY0026', 26, 100025, 1, 1, 1, 'temp.jpg', '2021-08-30 11:10:51', NULL, 1, 1, 0),
(28, 24, 'Ganesh', '', 2, '23', '', '1998-08-30', 0, '9000678544', NULL, NULL, '', 0, '', 1, 'ABY0027', 27, 100026, 1, 1, 1, 'temp.jpg', '2021-08-30 11:11:43', NULL, 1, 1, 0),
(29, 22, 'Lavanya', '', 2, '23', '', '1998-08-30', 0, '1223334567', NULL, NULL, '', 0, '', 1, 'ABY0028', 28, 100027, 1, 1, 1, 'temp.jpg', '2021-08-30 11:12:40', NULL, 1, 1, 0),
(30, 21, 'avinash', '', 1, '28', '', '1993-09-01', 0, '9000200453', NULL, NULL, 'kerala', 0, '', 1, 'ABY0029', 29, 100028, 1, 1, 1, 'temp.jpg', '2021-09-01 06:48:52', NULL, 1, 1, 0),
(31, 21, 'Anuprabhu', 'K', 1, '27', '', '1994-09-01', 0, '9000678222', NULL, NULL, 'Chennai', 0, '', 1, 'ABY0030', 30, 100029, 1, 1, 1, 'temp.jpg', '2021-09-01 14:21:04', NULL, 1, 1, 0),
(32, 23, 'Ganesh', '', 1, '5', '', '2016-09-01', 0, '1234567657', NULL, NULL, '', 0, '', 1, 'ABY0031', 31, 100030, 1, 1, 1, 'temp.jpg', '2021-09-01 14:28:24', NULL, 1, 1, 0),
(33, 21, 'rtyry', 'rtytry', 1, '55', '', '1966-09-01', 0, '9999999995', NULL, NULL, '', 0, '', 14, 'ABY0032', 32, 100031, 1, 1, 1, 'temp.jpg', '2021-09-01 15:32:10', NULL, 1, 1, 0),
(34, 21, 'sadas', 'dasd', 1, '11', '', '2010-09-01', 14, '1855555555', NULL, NULL, '', 0, '', 14, 'ABY0033', 33, 100032, 1, 1, 1, 'temp.jpg', '2021-09-01 15:32:53', NULL, 1, 1, 0),
(35, 22, 'Anitha yugandhar', 'P', 2, '24', '', '1997-09-01', 0, '12345654322', NULL, NULL, '', 0, '', 1, 'ABY0034', 34, 100033, 1, 1, 1, 'temp.jpg', '2021-09-01 15:35:03', NULL, 1, 1, 0),
(36, 22, 'Yuga', 'T', 1, '34', '', '1987-09-06', 0, '9000678222', NULL, NULL, '', 0, '', 1, 'ABY0035', 35, 100034, 1, 1, 1, 'temp.jpg', '2021-09-06 15:39:31', NULL, 1, 1, 0),
(37, 21, '111', '', 1, '1', '', '2020-09-07', 14, '1234567898', NULL, NULL, '', 6, '', 14, 'ABY0036', 36, 100035, 1, 1, 1, 'temp.jpg', '2021-09-06 18:36:40', NULL, 1, 1, 0),
(38, 21, 'uuuu', '', 1, '11', '', '2010-09-07', 14, '2222222222', NULL, NULL, '', 6, '', 14, 'ABY0037', 37, 100036, 1, 1, 1, 'temp.jpg', '2021-09-07 12:49:44', NULL, 1, 1, 0),
(39, 21, 'ttttt', '', 1, '1', '', '2020-09-07', 14, '8888888888', NULL, NULL, '', 6, '', 14, 'ABY0038', 38, 100037, 1, 1, 1, 'temp.jpg', '2021-09-07 12:51:54', NULL, 1, 1, 0),
(40, 21, 'vinodh', 'reddy', 1, '31', '6', '1990-04-18', 0, '9000200450', NULL, NULL, '', 0, '', 1, 'ABY0039', 39, 100038, 1, 1, 1, 'temp.jpg', '2021-10-17 15:50:51', NULL, 1, 1, 0),
(41, 21, 'raviteja', '', 1, '23', '', '1998-10-18', 0, '9000200589', NULL, NULL, '', 0, '', 1, 'ABY0040', 40, 100039, 1, 1, 1, 'temp.jpg', '2021-10-18 10:00:40', NULL, 1, 1, 0),
(42, 21, 'anuprabhu', '', 1, '23', '', '1998-10-26', 0, '9000258963', NULL, NULL, '', 0, '', 1, 'ABY0041', 41, 100040, 1, 1, 1, 'temp.jpg', '2021-10-26 13:37:54', NULL, 1, 1, 0),
(43, 21, 'Yugandhar', '', 1, '23', '', '1998-10-31', 0, '9000500657', NULL, NULL, '', 6, '', 14, 'ABY0042', 42, 100041, 1, 1, 1, 'temp.jpg', '2021-10-31 07:06:31', NULL, 1, 1, 0),
(44, 21, 'Arun -', 'Sunder.', 1, '24', '', '1997-10-31', 14, '7797161616', NULL, NULL, '', 6, 'Engineer.', 1, 'ABY0043', 43, 100042, 1, 1, 1, 'temp.jpg', '2021-10-31 07:33:19', NULL, 1, 1, 0),
(45, 21, 'raghu', '', 1, '23', '', '1998-11-07', 0, '9000200145', NULL, NULL, '', 0, '', 1, 'ABY0044', 44, 100043, 1, 1, 1, 'temp.jpg', '2021-11-07 13:52:28', NULL, 1, 1, 0),
(46, 21, 'Tigher', 'l', 1, '11', '1', '2010-10-15', 14, '1234567891', NULL, NULL, '', 0, '', 14, 'ABY0045', 45, 100044, 1, 1, 1, 'temp.jpg', '2021-11-14 14:18:17', NULL, 1, 1, 0),
(47, 21, 'YUGANDHAR', 'P', 1, '28', '', '1993-11-15', 0, '9000200147', NULL, NULL, '', 0, '', 1, 'ABY0046', 46, 100045, 1, 1, 1, 'temp.jpg', '2021-11-15 09:37:55', NULL, 1, 1, 0),
(48, 21, 'ANUPRABHU', '', 1, '23', '', '1998-11-15', 0, '9000200450', NULL, NULL, '', 0, '', 1, 'ABY0047', 47, 100046, 1, 1, 1, 'temp.jpg', '2021-11-15 14:56:46', NULL, 1, 1, 0),
(53, 21, 'VINODH KUMAR', '5', 1, '28', '', '1993-11-21', 14, '7894561232', NULL, NULL, '', 6, '', 14, 'ABY0048', 48, 100047, 1, 1, 1, 'temp.jpg', '2021-11-21 05:36:54', '2021-11-21 06:45:26', 1, 1, 0),
(54, 21, 'DHANUSH', '', 1, '28', '', '1993-11-21', 0, '9000200589', NULL, NULL, '', 0, '', 1, 'ABY0049', 49, 100048, 1, 1, 1, 'temp.jpg', '2021-11-21 10:01:56', NULL, 105, 1, 0),
(55, 23, 'CHEYTHAN', '', 1, '5', '', '2016-11-21', 0, '9000258963', NULL, NULL, '', 0, '', 1, 'ABY0050', 50, 100049, 1, 1, 1, 'temp.jpg', '2021-11-21 10:03:23', NULL, 105, 1, 0),
(56, 21, 'JEEVAN', 'k', 1, '25', '', '1996-11-21', 14, '9000258742', NULL, NULL, '', NULL, '', 1, 'ABY0051', 51, 100050, 1, 1, 1, 'temp.jpg', '2021-11-21 10:15:44', '2021-11-21 10:29:40', 1, 1, 0),
(57, 22, 'kavitha', 'k', 2, '25', '', '1996-11-21', 0, '9000200314', NULL, NULL, '', 0, '', 1, 'ABY0052', 52, 100051, 1, 1, 1, 'temp.jpg', '2021-11-21 10:30:39', NULL, 1, 1, 0),
(58, 23, 'PRAVEEN', '', 1, '23', '', '1998-11-21', 0, '8529637412', NULL, NULL, '', 0, '', 1, 'ABY0053', 53, 100052, 1, 1, 1, 'temp.jpg', '2021-11-21 14:41:16', NULL, 1, 1, 0),
(59, 21, 'SHANKARAN', 'vks', 1, '25', '', '1996-11-23', 0, '00000000000', NULL, NULL, 'mjnmn', 0, '', 1, 'ABY0054', 54, 100053, 1, 1, 1, 'temp.jpg', '2021-11-23 06:23:28', NULL, 1, 1, 0),
(60, 21, 'Ganesh', 'K', 1, '23', '', '1998-11-25', 0, '9000500657', NULL, NULL, '', 0, '', 1, 'ABY0055', 55, 100054, 1, 1, 1, 'temp.jpg', '2021-11-25 03:16:40', NULL, 1, 1, 0),
(61, 21, 'RAGHU', '', 1, '28', '6', '1993-05-27', 0, '9000200145', NULL, NULL, '', 0, '', 1, 'ABY0056', 56, 100055, 1, 1, 1, 'temp.jpg', '2021-11-26 07:34:08', NULL, 1, 1, 0),
(62, 21, 'yuigandhar', '', 1, '28', '', '1993-11-27', 0, '9000200589', NULL, NULL, '', 0, '', 1, 'ABY0057', 57, 100056, 1, 1, 1, 'temp.jpg', '2021-11-27 10:03:01', NULL, 1, 1, 0),
(63, 22, 'anitha', 'k', 2, '25', '', '1996-11-28', 0, '9000258963', NULL, NULL, '', 0, '', 1, 'ABY0058', 58, 100057, 1, 1, 1, 'temp.jpg', '2021-11-28 04:22:58', NULL, 1, 1, 0),
(64, 21, 'RAGHU RAJU', 'K', 1, '0', '6', '2021-05-30', 0, '1478523698', NULL, NULL, '', NULL, '', 1, 'ABY0059', 59, 100058, 1, 1, 1, 'temp.jpg', '2021-11-29 16:00:23', '2021-11-29 16:01:19', 1, 1, 0),
(65, 22, 'k anitha', '', 2, '23', '4', '1998-08-03', 0, '4567890987', NULL, NULL, 'chenai', 0, '', 1, 'ABY0060', 60, 100059, 1, 1, 1, 'temp.jpg', '2021-12-02 17:26:51', NULL, 1, 1, 0),
(66, 23, 'Yugandhar', '', 1, '23', '', '1998-12-03', 0, '9000500657', NULL, NULL, '', 0, '', 1, 'ABY0061', 61, 100060, 1, 1, 1, 'temp.jpg', '2021-12-03 09:38:40', NULL, 1, 1, 0),
(67, 21, 'testing1', '', 1, '44', '4', '1977-08-05', 0, '9000677890', NULL, NULL, '', 0, '', 1, 'ABY0062', 62, 100061, 1, 1, 1, 'temp.jpg', '2021-12-05 07:06:26', NULL, 1, 1, 0),
(68, 21, 'DEMO', '', 1, '28', '', '1993-12-05', 14, '4567890987', NULL, NULL, '', 0, '', 1, 'ABY0063', 63, 100062, 1, 1, 1, 'temp.jpg', '2021-12-05 16:13:25', NULL, 1, 1, 0),
(69, 22, 'vanitha', '', 2, '23', '', '1998-12-12', 0, '9000200589', NULL, NULL, '', 0, '', 1, 'ABY0064', 64, 100063, 1, 1, 1, 'temp.jpg', '2021-12-12 04:21:37', NULL, 1, 1, 0),
(70, 22, 'Anitha', '', 2, '28', '', '1993-12-17', 0, '9000500657', NULL, NULL, '', 0, '', 1, 'ABY0065', 65, 100064, 1, 1, 1, 'temp.jpg', '2021-12-17 09:31:06', NULL, 1, 1, 0),
(71, 21, 'SUMESH M', '', 1, '33', '', '1988-12-17', 0, '9497139016', NULL, NULL, '', 0, '', 1, 'ABY0066', 66, 100065, 1, 1, 1, 'temp.jpg', '2021-12-17 12:01:38', NULL, 1, 1, 0),
(72, 21, 'yugandhar', '', 1, '23', '', '1998-12-23', 0, '9000258963', NULL, NULL, '', 0, '', 1, 'ABY0067', 67, 100066, 1, 1, 1, 'temp.jpg', '2021-12-23 07:21:13', NULL, 1, 1, 0),
(73, 21, 'yugandhar', '', 1, '23', '', '1998-12-23', 0, '9000258963', NULL, NULL, '', 0, '', 1, 'ABY0068', 68, 100067, 1, 1, 1, 'temp.jpg', '2021-12-23 11:00:24', NULL, 1, 1, 0),
(74, 21, 'yugandhar', '', 1, '23', '', '1998-12-24', 0, '1234567897', NULL, NULL, '', 0, '', 1, 'ABY0069', 69, 100068, 1, 1, 1, 'temp.jpg', '2021-12-24 05:56:45', NULL, 1, 1, 0),
(75, 21, 'raghupathi', '', 1, '23', '', '1998-12-24', 0, '9000200589', NULL, NULL, '', 0, '', 1, 'ABY0070', 70, 100069, 1, 1, 1, 'temp.jpg', '2021-12-24 06:08:06', NULL, 1, 1, 0),
(76, 21, 'k anitha', '', 2, '23', '', '1998-12-26', 15, '4567890987', NULL, NULL, 'CHENNAI', 0, '', 1, 'ABY0071', 71, 100070, 1, 1, 1, 'temp.jpg', '2021-12-26 06:26:10', NULL, 106, 1, 0),
(77, 21, 'TRS', '', 1, '23', '', '1998-12-26', 14, '4567890987', NULL, NULL, '', 0, '', 1, 'ABY0072', 72, 100071, 1, 1, 1, 'temp.jpg', '2021-12-26 06:44:15', NULL, 106, 1, 0),
(78, 21, 'MK', 'P', 1, '23', '', '1998-12-26', 14, '1234567891', NULL, NULL, '', NULL, '', 1, 'ABY0073', 73, 100072, 1, 1, 1, 'temp.jpg', '2021-12-26 06:46:47', '2021-12-26 07:36:55', 1, 1, 0),
(79, 21, 'Ravi Kumar', '', 1, '23', '4', '1998-09-03', 14, '9000200345', NULL, NULL, '', 0, '', 1, 'ABY0074', 74, 100073, 1, 1, 1, 'temp.jpg', '2022-01-02 05:44:33', NULL, 1, 1, 0),
(80, 21, 'ganga', '', 1, '34', '', '1988-01-02', 14, '4567890987', NULL, NULL, '', 0, '', 1, 'ABY0075', 75, 100074, 1, 1, 1, 'temp.jpg', '2022-01-02 05:45:43', NULL, 1, 1, 0),
(81, 22, 'LATHIKA', '23', 2, '7', '', '2015-01-02', 14, '123-456-7890', '', '', '', NULL, '', 14, 'ABY0076', 76, 100075, 1, 1, 1, 'temp.jpg', '2022-01-02 05:46:34', '2022-03-15 16:24:59', 1, 1, 0),
(84, 21, '1212sad', '', 1, '', '', '0000-00-00', 0, '', NULL, NULL, '', 0, '', 1, 'ABY0077', 77, 100076, 1, 1, 2, 'temp.jpg', '2022-01-02 14:56:20', NULL, 1, 1, 0),
(85, 21, 'sdfdsf', 'sad', 1, '12', '', '2010-01-02', 15, '1234567895', NULL, NULL, '', NULL, '', 14, 'ABY0078', 78, 100077, 1, 1, 1, 'temp.jpg', '2022-01-02 14:56:49', '2022-01-02 14:59:27', 1, 1, 0),
(86, 21, 'YUGANDHAR', '', 1, '23', '6', '1998-07-05', 14, '9000200345', NULL, NULL, '', 6, '', 1, 'ABY0079', 79, 100078, 2, 1, 1, 'temp.jpg', '2022-01-03 14:33:59', NULL, 1, 1, 0),
(87, 21, 'RAVI', '', 1, '', '', '0000-00-00', 0, '', NULL, NULL, '', 0, '', 1, 'ABY0080', 80, 100079, 1, 1, 2, 'temp.jpg', '2022-01-03 14:35:23', NULL, 1, 1, 0),
(88, 21, 'dsfdsf', '213', 1, '1', '', '2021-01-03', 14, '1234567891', NULL, NULL, '', 0, '', 14, 'ABY0081', 81, 100080, 1, 1, 1, 'temp.jpg', '2022-01-03 15:06:08', NULL, 1, 1, 0),
(89, 21, 'dsfdsf', '213', 1, '1', '', '2021-01-03', 14, '1234567891', NULL, NULL, '', 0, '', 14, 'ABY0082', 82, 100081, 1, 1, 1, 'temp.jpg', '2022-01-03 15:07:34', NULL, 1, 1, 0),
(90, 21, 'dsfdsf', '213', 1, '1', '', '2021-01-03', 14, '1234567891', NULL, NULL, '', 0, '', 14, 'ABY0083', 83, 100082, 1, 1, 1, 'temp.jpg', '2022-01-03 15:10:44', NULL, 1, 1, 0),
(91, 21, 'asdsa', 'sad', 1, '', '', '0000-00-00', 0, '', NULL, NULL, '', 0, '', 1, 'ABY0084', 84, 100083, 1, 1, 2, 'temp.jpg', '2022-01-03 15:12:23', NULL, 1, 1, 0),
(92, 21, 'sad', 'asdsad', 1, '', '', '0000-00-00', 0, '', NULL, NULL, '', 0, '', 1, 'ABY0085', 85, 100084, 1, 1, 2, 'temp.jpg', '2022-01-03 15:27:36', NULL, 1, 1, 0),
(93, 21, 'asd', '', 1, '11', '', '2011-01-03', 14, '', NULL, NULL, '', 0, '1', 1, 'ABY0086', 86, 100085, 1, 1, 2, 'temp.jpg', '2022-01-03 15:33:31', NULL, 1, 1, 0),
(94, 21, 'fghfg', '', 1, '', '', '0000-00-00', 0, '', NULL, NULL, '', 0, '', 1, 'ABY0087', 87, 100086, 1, 1, 2, 'temp.jpg', '2022-01-03 15:35:42', NULL, 1, 1, 0),
(95, 21, 'sdfdsf', '', 1, '', '', '0000-00-00', 0, '', NULL, NULL, '', 0, '', 1, 'ABY0088', 88, 100087, 1, 1, 2, 'temp.jpg', '2022-01-03 15:45:26', NULL, 1, 1, 0),
(96, 21, 'sdfdsf', '', 1, '', '', '0000-00-00', 0, '', NULL, NULL, '', 0, '', 1, 'ABY0089', 89, 100088, 1, 1, 2, 'temp.jpg', '2022-01-03 15:45:32', NULL, 1, 1, 0),
(97, 21, 'ytuytu', 'dsfsf', 1, '1', '', '2021-01-03', 14, '979-022-2556', '', '', '', NULL, '', 1, 'ABY0090', 90, 100089, 1, 1, 4, 'temp.jpg', '2022-01-03 15:59:27', '2022-04-17 06:26:06', 1, 1, 0),
(98, 21, 'ytuytu', 'dsfsf', 1, '1', '', '2021-01-03', 0, '9790222556', NULL, NULL, '', 0, '', 1, 'ABY0091', 91, 100090, 1, 1, 2, 'temp.jpg', '2022-01-03 16:00:40', NULL, 1, 1, 0),
(99, 21, 'qweq', '213', 1, '123', '', '1899-01-02', 0, '', NULL, NULL, '', 0, '', 1, 'ABY0092', 92, 100091, 1, 1, 2, 'temp.jpg', '2022-01-03 16:09:02', NULL, 1, 1, 0),
(100, 21, 'sadsad', '231', 1, '', '', '0000-00-00', 0, '', NULL, NULL, '', 0, '', 1, 'ABY0093', 93, 100092, 1, 1, 2, 'temp.jpg', '2022-01-03 16:10:33', NULL, 1, 1, 0),
(101, 21, 'sdfasdf', 'asdfasf', 1, '2', '', '2020-01-03', 0, '9790222556', NULL, NULL, '', 0, '', 1, 'ABY0094', 94, 100093, 1, 1, 2, 'temp.jpg', '2022-01-03 16:14:46', NULL, 1, 1, 0),
(102, 21, 'sdf', 'dsf', 1, '1', '', '2021-01-03', 14, '9790222556', NULL, NULL, '213123', 0, '213', 14, 'ABY0095', 95, 100094, 1, 1, 1, 'temp.jpg', '2022-01-03 16:36:41', '2022-01-03 16:43:48', 1, 1, 0),
(103, 21, 'dasd', 'asd', 1, '12', '', '2010-01-03', 14, '9790222556', NULL, NULL, '', 0, '', 14, 'ABY0096', 96, 100095, 1, 1, 1, 'temp.jpg', '2022-01-03 16:46:36', NULL, 1, 1, 0),
(104, 23, 'dsadas', 'sadasd', 1, '12', '', '2010-01-03', 14, '9790222556', NULL, NULL, 'sdfdsf', 0, '213213', 1, 'ABY0097', 97, 100096, 1, 1, 1, 'temp.jpg', '2022-01-03 16:49:33', NULL, 1, 1, 0),
(105, 23, 'dsadas', 'sadasd', 1, '12', '', '2010-01-03', 14, '9790222556', NULL, NULL, 'sdfdsf', 0, '213213', 1, 'ABY0098', 98, 100097, 1, 1, 1, 'temp.jpg', '2022-01-03 16:49:39', NULL, 1, 1, 0),
(106, 23, 'dsadas', 'sadasd', 1, '12', '', '2010-01-03', 14, '9148693945', NULL, NULL, 'sdfdsf', 0, '213213', 1, 'ABY0099', 99, 100098, 1, 1, 1, 'temp.jpg', '2022-01-03 16:54:09', NULL, 1, 1, 0),
(107, 23, 'dsadas', 'sadasd', 1, '12', '', '2010-01-03', 14, '9148693945', NULL, NULL, 'sdfdsf', 0, '213213', 1, 'ABY0100', 100, 100099, 1, 1, 1, 'temp.jpg', '2022-01-03 16:58:01', NULL, 1, 1, 0),
(108, 21, 'Test', 'King', 1, '1', '', '2021-01-04', 15, '9790222556', NULL, NULL, '', 0, '', 14, 'ABY0101', 101, 100100, 1, 1, 1, 'temp.jpg', '2022-01-04 05:04:30', NULL, 1, 1, 0),
(109, 21, 'Test', 'King', 1, '1', '', '2021-01-04', 14, '9790222556', NULL, NULL, '', 0, '', 1, 'ABY0102', 102, 100101, 1, 1, 2, 'temp.jpg', '2022-01-04 11:39:09', NULL, 1, 1, 0),
(110, 21, 'Test', 'King', 1, '', '', '0000-00-00', 0, '', NULL, NULL, '', 0, '', 1, 'ABY0103', 103, 100102, 1, 1, 2, 'temp.jpg', '2022-01-04 12:14:14', NULL, 1, 1, 0),
(111, 21, 'test', 'tes', 1, '1', '', '2021-01-04', 0, '9790222556', NULL, NULL, '', 0, '', 1, 'ABY0104', 104, 100103, 1, 1, 2, 'temp.jpg', '2022-01-04 14:40:10', NULL, 1, 1, 0),
(112, 21, 'Anu', 'Prabhu', 1, '28', '01', '1993-12-05', 14, '9790222556', NULL, NULL, '', 0, '', 1, 'ABY0105', 105, 100104, 1, 1, 2, 'temp.jpg', '2022-01-04 14:42:22', NULL, 1, 1, 0),
(113, 21, 'Anu', 'Prabhu', 1, '28', '01', '1993-12-05', 14, '9790222556', NULL, NULL, '', 0, '', 1, 'ABY0106', 106, 100105, 1, 1, 2, 'temp.jpg', '2022-01-04 14:43:02', NULL, 1, 1, 0),
(114, 21, 'Anu', 'Prabhu', 1, '28', '01', '1993-12-05', 14, '9790222556', NULL, NULL, '', 0, '', 1, 'ABY0107', 107, 100106, 1, 1, 2, 'temp.jpg', '2022-01-04 14:44:06', NULL, 1, 1, 0),
(115, 21, 'Anu', 'Prabhu', 1, '28', '1', '1993-12-05', 0, '', NULL, NULL, '', 0, '', 1, 'ABY0108', 108, 100107, 1, 1, 2, 'temp.jpg', '2022-01-04 14:45:11', NULL, 1, 1, 0),
(116, 21, 'Anu', 'Prabhu', 1, '28', '12', '1993-01-04', 0, '9790222556', NULL, NULL, '', 0, '', 1, 'ABY0109', 109, 100108, 1, 1, 2, 'temp.jpg', '2022-01-04 14:45:40', NULL, 1, 1, 0),
(117, 21, 'Anu', 'Prabhu', 1, '28', '', '1994-01-04', 0, '9790222556', NULL, NULL, '', 0, '', 1, 'ABY0110', 110, 100109, 1, 1, 2, 'temp.jpg', '2022-01-04 14:46:55', NULL, 1, 1, 0),
(118, 21, 'sada', 'dasd', 1, '', '', '0000-00-00', 0, '9790222556', NULL, NULL, '', 0, '', 1, 'ABY0111', 111, 100110, 1, 1, 2, 'temp.jpg', '2022-01-04 14:49:04', NULL, 1, 1, 0),
(119, 21, 'sada', 'dasd', 1, '', '', '0000-00-00', 0, '9790222556', NULL, NULL, '', 0, '', 1, 'ABY0112', 112, 100111, 1, 1, 2, 'temp.jpg', '2022-01-04 14:49:52', NULL, 1, 1, 0),
(120, 21, 'sada', 'dasd', 1, '', '', '0000-00-00', 0, '9148693945', NULL, NULL, '', 0, '', 1, 'ABY0113', 113, 100112, 1, 1, 2, 'temp.jpg', '2022-01-04 14:50:57', NULL, 1, 1, 0),
(121, 21, 'sada', 'dasd', 1, '', '', '0000-00-00', 0, '9148693945', NULL, NULL, '', 0, '', 1, 'ABY0114', 114, 100113, 1, 1, 2, 'temp.jpg', '2022-01-04 14:51:16', NULL, 1, 1, 0),
(122, 21, 'sada', 'dasd', 1, '', '', '0000-00-00', 0, '9148693945', NULL, NULL, '', 0, '', 1, 'ABY0115', 115, 100114, 1, 1, 2, 'temp.jpg', '2022-01-04 14:51:49', NULL, 1, 1, 0),
(123, 21, 'sada', 'dasd', 1, '', '', '0000-00-00', 0, '9148693945', NULL, NULL, '', 0, '', 1, 'ABY0116', 116, 100115, 1, 1, 2, 'temp.jpg', '2022-01-04 15:08:11', NULL, 1, 1, 0),
(124, 21, 'sada', 'dasd', 1, '', '', '0000-00-00', 0, '9790222556', NULL, NULL, '', 0, '', 1, 'ABY0117', 117, 100116, 1, 1, 2, 'temp.jpg', '2022-01-04 15:08:41', NULL, 1, 1, 0),
(125, 21, 'Anu', 'Prabhu', 1, '28', '2', '1993-11-04', 14, '9790222556', NULL, NULL, '', 0, '', 1, 'ABY0118', 118, 100117, 1, 1, 2, 'temp.jpg', '2022-01-04 15:09:59', NULL, 1, 1, 0),
(126, 21, 'Anu', 'Prabhu', 1, '28', '', '1994-01-04', 0, '9790222556', NULL, NULL, '', 0, '', 1, 'ABY0119', 119, 100118, 1, 1, 2, 'temp.jpg', '2022-01-04 15:10:30', NULL, 1, 1, 0),
(127, 21, 'Anu', 'Prabhu', 1, '28', '2', '1993-11-04', 14, '9790222556', NULL, NULL, '', 0, '', 14, 'ABY0120', 120, 100119, 1, 1, 1, 'temp.jpg', '2022-01-04 15:24:01', NULL, 1, 1, 0),
(128, 21, 'Anu', 'Prabhu', 1, '28', '', '1994-01-04', 0, '9790222556', NULL, NULL, '', 0, '', 1, 'ABY0121', 121, 100120, 1, 1, 2, 'temp.jpg', '2022-01-04 15:35:27', NULL, 1, 1, 0),
(129, 21, 'anu', 'prabhu', 1, '2', '', '2020-01-04', 0, '9790222556', NULL, NULL, '', 0, '', 1, 'ABY0122', 122, 100121, 1, 1, 2, 'temp.jpg', '2022-01-04 15:37:28', NULL, 1, 1, 0),
(130, 21, 'yugandhar23', '', 1, '23', '', '1999-01-04', 14, '9148693945', NULL, NULL, '', 0, '', 1, 'ABY0123', 123, 100122, 1, 1, 1, 'temp.jpg', '2022-01-04 17:21:53', NULL, 1, 1, 0),
(131, 21, 'yugandhar', 'p', 1, '27', '', '1995-01-07', 14, '7338782149', NULL, NULL, '', 0, '', 1, 'ABY0124', 124, 100123, 1, 1, 1, 'temp.jpg', '2022-01-07 09:52:20', NULL, 1, 1, 0),
(132, 21, 'ramesh', '', 1, '23', '', '1999-01-07', 14, '0000000000', NULL, NULL, '', 0, '', 1, 'ABY0125', 125, 100124, 1, 1, 1, 'temp.jpg', '2022-01-07 10:00:08', NULL, 1, 1, 0),
(133, 21, 'Mohan Kumar', '', 1, '23', '', '1999-01-07', 14, '1234567890', NULL, NULL, '', 0, '', 1, 'ABY0126', 126, 100125, 1, 1, 1, 'temp.jpg', '2022-01-07 13:47:59', NULL, 1, 1, 0),
(134, 21, 'anish', 'kk', 1, '12', '22', '2008-03-09', 14, '9790222556', NULL, NULL, '', 6, 'test', 14, 'ABY0127', 127, 100126, 1, 1, 1, 'temp.jpg', '2022-01-07 15:36:06', NULL, 1, 1, 0),
(135, 21, 'raghu', '', 1, '23', '', '1999-01-11', 14, '1234567890', NULL, NULL, '', 0, '', 1, 'ABY0128', 128, 100127, 1, 1, 1, 'temp.jpg', '2022-01-11 14:47:25', NULL, 1, 1, 0),
(136, 21, 'Ram kumar', '', 1, '34', '', '1988-01-12', 14, '1234567898', NULL, NULL, '', 0, '', 1, 'ABY0129', 129, 100128, 1, 1, 1, 'temp.jpg', '2022-01-12 14:40:01', NULL, 1, 1, 0),
(137, 22, 'kavitha', '', 2, '23', '', '1999-01-12', 14, '2589631478', NULL, NULL, '', 0, '', 1, 'ABY0130', 130, 100129, 1, 1, 1, 'temp.jpg', '2022-01-12 14:54:52', NULL, 1, 1, 0),
(138, 21, 'anu', 'Prabhu', 1, '28', '', '1994-01-12', 14, '9790222556', NULL, NULL, '', 6, '', 14, 'ABY0131', 131, 100130, 1, 1, 1, 'temp.jpg', '2022-01-12 16:07:43', NULL, 1, 1, 0),
(139, 21, 'Ramanikanth', '', 1, '23', '', '1999-01-13', 15, '1234567890', NULL, NULL, '', 0, '', 1, 'ABY0132', 132, 100131, 1, 1, 1, 'temp.jpg', '2022-01-13 16:14:54', NULL, 1, 1, 0),
(140, 21, 'anup', '', 1, '34', '', '1988-01-14', 14, '1234567890', NULL, NULL, '', 0, '', 1, 'ABY0133', 133, 100132, 1, 1, 1, 'temp.jpg', '2022-01-14 05:34:29', NULL, 1, 1, 0),
(141, 21, 'RANJITH', '', 1, '23', '', '1999-01-17', 14, '9632587412', NULL, NULL, '', 0, '', 1, 'ABY0134', 134, 100133, 1, 1, 1, 'temp.jpg', '2022-01-17 06:06:32', NULL, 1, 1, 0),
(142, 21, 'ravikumar', '', 1, '23', '', '1999-01-18', 14, '1234567890', NULL, NULL, '', 0, '', 1, 'ABY0135', 135, 100134, 1, 1, 1, 'temp.jpg', '2022-01-18 13:44:58', NULL, 1, 1, 0),
(143, 21, 'yugandhar p', '', 1, '', '', '0000-00-00', 0, '', NULL, NULL, '', 0, '', 1, 'ABY0136', 136, 100135, 1, 1, 2, 'temp.jpg', '2022-01-18 13:51:20', NULL, 1, 1, 0),
(144, 21, 'ARIVALAGAN', '', 1, '64', '', '1958-01-19', 14, '9632587411', NULL, NULL, '', 0, '', 1, 'ABY0137', 137, 100136, 1, 1, 1, 'temp.jpg', '2022-01-19 04:48:05', NULL, 1, 1, 0),
(145, 22, 'ESWARI', '', 2, '58', '', '1964-01-19', 14, '9632587411', NULL, NULL, '', 7, '', 1, 'ABY0138', 138, 100137, 1, 1, 1, 'temp.jpg', '2022-01-19 06:56:20', NULL, 1, 1, 0),
(146, 21, 'PUAHPARAJ P', '', 1, '69', '3', '1952-10-19', 14, '9632587411', NULL, NULL, '', 0, '', 1, 'ABY0139', 139, 100138, 1, 1, 1, 'temp.jpg', '2022-01-19 06:57:42', NULL, 1, 1, 0),
(147, 21, 'GANESH R', '', 1, '31', '9', '1990-04-20', 15, '9632587411', NULL, NULL, 'ENNORE', 0, '', 1, 'ABY0140', 140, 100139, 1, 1, 1, 'temp.jpg', '2022-01-19 06:59:20', NULL, 1, 1, 0),
(148, 21, 'RAM KUMA', '', 1, '34', '5', '1987-08-20', 14, '1234567890', NULL, NULL, '', 0, '', 1, 'ABY0141', 141, 100140, 1, 1, 1, 'temp.jpg', '2022-01-19 12:39:25', NULL, 1, 1, 0),
(149, 22, 'Anitha', 'P', 2, '25', '9', '1996-04-20', 14, '7997563977', NULL, NULL, '', 0, '', 1, 'ABY0142', 142, 100141, 1, 1, 1, 'temp.jpg', '2022-01-19 15:24:27', NULL, 1, 1, 0),
(150, 21, 'Raghu Rama Raju', '', 1, '65', '', '1957-01-29', 14, '9000200369', NULL, NULL, '', 0, '', 1, 'ABY0143', 143, 100142, 1, 1, 1, 'temp.jpg', '2022-01-29 03:11:16', NULL, 1, 1, 0),
(151, 21, 'Nani', '', 1, '48', '', '1974-01-29', 14, '9632587412', NULL, NULL, '', 0, '', 1, 'ABY0144', 144, 100143, 1, 1, 1, 'temp.jpg', '2022-01-29 03:12:50', NULL, 1, 1, 0),
(152, 21, 'Ram Gopal', '', 1, '50', '', '1972-01-29', 14, '7410258963', NULL, NULL, '', 0, '', 1, 'ABY0145', 145, 100144, 1, 1, 1, 'temp.jpg', '2022-01-29 03:14:26', NULL, 1, 1, 0),
(153, 21, 'Chethan', '', 1, '5', '', '2017-01-29', 14, '7894561230', NULL, NULL, '', 0, '', 1, 'ABY0146', 146, 100145, 1, 1, 1, 'temp.jpg', '2022-01-29 03:16:25', NULL, 1, 1, 0),
(154, 21, 'RAM KUMA', '', 1, '23', '09', '1998-04-30', 14, '1234567890', NULL, NULL, '', 0, '', 1, 'ABY0147', 147, 100146, 1, 1, 1, 'temp.jpg', '2022-01-29 05:38:51', NULL, 1, 1, 0),
(155, 21, 'HARAN', '', 1, '23', '3', '1998-10-31', 14, '1234567898', NULL, NULL, '', 0, '', 1, 'ABY0148', 148, 100147, 1, 1, 1, 'temp.jpg', '2022-01-30 03:51:09', NULL, 1, 1, 0),
(156, 21, 'RRR', '', 1, '45', '', '1977-01-30', 14, '1234567898', NULL, NULL, '', 0, '', 1, 'ABY0149', 149, 100148, 1, 1, 1, 'temp.jpg', '2022-01-30 05:08:30', NULL, 1, 1, 0),
(157, 21, 'raguvaran', '', 1, '34', '', '1988-01-31', 14, '1234567892', NULL, NULL, '', 0, '', 1, 'ABY0150', 150, 100149, 1, 1, 1, 'temp.jpg', '2022-01-31 10:10:44', NULL, 1, 1, 0),
(158, 22, 'anitha', '', 2, '23', '', '1999-02-05', 14, '1234567890', NULL, NULL, '', 0, '', 1, 'ABY0151', 151, 100150, 1, 1, 1, 'temp.jpg', '2022-02-05 05:48:10', NULL, 1, 1, 0),
(159, 21, 'aone', '', 1, '28', '5', '1993-09-07', 14, '2589631475', NULL, NULL, '', 0, '', 1, 'ABY0152', 152, 100151, 1, 1, 1, 'temp.jpg', '2022-02-06 13:38:35', NULL, 1, 1, 0),
(160, 21, 'ravi kumar', '', 1, '28', '', '1994-02-06', 14, '1234567898', NULL, NULL, '', 0, '', 1, 'ABY0153', 153, 100152, 1, 1, 1, 'temp.jpg', '2022-02-06 14:38:15', NULL, 1, 1, 0),
(161, 21, 'Ram kumar', '', 1, '23', '', '1999-02-06', 14, '1234567898', NULL, NULL, '', 0, '', 1, 'ABY0154', 154, 100153, 1, 1, 1, 'temp.jpg', '2022-02-06 15:02:09', NULL, 104, 1, 0),
(162, 21, 'rrr', '', 1, '23', '', '1999-02-06', 14, '1234567898', NULL, NULL, '', 0, '', 1, 'ABY0155', 155, 100154, 1, 1, 1, 'temp.jpg', '2022-02-06 16:19:29', NULL, 1, 1, 0),
(163, 21, 'Dr madhi', '', 1, '23', '', '1999-02-09', 14, '12345678909', NULL, NULL, '', 0, '', 1, 'ABY0156', 156, 100155, 1, 1, 1, 'temp.jpg', '2022-02-09 15:24:19', NULL, 1, 1, 0),
(164, 21, 'kumar', '', 1, '23', '', '1999-02-10', 15, '12345678901', NULL, NULL, '', 0, '', 1, 'ABY0157', 157, 100156, 1, 1, 1, 'temp.jpg', '2022-02-10 15:17:20', NULL, 1, 1, 0),
(165, 21, 'tte', 'dfss', 1, '12', '', '2010-02-12', 14, '1234567894', NULL, NULL, '', 6, '12', 14, 'ABY0158', 158, 100157, 1, 1, 1, 'temp.jpg', '2022-02-12 15:29:41', NULL, 1, 1, 0),
(166, 21, '54654', '6546', 1, '54', '5', '1967-09-13', 14, '1234567891', NULL, NULL, '', 6, '', 1, 'ABY0159', 159, 100158, 1, 1, 1, 'temp.jpg', '2022-02-12 16:07:13', NULL, 1, 1, 0),
(167, 21, '54654', '6546', 1, '54', '5', '1967-09-13', 14, '1234567891', NULL, NULL, '', 6, '', 1, 'ABY0160', 160, 100159, 1, 1, 1, 'temp.jpg', '2022-02-12 16:08:25', NULL, 1, 1, 0),
(168, 21, 'VIKRAM', 'K', 1, '34', '', '1988-02-12', 14, '1234567890', NULL, NULL, '', NULL, '', 1, 'ABY0161', 161, 100160, 1, 1, 1, 'temp.jpg', '2022-02-12 17:38:35', '2022-02-12 17:39:30', 1, 1, 0),
(169, 22, 'SHALINI', '', 2, '34', '', '1988-02-12', 14, '9000234675', NULL, NULL, '', 0, '', 1, 'ABY0162', 162, 100161, 1, 1, 1, 'temp.jpg', '2022-02-12 17:40:56', NULL, 1, 1, 0),
(170, 21, 'VEDHA', '', 1, '4', '', '2018-02-12', 14, '1234567890', NULL, NULL, '', 0, '', 1, 'ABY0163', 163, 100162, 1, 1, 1, 'temp.jpg', '2022-02-12 17:42:40', NULL, 1, 1, 0),
(171, 22, 'sunny', '', 2, '23', '', '1999-02-12', 14, '3456789098', NULL, NULL, '', 7, '', 1, 'ABY0164', 164, 100163, 1, 1, 1, 'temp.jpg', '2022-02-12 17:55:32', NULL, 1, 1, 0),
(172, 21, '121212', '1212', 1, '1', '1', '2021-01-13', 14, '1234567891', NULL, NULL, '', 6, '1', 14, 'ABY0165', 165, 100164, 1, 1, 1, 'temp.jpg', '2022-02-13 03:18:24', NULL, 1, 1, 0),
(173, 21, '435', '435', 1, '4', '', '2018-02-13', 14, '1234567891', NULL, NULL, '', 6, '435', 14, 'ABY0166', 166, 100165, 1, 1, 1, 'temp.jpg', '2022-02-13 03:19:42', NULL, 1, 1, 0),
(174, 21, 'dsf', 'sdfsdf', 1, '12', '', '2010-02-13', 14, '12345678912', '12dsfsdfdsf', '1212', '12', 7, '12', 14, 'ABY0167', 167, 100166, 3, 1, 1, 'temp.jpg', '2022-02-13 15:05:17', '2022-02-13 15:05:48', 1, 1, 0),
(175, 21, '325423', '325', 1, '3', '', '2019-02-13', 15, '(979)-022-2556', '3245', '25235', '235', 6, '235', 14, 'ABY0168', 168, 100167, 3, 1, 1, 'temp.jpg', '2022-02-13 15:24:21', NULL, 1, 1, 0),
(176, 21, 'JEEVAN', '', 1, '23', '', '1999-02-14', 14, '900-020-0252', '', '', '', 0, '', 1, 'ABY0169', 169, 100168, 3, 1, 1, 'temp.jpg', '2022-02-14 16:25:43', NULL, 1, 1, 0),
(177, 21, '1212', '1212', 1, '12', '1', '2010-01-15', 14, '123-456-7894', '', '', '', 6, '12', 14, 'ABY0170', 170, 100169, 1, 1, 3, 'temp.jpg', '2022-02-14 16:37:38', NULL, 1, 1, 0),
(178, 21, '213123', '213', 1, '21', '', '2001-02-14', 14, '979-022-2556', '', '', '12', 6, '', 14, 'ABY0171', 171, 100170, 1, 1, 1, 'temp.jpg', '2022-02-14 16:39:04', NULL, 1, 1, 0),
(179, 21, 'RAM KUMA', '', 1, '23', '', '1999-02-16', 0, '900-020-0987', '', '', '', 7, '', 1, 'ABY0172', 172, 100171, 1, 1, 1, 'temp.jpg', '2022-02-15 18:35:57', NULL, 1, 1, 0),
(180, 21, 'VIKRAM', '', 1, '23', '', '1999-02-19', 0, '900-011-2222', '', '', '', 0, '', 1, 'ABY0173', 173, 100172, 1, 1, 1, 'temp.jpg', '2022-02-19 15:43:11', NULL, 1, 1, 0),
(181, 21, 'CHEYTHAN', '', 1, '23', '', '1999-03-05', 0, '1234567890', '', '', '', 0, '', 1, 'ABY0174', 174, 100173, 1, 1, 1, 'temp.jpg', '2022-03-05 16:10:05', NULL, 1, 1, 0),
(183, 21, 'ravikumar', '', 1, '32', '', '1990-03-07', 0, '900-020-0345', '', '', '', 0, '', 1, 'ABY0175', 175, 100174, 1, 1, 1, 'temp.jpg', '2022-03-07 15:08:37', NULL, 1, 1, 0),
(184, 21, 'RAGH RAM', 'H', 1, '34', '6', '1987-09-07', 14, '914-869-3945', '', '', '', 0, '', 1, 'ABY0176', 176, 100175, 1, 1, 1, 'temp.jpg', '2022-03-08 06:54:32', NULL, 1, 1, 0),
(185, 21, 'KANTH', '', 1, '65', '', '1957-03-10', 14, '912-345-6789', '', '', '', 0, '', 1, 'ABY0177', 177, 100176, 1, 1, 3, 'temp.jpg', '2022-03-10 06:51:33', NULL, 1, 1, 0),
(186, 21, 'raj kumar', '', 1, '34', '3', '1987-12-13', 14, '900-045-6565', '', '', '', 0, '', 1, 'ABY0178', 178, 100177, 1, 1, 1, 'temp.jpg', '2022-03-14 10:05:14', NULL, 1, 1, 0),
(187, 21, 'TESTING 1', '', 1, '23', '', '1999-03-15', 0, '123-434-3456', '', '', '', 0, '', 1, 'ABY0179', 179, 100178, 1, 1, 1, 'temp.jpg', '2022-03-15 06:41:27', NULL, 1, 1, 0),
(188, 21, 'sdfds', 'fsdf', 1, '12', '', '2010-03-15', 0, '979-022-2556', '', '', '', 0, '', 1, 'ABY0180', 180, 100179, 1, 1, 1, 'temp.jpg', '2022-03-15 16:23:37', NULL, 1, 1, 0),
(189, 21, 'test1', '', 1, '23', '', '1999-03-16', 0, '123-456-7890', '', '', '', 7, '', 1, 'ABY0181', 181, 100180, 1, 1, 1, 'temp.jpg', '2022-03-16 09:52:06', NULL, 106, 1, 0),
(190, 21, 'test2', '', 1, '23', '', '1999-03-16', 0, '123-456-7890', '', '', '', 0, '', 1, 'ABY0182', 182, 100181, 1, 1, 1, 'temp.jpg', '2022-03-16 09:57:48', NULL, 106, 1, 0),
(191, 22, 'test3', 'P', 2, '34', '', '1988-03-15', 14, '234-567-6545', '', '', '', 8, '', 1, 'ABY0183', 183, 100182, 1, 1, 1, 'temp.jpg', '2022-03-16 09:59:13', '2022-03-16 10:11:24', 106, 1, 0),
(192, 21, 'test4', '', 1, '3', '', '2019-03-16', 0, '454-545-4545', '', '', '', 0, '', 1, 'ABY0184', 184, 100183, 1, 1, 1, 'temp.jpg', '2022-03-16 10:03:06', NULL, 106, 1, 0),
(193, 21, 'test5', '6', 1, '0', '8', '2021-07-16', 14, '908-765-4321', '', '', '', NULL, '', 1, 'ABY0185', 185, 100184, 1, 1, 1, 'temp.jpg', '2022-03-16 10:05:23', '2022-03-16 10:09:50', 106, 1, 0),
(194, 22, 'test7', '', 2, '0', '4', '2021-11-14', 0, '121-212-1212', '', '', '', 0, '', 1, 'ABY0186', 186, 100185, 1, 1, 1, 'temp.jpg', '2022-03-16 10:08:01', NULL, 106, 1, 0),
(195, 22, 'test6', 't', 2, '56', '', '1966-03-16', 0, '676-767-6767', '', '', '', 0, '', 1, 'ABY0187', 187, 100186, 1, 1, 1, 'temp.jpg', '2022-03-16 10:20:24', NULL, 106, 1, 0),
(196, 22, 'ANITHA YUGANDHAR', 'F', 2, '25', '', '1997-03-17', 14, '878-787-8787', '', '', '', NULL, '', 1, 'ABY0188', 188, 100187, 1, 1, 1, 'temp.jpg', '2022-03-17 07:09:28', '2022-03-17 07:10:15', 106, 1, 0),
(197, 21, 'YUGAND', 'F', 1, '34', '', '1988-03-16', 14, '676-767-6767', '', '', '', NULL, '', 1, 'ABY0189', 189, 100188, 1, 1, 1, 'temp.jpg', '2022-03-17 07:11:01', '2022-03-17 07:12:12', 106, 1, 0),
(198, 21, 'RAM KUMA', '', 1, '23', '', '1999-03-17', 0, '900-787-8789', '', '', '', 8, '', 1, 'ABY0190', 190, 100189, 1, 1, 1, 'temp.jpg', '2022-03-17 11:25:47', NULL, 106, 1, 0),
(199, 21, 'sdfsdf', 'sdfsd', 1, '12', '', '2010-03-17', 14, '123-456-7891', '', '', '', 0, '', 1, 'ABY0191', 191, 100190, 1, 1, 1, 'temp.jpg', '2022-03-17 16:54:08', NULL, 1, 1, 0),
(200, 21, 'test3', '', 1, '23', '', '1999-03-20', 0, '910-023-4332', '', '', '', 0, '', 1, 'ABY0192', 192, 100191, 1, 1, 1, 'temp.jpg', '2022-03-20 15:38:15', NULL, 1, 1, 0),
(201, 22, 'kavitha', 'k', 2, '34', '', '1988-03-27', 14, '900-034-5123', '', '', '', NULL, '', 1, 'ABY0193', 193, 100192, 1, 1, 1, 'temp.jpg', '2022-03-28 06:40:26', '2022-03-28 06:41:45', 1, 1, 0),
(202, 21, 'test3', '', 1, '33', '', '1989-03-30', 0, '232-232-2322', '', '', '', 0, '', 1, 'ABY0194', 194, 100193, 1, 1, 1, 'temp.jpg', '2022-03-30 09:23:18', NULL, 1, 1, 0),
(203, 21, 'test31', '', 1, '23', '', '1999-03-31', 0, '898-989-8989', '', '', '', 0, '', 1, 'ABY0195', 195, 100194, 1, 1, 1, 'temp.jpg', '2022-03-31 04:39:17', NULL, 1, 1, 0),
(204, 21, 'RAM KUMA', '', 1, '23', '', '1999-04-01', 14, '900-030-0456', '', '', '', 0, '', 1, 'ABY0196', 196, 100195, 1, 1, 1, 'temp.jpg', '2022-04-01 16:13:52', NULL, 1, 1, 0),
(205, 21, 'test31', 'P', 1, '23', '', '1999-04-02', 0, '090-909-0909', '', '', '', 0, '', 1, 'ABY0197', 197, 100196, 1, 1, 1, 'temp.jpg', '2022-04-02 10:50:29', NULL, 1, 1, 0),
(206, 21, 'JEEVAN', 'k', 1, '23', '', '1999-04-03', 14, '258-963-1478', '', '', '', 0, '', 1, 'ABY0198', 198, 100197, 1, 1, 1, 'temp.jpg', '2022-04-03 06:24:38', NULL, 1, 1, 0),
(207, 22, 'k anitha', 'F', 2, '25', '', '1997-04-04', 14, '787-878-7878', '', '', '', 0, '', 1, 'ABY0199', 199, 100198, 1, 1, 1, 'temp.jpg', '2022-04-04 07:05:29', NULL, 1, 1, 0),
(208, 21, 'RAGH RAM', '', 1, '34', '', '1988-04-04', 0, '787-878-7878', '', '', '', 0, '', 1, 'ABY0200', 200, 100199, 1, 1, 1, 'temp.jpg', '2022-04-05 04:09:24', NULL, 1, 1, 0),
(209, 21, 'RAM KUMA', '', 1, '23', '', '1999-04-10', 0, '676-767-6767', '', '', '', 0, '', 1, 'ABY0201', 201, 100200, 1, 1, 1, 'temp.jpg', '2022-04-10 14:47:45', NULL, 1, 1, 0),
(210, 21, 'raghu ram kumar', 'a', 1, '23', '', '1999-04-15', 14, '121-212-1212', '', '', '', NULL, '', 1, 'ABY0202', 202, 100201, 1, 1, 1, 'temp.jpg', '2022-04-15 05:17:00', '2022-04-15 05:44:22', 1, 1, 0),
(211, 21, 'test1', '', 1, '8', '', '2014-04-17', 14, '123-456-7891', '', '', '', 0, '', 1, 'ABY0203', 203, 100202, 1, 1, 4, 'temp.jpg', '2022-04-17 06:28:11', NULL, 1, 1, 0),
(212, 21, 'ramesh', '', 1, '23', '', '1999-04-18', 0, '123-456-7890', '', '', '', 0, '', 1, 'ABY0204', 204, 100203, 1, 1, 1, 'temp.jpg', '2022-04-18 10:20:47', NULL, 106, 1, 0),
(213, 21, 'RAM KUMA', '', 1, '45', '', '1977-04-23', 0, '787-878-7878', '', '', '', 8, '', 1, 'ABY0205', 205, 100204, 1, 1, 1, 'temp.jpg', '2022-04-23 07:37:59', NULL, 1, 1, 0),
(214, 21, 'RAM KUMA', '', 1, '34', '', '1988-04-24', 0, '', '', '', '', 0, '', 1, 'ABY0206', 206, 100205, 1, 1, 3, 'temp.jpg', '2022-04-25 05:21:54', NULL, 1, 1, 0),
(215, 21, 'GIRI', '', 1, '34', '', '1988-04-27', 0, '909-090-9090', '', '', '', 0, '', 1, 'ABY0207', 207, 100206, 1, 1, 1, 'temp.jpg', '2022-04-28 11:07:59', NULL, 1, 1, 0),
(216, 21, 'master', '', 1, '23', '', '1999-04-29', 0, '121-212-1211', '', '', '', 0, '', 1, 'ABY0208', 208, 100207, 1, 1, 1, 'temp.jpg', '2022-04-29 03:44:01', NULL, 104, 1, 0),
(217, 21, 'Sumathi', '', 2, '32', '', '1990-04-30', 0, '252-525-2525', '', '', '', 0, '', 1, 'ABY0209', 209, 100208, 1, 1, 1, 'temp.jpg', '2022-04-30 09:21:02', NULL, 1, 1, 0),
(218, 21, 'yugandhar', '', 1, '23', '', '1999-05-06', 0, '787-878-7878', '', '', '', 0, '', 1, 'ABY0210', 210, 100209, 1, 1, 1, 'temp.jpg', '2022-05-06 02:59:45', NULL, 1, 1, 0),
(219, 21, 'yugandhaf3', '', 1, '12', '', '2010-05-07', 0, '121-212-1212', '', '', '', 0, '', 1, 'ABY0211', 211, 100210, 2, 1, 1, 'temp.jpg', '2022-05-07 08:57:45', NULL, 1, 1, 0);

-- --------------------------------------------------------

--
-- Table structure for table `patient_title`
--

CREATE TABLE `patient_title` (
  `patient_title_id` int(5) NOT NULL,
  `name` varchar(100) COLLATE utf8_unicode_ci NOT NULL,
  `gender` int(5) NOT NULL DEFAULT '0' COMMENT '1:Male,2:Female,3:transgender',
  `description` text COLLATE utf8_unicode_ci NOT NULL,
  `status` int(10) NOT NULL DEFAULT '0',
  `office_id` int(10) NOT NULL,
  `login_id` int(10) NOT NULL,
  `parent_id` int(10) NOT NULL,
  `created_date` timestamp NOT NULL DEFAULT CURRENT_TIMESTAMP,
  `updated_date` timestamp NULL DEFAULT NULL ON UPDATE CURRENT_TIMESTAMP
) ENGINE=InnoDB DEFAULT CHARSET=utf8 COLLATE=utf8_unicode_ci;

--
-- Dumping data for table `patient_title`
--

INSERT INTO `patient_title` (`patient_title_id`, `name`, `gender`, `description`, `status`, `office_id`, `login_id`, `parent_id`, `created_date`, `updated_date`) VALUES
(21, 'Mr', 1, '', 1, 1, 1, 0, '2021-07-07 06:24:05', NULL),
(22, 'MRS', 2, '', 1, 1, 1, 0, '2021-07-12 10:02:19', NULL),
(23, 'MASTER', 1, '', 1, 1, 1, 0, '2021-07-12 10:02:43', NULL),
(24, 'SELVI', 2, '', 1, 1, 1, 0, '2021-07-12 10:02:51', NULL);

-- --------------------------------------------------------

--
-- Table structure for table `preoperative_appointment`
--

CREATE TABLE `preoperative_appointment` (
  `preoperative_appointment_id` int(5) NOT NULL,
  `patient_registration_id` int(25) DEFAULT NULL,
  `examination_treatmentplan_id` int(5) NOT NULL DEFAULT '0',
  `appointment_date` date NOT NULL,
  `alternate_phone` varchar(100) COLLATE utf8_unicode_ci NOT NULL,
  `appointment_type_id` int(5) DEFAULT NULL,
  `source_id` int(5) DEFAULT NULL,
  `reason` text COLLATE utf8_unicode_ci,
  `eye` int(5) NOT NULL COMMENT '1.left,2:right,3:both',
  `typeof_surgery_id` int(5) DEFAULT NULL,
  `particular_type` int(10) DEFAULT NULL,
  `admission_date` date DEFAULT NULL,
  `room_no` varchar(100) COLLATE utf8_unicode_ci DEFAULT NULL,
  `table_no` varchar(100) COLLATE utf8_unicode_ci DEFAULT NULL,
  `from_time` time NOT NULL,
  `to_time` time NOT NULL,
  `insurance_name` varchar(100) COLLATE utf8_unicode_ci DEFAULT NULL,
  `iol_power` varchar(100) COLLATE utf8_unicode_ci DEFAULT NULL,
  `iol_lens` varchar(100) COLLATE utf8_unicode_ci DEFAULT NULL,
  `operating_surgon` varchar(100) COLLATE utf8_unicode_ci DEFAULT NULL,
  `typeof_anthesia` varchar(100) COLLATE utf8_unicode_ci DEFAULT NULL,
  `usernamepre` int(5) DEFAULT NULL,
  `uhid` varchar(100) COLLATE utf8_unicode_ci NOT NULL,
  `coname` varchar(100) COLLATE utf8_unicode_ci NOT NULL,
  `society` varchar(100) COLLATE utf8_unicode_ci NOT NULL,
  `tpaname` varchar(100) COLLATE utf8_unicode_ci NOT NULL,
  `receiptno` varchar(100) COLLATE utf8_unicode_ci NOT NULL,
  `charge_id` int(5) DEFAULT NULL COMMENT '2:surgery,3:laser,3:injection,4:investigation',
  `cancel_flag` int(5) NOT NULL DEFAULT '0' COMMENT '0:no,1:yes',
  `office_id` int(5) NOT NULL,
  `parent_id` int(5) NOT NULL,
  `login_id` int(5) NOT NULL,
  `crerated_date` timestamp NOT NULL DEFAULT CURRENT_TIMESTAMP ON UPDATE CURRENT_TIMESTAMP,
  `updated_time` timestamp NOT NULL DEFAULT '0000-00-00 00:00:00'
) ENGINE=InnoDB DEFAULT CHARSET=utf8 COLLATE=utf8_unicode_ci;

--
-- Dumping data for table `preoperative_appointment`
--

INSERT INTO `preoperative_appointment` (`preoperative_appointment_id`, `patient_registration_id`, `examination_treatmentplan_id`, `appointment_date`, `alternate_phone`, `appointment_type_id`, `source_id`, `reason`, `eye`, `typeof_surgery_id`, `particular_type`, `admission_date`, `room_no`, `table_no`, `from_time`, `to_time`, `insurance_name`, `iol_power`, `iol_lens`, `operating_surgon`, `typeof_anthesia`, `usernamepre`, `uhid`, `coname`, `society`, `tpaname`, `receiptno`, `charge_id`, `cancel_flag`, `office_id`, `parent_id`, `login_id`, `crerated_date`, `updated_time`) VALUES
(1, 2, 18, '2022-02-06', '68568658', 0, NULL, '678768', 1, 0, NULL, '2022-02-06', '', '', '11:16:00', '10:18:00', '', '', '', '', '', NULL, '', '', '', '', '', NULL, 0, 1, 0, 104, '2022-02-11 17:50:19', '0000-00-00 00:00:00'),
(2, 2, 18, '2022-02-06', '', 0, NULL, '', 1, 0, NULL, '2022-02-06', '3434', '3434', '11:26:00', '10:28:00', '', '', '3434', '', '34', NULL, '', '', '', '', '', NULL, 0, 1, 0, 104, '2022-02-11 17:50:16', '0000-00-00 00:00:00'),
(3, 2, 20, '2022-02-06', '', 0, NULL, '', 1, 1, NULL, '2022-02-06', '', '', '22:58:00', '21:57:00', '', '', '', '', '', NULL, '', '', '', '', '', NULL, 0, 1, 0, 104, '2022-02-11 17:50:12', '0000-00-00 00:00:00'),
(4, 2, 19, '2022-02-06', '', 0, NULL, '', 1, 0, NULL, '2022-02-06', '', '', '23:00:00', '23:00:00', '', '', '', '', '', NULL, '', '', '', '', '', NULL, 0, 1, 0, 104, '2022-02-11 17:50:08', '0000-00-00 00:00:00'),
(5, 2, 24, '2022-02-06', '', 0, NULL, '', 1, 1, NULL, '2022-02-08', '1', 'a', '20:24:00', '20:25:00', '', '', '', '', '', NULL, '', '', '', '', '', NULL, 0, 1, 0, 1, '2022-02-11 17:50:05', '0000-00-00 00:00:00'),
(6, 2, 29, '2022-02-08', '', 0, NULL, '', 1, 9, 5, '2022-02-08', '1', '1', '00:00:00', '00:00:00', '14', '1', '1', '6', '8', NULL, '', '', '', '', '', 2, 1, 1, 0, 108, '2022-02-12 07:21:19', '0000-00-00 00:00:00'),
(7, 2, 0, '0000-00-00', '', 0, NULL, NULL, 1, 0, 0, '2022-02-08', '', '', '00:00:00', '00:00:00', '14', '', '', '', '', NULL, '', '', '', '', '', 2, 0, 1, 0, 1, '2022-02-11 17:50:23', '0000-00-00 00:00:00'),
(8, 2, 32, '2022-02-09', '', 0, NULL, '', 1, 9, 12, '2022-02-09', '1', '1', '00:00:00', '00:00:00', '14', '+22', 'supraphobe', '6', '8', NULL, '', '', '', '', '', 2, 0, 1, 0, 108, '2022-02-11 17:49:57', '0000-00-00 00:00:00'),
(9, 160, 0, '0000-00-00', '', 0, NULL, NULL, 1, 9, 8, '2022-02-09', '', '', '00:00:00', '00:00:00', '14', '', '', '6', '8', NULL, '', '', '', '', '', 2, 0, 1, 0, 1, '2022-02-09 16:09:54', '0000-00-00 00:00:00'),
(10, 2, 33, '2022-02-09', '', 0, NULL, '', 1, 9, 19, '2022-02-09', '', '', '00:00:00', '00:00:00', '14', '', '', '', '8', NULL, '', '', '', '', '', 3, 0, 1, 0, 108, '2022-02-11 17:49:53', '0000-00-00 00:00:00'),
(11, 2, 34, '2022-02-09', '', 0, NULL, '', 1, 0, 0, '2022-02-09', '', '', '00:00:00', '00:00:00', '14', '', '', '', '', NULL, '', '', '', '', '', 4, 0, 1, 0, 108, '2022-02-11 17:49:50', '0000-00-00 00:00:00'),
(12, 2, 35, '2022-02-10', '', 0, NULL, '', 1, 0, 0, '2022-02-10', '5', '1', '00:00:00', '00:00:00', '14', '+22.5', 'supraphobe', '6', '8', NULL, '', '', '', '', '', 2, 0, 1, 0, 108, '2022-02-11 17:50:27', '0000-00-00 00:00:00'),
(13, 2, 36, '2022-02-10', '', 0, NULL, '', 3, 10, 18, '2022-02-10', '', '', '00:00:00', '00:00:00', '14', '', '', '', '8', NULL, '', '', '', '', '', 3, 0, 1, 0, 108, '2022-02-11 17:50:32', '0000-00-00 00:00:00'),
(14, 2, 37, '2022-02-10', '', 0, NULL, '', 1, 0, 0, '2022-02-10', '', '', '00:00:00', '00:00:00', '14', '', '', '', '', NULL, '', '', '', '', '', 4, 0, 1, 0, 108, '2022-02-11 17:49:47', '0000-00-00 00:00:00'),
(17, 2, 43, '2022-02-12', '235', 0, NULL, '', 1, 0, 7, '2022-02-12', '', '', '00:00:00', '00:00:00', '14', '', '', '', '', NULL, '235', '435325', '235', '', '235235', 4, 0, 1, 0, 108, '2022-02-12 11:39:17', '0000-00-00 00:00:00'),
(19, 2, 0, '0000-00-00', '45', 0, NULL, NULL, 1, 0, 0, '2022-02-12', '', '', '00:00:00', '00:00:00', '14', '124', '214', '6', '8', NULL, '24', '21421', '4124', '24', '24', 2, 0, 1, 0, 1, '2022-02-12 12:06:37', '0000-00-00 00:00:00'),
(20, 4, 0, '0000-00-00', '2143', 0, NULL, NULL, 1, 9, 6, '2022-02-12', '23', '13', '00:00:00', '00:00:00', '14', '', '', '', '', NULL, '213', '213', '213', '213', '21', 2, 0, 1, 0, 1, '2022-02-12 12:23:45', '0000-00-00 00:00:00'),
(21, 2, 0, '0000-00-00', '2143', 0, NULL, NULL, 1, 9, 19, '2022-02-12', '23', '13', '00:00:00', '00:00:00', '14', '', '', '', '8', NULL, '213', '213', '213', '213', '21', 3, 0, 1, 0, 1, '2022-02-12 12:24:05', '0000-00-00 00:00:00'),
(22, 168, 44, '2022-02-12', '', 0, NULL, '', 1, 9, 0, '2022-02-12', '', '', '00:00:00', '00:00:00', '14', '', '', '', '', NULL, '', '', '', '', '', 2, 0, 1, 0, 108, '2022-02-12 17:51:53', '0000-00-00 00:00:00'),
(23, 184, 45, '2022-03-08', '', 0, NULL, '', 1, 9, 5, '2022-03-08', '', '', '00:00:00', '00:00:00', '14', '', '', '6', '8', NULL, '', '', '', '', '', 2, 0, 1, 0, 108, '2022-03-08 07:14:52', '0000-00-00 00:00:00'),
(24, 183, 48, '2022-03-12', '', 0, NULL, '', 1, 9, 5, '2022-03-12', '', '', '00:00:00', '00:00:00', '14', '', '', '6', '8', NULL, '', '', '', '', '', 2, 0, 1, 0, 108, '2022-03-12 05:06:57', '0000-00-00 00:00:00'),
(25, 2, 58, '2022-03-18', '', 0, NULL, '', 1, 0, 5, '2022-03-18', '', '', '00:00:00', '00:00:00', '14', '', '', '6', '8', NULL, '', '', '', '', '', 2, 0, 1, 0, 108, '2022-03-18 16:39:05', '0000-00-00 00:00:00'),
(26, 204, 61, '2022-04-01', '', 0, NULL, '', 1, 9, 16, '2022-04-01', '', '', '00:00:00', '00:00:00', '14', '', '', '6', '8', NULL, '', '', '', '', '', 2, 0, 1, 0, 108, '2022-04-01 17:02:20', '0000-00-00 00:00:00'),
(27, 218, 64, '2022-05-06', '', 0, NULL, '', 1, 9, 0, '2022-05-13', '', '', '00:00:00', '00:00:00', '14', '', '', '6', '8', NULL, '', '', '', '', '', 2, 0, 1, 0, 108, '2022-05-06 03:18:13', '0000-00-00 00:00:00');

-- --------------------------------------------------------

--
-- Table structure for table `referral_master`
--

CREATE TABLE `referral_master` (
  `referral_master_id` int(15) NOT NULL,
  `name` varchar(100) COLLATE utf8_unicode_ci NOT NULL,
  `mobileno` varchar(100) COLLATE utf8_unicode_ci NOT NULL,
  `place` varchar(100) COLLATE utf8_unicode_ci NOT NULL,
  `description` text COLLATE utf8_unicode_ci NOT NULL,
  `status` int(10) NOT NULL DEFAULT '0',
  `office_id` int(10) NOT NULL,
  `login_id` int(10) NOT NULL,
  `parent_id` int(10) NOT NULL,
  `created_date` timestamp NOT NULL DEFAULT CURRENT_TIMESTAMP,
  `updated_date` timestamp NULL DEFAULT NULL ON UPDATE CURRENT_TIMESTAMP
) ENGINE=InnoDB DEFAULT CHARSET=utf8 COLLATE=utf8_unicode_ci;

--
-- Dumping data for table `referral_master`
--

INSERT INTO `referral_master` (`referral_master_id`, `name`, `mobileno`, `place`, `description`, `status`, `office_id`, `login_id`, `parent_id`, `created_date`, `updated_date`) VALUES
(6, 'test', '', 'chennai', '', 1, 1, 1, 0, '2021-07-10 11:49:37', NULL),
(7, 'DR ABINAYA MD', '', 'NAMAKKAL', '', 1, 1, 1, 0, '2022-01-19 06:35:30', NULL),
(8, 'DR JEGADESH', '', 'NAMAKKAL', '', 1, 1, 1, 0, '2022-01-19 06:35:49', NULL),
(9, 'DR GOWSIK', '', 'SALEM', '', 1, 1, 1, 0, '2022-01-19 06:36:14', NULL),
(10, 'DR SAKTHIVEL', '', 'ATTUR', '', 1, 1, 1, 0, '2022-01-19 06:36:34', NULL),
(11, 'DR ASWINTH', '', 'SALEM', '', 1, 1, 1, 0, '2022-01-19 06:37:19', NULL);

-- --------------------------------------------------------

--
-- Table structure for table `refraction_master`
--

CREATE TABLE `refraction_master` (
  `refraction_master_id` int(11) NOT NULL,
  `eye_type` int(5) NOT NULL COMMENT '1:left,2:right',
  `ref_type` int(5) NOT NULL COMMENT '1:ucdva,2:ucnva,3:bcdva,4:bcnva,5:Sphere,6.:Cylinder,7:Axis',
  `action` int(5) NOT NULL DEFAULT '0' COMMENT '1:-,2+',
  `name` varchar(35) COLLATE utf8_unicode_ci NOT NULL,
  `description` text COLLATE utf8_unicode_ci NOT NULL,
  `status` int(5) NOT NULL DEFAULT '0' COMMENT '1:active,0:deactive',
  `refraction_type` int(11) NOT NULL COMMENT '1.Vision Master,2:Pin Hole,3.Best Correction,4:sphere,5.cylinder,6.axis:,7:Refraction',
  `office_id` int(5) NOT NULL,
  `login_id` int(5) NOT NULL,
  `parent_id` int(5) NOT NULL,
  `created_date` timestamp NOT NULL DEFAULT CURRENT_TIMESTAMP,
  `updated_date` timestamp NOT NULL DEFAULT CURRENT_TIMESTAMP ON UPDATE CURRENT_TIMESTAMP
) ENGINE=InnoDB DEFAULT CHARSET=utf8 COLLATE=utf8_unicode_ci;

--
-- Dumping data for table `refraction_master`
--

INSERT INTO `refraction_master` (`refraction_master_id`, `eye_type`, `ref_type`, `action`, `name`, `description`, `status`, `refraction_type`, `office_id`, `login_id`, `parent_id`, `created_date`, `updated_date`) VALUES
(484, 1, 5, 1, '0', '', 1, 7, 1, 1, 0, '2022-04-25 06:00:43', '2022-04-25 06:00:43'),
(485, 1, 5, 1, '0.25', '', 1, 7, 1, 1, 0, '2022-04-25 06:01:03', '2022-04-25 06:01:03'),
(486, 1, 5, 1, '0.50', '', 1, 7, 1, 1, 0, '2022-04-25 06:01:21', '2022-04-25 06:01:21'),
(487, 1, 5, 1, '0.75', '', 1, 7, 1, 1, 0, '2022-04-25 06:01:44', '2022-04-25 06:01:44'),
(488, 1, 5, 1, '1.00', '', 1, 7, 1, 1, 0, '2022-04-25 06:01:58', '2022-04-25 06:01:58'),
(489, 1, 5, 1, '1.25', '', 1, 7, 1, 1, 0, '2022-04-25 06:02:14', '2022-04-25 06:02:14'),
(490, 1, 5, 1, '1.50', '', 1, 7, 1, 1, 0, '2022-04-25 06:02:26', '2022-04-25 06:02:26'),
(491, 1, 5, 1, '1.75', '', 1, 7, 1, 1, 0, '2022-04-25 06:02:38', '2022-04-25 06:02:38'),
(492, 1, 5, 1, '2', '', 1, 7, 1, 1, 0, '2022-04-25 06:02:47', '2022-04-25 06:02:47'),
(493, 1, 5, 1, '2.25', '', 1, 7, 1, 1, 0, '2022-04-25 06:03:18', '2022-04-25 06:03:18'),
(494, 1, 5, 1, '2.50', '', 1, 7, 1, 1, 0, '2022-04-25 06:03:29', '2022-04-25 06:03:29'),
(495, 1, 5, 1, '2.75', '', 1, 7, 1, 1, 0, '2022-04-25 06:03:40', '2022-04-25 06:03:40'),
(496, 1, 5, 1, '3.00', '', 1, 7, 1, 1, 0, '2022-04-25 06:03:51', '2022-04-25 06:03:51'),
(497, 1, 5, 1, '3.25', '', 1, 7, 1, 1, 0, '2022-04-25 06:04:15', '2022-04-25 06:04:15'),
(498, 1, 5, 1, '3.50', '', 1, 7, 1, 1, 0, '2022-04-25 06:04:25', '2022-04-25 06:04:25'),
(499, 1, 5, 1, '3.75', '', 1, 7, 1, 1, 0, '2022-04-25 06:04:42', '2022-04-25 06:04:42'),
(500, 1, 5, 1, '4', '', 1, 7, 1, 1, 0, '2022-04-25 06:04:50', '2022-04-25 06:04:50'),
(501, 1, 5, 1, '4.25', '', 1, 7, 1, 1, 0, '2022-04-25 06:05:03', '2022-04-25 06:05:03'),
(502, 1, 5, 1, '4.50', '', 1, 7, 1, 1, 0, '2022-04-25 06:05:13', '2022-04-25 06:05:13'),
(503, 1, 5, 1, '4.75', '', 1, 7, 1, 1, 0, '2022-04-25 06:05:26', '2022-04-25 06:05:26'),
(504, 1, 5, 1, '5.00', '', 1, 7, 1, 1, 0, '2022-04-25 06:05:40', '2022-04-25 06:05:40'),
(505, 1, 5, 1, '5.25', '', 1, 7, 1, 1, 0, '2022-04-25 06:05:53', '2022-04-25 06:05:53'),
(506, 1, 5, 1, '5.50', '', 1, 7, 1, 1, 0, '2022-04-25 06:06:09', '2022-04-25 06:06:09'),
(507, 1, 5, 1, '5.75', '', 1, 7, 1, 1, 0, '2022-04-25 06:06:20', '2022-04-25 06:06:20'),
(508, 1, 5, 1, '6.00', '', 1, 7, 1, 1, 0, '2022-04-25 06:06:31', '2022-04-25 06:06:31'),
(509, 1, 5, 1, '6.25', '', 1, 7, 1, 1, 0, '2022-04-25 06:06:48', '2022-04-25 06:06:48'),
(510, 1, 5, 1, '6.50', '', 1, 7, 1, 1, 0, '2022-04-25 06:07:00', '2022-04-25 06:07:00'),
(511, 1, 5, 1, '6.75', '', 1, 7, 1, 1, 0, '2022-04-25 06:07:12', '2022-04-25 06:07:12'),
(512, 1, 5, 1, '7.00', '', 1, 7, 1, 1, 0, '2022-04-25 06:07:40', '2022-04-25 06:07:40'),
(513, 1, 5, 1, '7.25', '', 1, 7, 1, 1, 0, '2022-04-25 06:07:49', '2022-04-25 06:07:49'),
(514, 1, 5, 1, '7.50', '', 1, 7, 1, 1, 0, '2022-04-25 06:07:59', '2022-04-25 06:07:59'),
(515, 1, 5, 1, '7.75', '', 1, 7, 1, 1, 0, '2022-04-25 06:08:16', '2022-04-25 06:08:16'),
(516, 1, 5, 1, '8', '', 1, 7, 1, 1, 0, '2022-04-25 06:08:26', '2022-04-25 06:08:26'),
(517, 1, 5, 1, '8.25', '', 1, 7, 1, 1, 0, '2022-04-25 06:08:37', '2022-04-25 06:08:37'),
(518, 1, 5, 1, '8.50', '', 1, 7, 1, 1, 0, '2022-04-25 06:09:00', '2022-04-25 06:09:00'),
(519, 1, 5, 1, '8.75', '', 1, 7, 1, 1, 0, '2022-04-25 06:09:13', '2022-04-25 06:09:13'),
(520, 1, 5, 1, '9', '', 1, 7, 1, 1, 0, '2022-04-25 06:09:24', '2022-04-25 06:09:24'),
(521, 1, 5, 1, '9.25', '', 1, 7, 1, 1, 0, '2022-04-25 06:09:36', '2022-04-25 06:09:36'),
(522, 1, 5, 1, '9.50', '', 1, 7, 1, 1, 0, '2022-04-25 06:09:52', '2022-04-25 06:09:52'),
(523, 1, 5, 1, '9.75', '', 1, 7, 1, 1, 0, '2022-04-25 06:10:02', '2022-04-25 06:10:02'),
(524, 1, 5, 1, '10', '', 1, 7, 1, 1, 0, '2022-04-25 06:10:10', '2022-04-25 06:10:10'),
(525, 1, 5, 2, '0', '', 1, 7, 1, 1, 0, '2022-04-25 06:14:22', '2022-04-25 06:14:22'),
(526, 1, 5, 2, '0.25', '', 1, 7, 1, 1, 0, '2022-04-25 06:14:39', '2022-04-25 06:14:39'),
(527, 1, 5, 2, '0.50', '', 1, 7, 1, 1, 0, '2022-04-25 06:14:50', '2022-04-25 06:14:50'),
(528, 1, 5, 2, '0.75', '', 1, 7, 1, 1, 0, '2022-04-25 06:15:02', '2022-04-25 06:15:02'),
(529, 1, 5, 2, '1.00', '', 1, 7, 1, 1, 0, '2022-04-25 06:15:12', '2022-04-25 06:15:12'),
(530, 1, 5, 2, '1.25', '', 1, 7, 1, 1, 0, '2022-04-25 06:15:24', '2022-04-25 06:15:24'),
(531, 1, 5, 2, '1.50', '', 1, 7, 1, 1, 0, '2022-04-25 06:15:36', '2022-04-25 06:15:36'),
(532, 1, 5, 2, '1.75', '', 1, 7, 1, 1, 0, '2022-04-25 06:15:48', '2022-04-25 06:15:48'),
(533, 1, 5, 2, '2', '', 1, 7, 1, 1, 0, '2022-04-25 06:15:57', '2022-04-25 06:15:57'),
(534, 1, 5, 2, '2.25', '', 1, 7, 1, 1, 0, '2022-04-25 06:16:07', '2022-04-25 06:16:07'),
(535, 1, 5, 2, '2.50', '', 1, 7, 1, 1, 0, '2022-04-25 06:17:04', '2022-04-25 06:17:04'),
(536, 1, 5, 2, '2.75', '', 1, 7, 1, 1, 0, '2022-04-25 06:17:15', '2022-04-25 06:17:15'),
(537, 1, 5, 2, '3.00', '', 1, 7, 1, 1, 0, '2022-04-25 06:17:25', '2022-04-25 06:17:25'),
(538, 1, 5, 2, '3.25', '', 1, 7, 1, 1, 0, '2022-04-25 06:17:36', '2022-04-25 06:17:36'),
(539, 1, 5, 2, '3.50', '', 1, 7, 1, 1, 0, '2022-04-25 06:17:47', '2022-04-25 06:17:47'),
(540, 1, 5, 2, '3.75', '', 1, 7, 1, 1, 0, '2022-04-25 06:18:02', '2022-04-25 06:18:02'),
(541, 1, 5, 2, '4', '', 1, 7, 1, 1, 0, '2022-04-25 06:18:12', '2022-04-25 06:18:12'),
(542, 1, 5, 2, '4.25', '', 1, 7, 1, 1, 0, '2022-04-25 06:18:28', '2022-04-25 06:18:28'),
(543, 1, 5, 2, '4.50', '', 1, 7, 1, 1, 0, '2022-04-25 06:18:39', '2022-04-25 06:18:39'),
(544, 1, 5, 2, '4.75', '', 1, 7, 1, 1, 0, '2022-04-25 06:18:51', '2022-04-25 06:18:51'),
(545, 1, 5, 2, '5', '', 1, 7, 1, 1, 0, '2022-04-25 06:18:59', '2022-04-25 06:18:59'),
(546, 1, 5, 2, '5.25', '', 1, 7, 1, 1, 0, '2022-04-25 06:19:14', '2022-04-25 06:19:14'),
(547, 1, 5, 2, '5.50', '', 1, 7, 1, 1, 0, '2022-04-25 06:19:25', '2022-04-25 06:19:25'),
(548, 1, 5, 2, '5.75', '', 1, 7, 1, 1, 0, '2022-04-25 06:19:39', '2022-04-25 06:19:39'),
(549, 1, 5, 2, '6', '', 1, 7, 1, 1, 0, '2022-04-25 06:19:49', '2022-04-25 06:19:49'),
(550, 1, 5, 2, '6.25', '', 1, 7, 1, 1, 0, '2022-04-25 06:20:07', '2022-04-25 06:20:07'),
(551, 1, 5, 2, '6.50', '', 1, 7, 1, 1, 0, '2022-04-25 06:20:18', '2022-04-25 06:20:18'),
(552, 1, 5, 2, '6.75', '', 1, 7, 1, 1, 0, '2022-04-25 06:20:29', '2022-04-25 06:20:29'),
(553, 1, 5, 2, '7', '', 1, 7, 1, 1, 0, '2022-04-25 06:20:39', '2022-04-25 06:20:39'),
(554, 1, 5, 2, '7.25', '', 1, 7, 1, 1, 0, '2022-04-25 06:20:52', '2022-04-25 06:20:52'),
(555, 1, 5, 2, '7.50', '', 1, 7, 1, 1, 0, '2022-04-25 06:21:04', '2022-04-25 06:21:04'),
(556, 1, 5, 2, '7.75', '', 1, 7, 1, 1, 0, '2022-04-25 06:21:15', '2022-04-25 06:21:15'),
(557, 1, 5, 2, '8', '', 1, 7, 1, 1, 0, '2022-04-25 06:24:15', '2022-04-25 06:24:15'),
(558, 1, 5, 2, '8.25', '', 1, 7, 1, 1, 0, '2022-04-25 06:24:28', '2022-04-25 06:24:28'),
(559, 1, 5, 2, '8.50', '', 1, 7, 1, 1, 0, '2022-04-25 06:24:41', '2022-04-25 06:24:41'),
(560, 1, 5, 2, '8.75', '', 1, 7, 1, 1, 0, '2022-04-25 06:24:51', '2022-04-25 06:24:51'),
(561, 1, 5, 2, '9', '', 1, 7, 1, 1, 0, '2022-04-25 06:25:01', '2022-04-25 06:25:01'),
(562, 1, 5, 2, '9.25', '', 1, 7, 1, 1, 0, '2022-04-25 06:25:14', '2022-04-25 06:25:14'),
(563, 1, 5, 2, '9.50', '', 1, 7, 1, 1, 0, '2022-04-25 06:25:27', '2022-04-25 06:25:27'),
(564, 1, 5, 2, '9.57', '', 1, 7, 1, 1, 0, '2022-04-25 06:25:39', '2022-04-25 06:25:39'),
(565, 1, 5, 2, '10', '', 1, 7, 1, 1, 0, '2022-04-25 06:25:48', '2022-04-25 06:25:48'),
(566, 1, 6, 1, '0.00', '', 1, 7, 1, 1, 0, '2022-04-25 06:28:26', '2022-04-25 06:28:26'),
(567, 1, 6, 1, '0.25', '', 1, 7, 1, 1, 0, '2022-04-25 06:28:54', '2022-04-25 06:28:54'),
(568, 1, 6, 1, '0.50', '', 1, 7, 1, 1, 0, '2022-04-25 06:29:06', '2022-04-25 06:29:06'),
(569, 1, 6, 1, '0.75', '', 1, 7, 1, 1, 0, '2022-04-25 06:29:20', '2022-04-25 06:29:20'),
(570, 1, 6, 1, '1', '', 1, 7, 1, 1, 0, '2022-04-25 06:29:34', '2022-04-25 06:29:34'),
(571, 1, 6, 1, '1.25', '', 1, 7, 1, 1, 0, '2022-04-25 06:29:47', '2022-04-25 06:29:47'),
(572, 1, 6, 1, '1.50', '', 1, 7, 1, 1, 0, '2022-04-25 06:29:59', '2022-04-25 06:29:59'),
(573, 1, 6, 1, '1.75', '', 1, 7, 1, 1, 0, '2022-04-25 06:30:11', '2022-04-25 06:30:11'),
(574, 1, 6, 1, '2.00', '', 1, 7, 1, 1, 0, '2022-04-25 06:30:23', '2022-04-25 06:30:23'),
(575, 1, 6, 1, '2.25', '', 1, 7, 1, 1, 0, '2022-04-25 06:30:37', '2022-04-25 06:30:37'),
(576, 1, 6, 1, '2.50', '', 1, 7, 1, 1, 0, '2022-04-25 06:30:49', '2022-04-25 06:30:49'),
(577, 1, 6, 1, '2.75', '', 1, 7, 1, 1, 0, '2022-04-25 06:31:03', '2022-04-25 06:31:03'),
(578, 1, 6, 1, '3.00', '', 1, 7, 1, 1, 0, '2022-04-25 06:31:17', '2022-04-25 06:31:17'),
(579, 1, 6, 1, '3.25', '', 1, 7, 1, 1, 0, '2022-04-25 06:31:42', '2022-04-25 06:31:42'),
(580, 1, 6, 1, '3.50', '', 1, 7, 1, 1, 0, '2022-04-25 06:31:57', '2022-04-25 06:31:57'),
(581, 1, 6, 1, '3.75', '', 1, 7, 1, 1, 0, '2022-04-25 06:32:10', '2022-04-25 06:32:10'),
(582, 1, 6, 1, '4.00', '', 1, 7, 1, 1, 0, '2022-04-25 06:32:24', '2022-04-25 06:32:24'),
(583, 1, 6, 1, '4.25', '', 1, 7, 1, 1, 0, '2022-04-25 06:32:36', '2022-04-25 06:32:36'),
(584, 1, 6, 1, '4.50', '', 1, 7, 1, 1, 0, '2022-04-25 06:32:48', '2022-04-25 06:32:48'),
(585, 1, 6, 1, '4.75', '', 1, 7, 1, 1, 0, '2022-04-25 06:32:58', '2022-04-25 06:32:58'),
(586, 1, 6, 1, '5.00', '', 1, 7, 1, 1, 0, '2022-04-25 06:33:08', '2022-04-25 06:33:08'),
(587, 1, 6, 1, '5.25', '', 1, 7, 1, 1, 0, '2022-04-25 06:33:24', '2022-04-25 06:33:24'),
(588, 1, 6, 1, '5.50', '', 1, 7, 1, 1, 0, '2022-04-25 06:33:38', '2022-04-25 06:33:38'),
(589, 1, 6, 1, '5.75', '', 1, 7, 1, 1, 0, '2022-04-25 06:33:50', '2022-04-25 06:33:50'),
(590, 1, 6, 1, '6', '', 1, 7, 1, 1, 0, '2022-04-25 06:34:00', '2022-04-25 06:34:00'),
(607, 1, 6, 2, '00', '', 1, 7, 1, 1, 0, '2022-04-25 06:51:58', '2022-04-25 06:51:58'),
(608, 1, 6, 2, '0.25', '', 1, 7, 1, 1, 0, '2022-04-25 06:52:23', '2022-04-25 06:52:23'),
(609, 1, 6, 2, '0.50', '', 1, 7, 1, 1, 0, '2022-04-25 06:52:36', '2022-04-25 06:52:36'),
(610, 1, 6, 2, '0.75', '', 1, 7, 1, 1, 0, '2022-04-25 06:52:49', '2022-04-25 06:52:49'),
(611, 1, 6, 2, '1.00', '', 1, 7, 1, 1, 0, '2022-04-25 06:52:59', '2022-04-25 06:52:59'),
(612, 1, 6, 2, '1.25', '', 1, 7, 1, 1, 0, '2022-04-25 06:53:09', '2022-04-25 06:53:09'),
(613, 1, 6, 2, '1.50', '', 1, 7, 1, 1, 0, '2022-04-25 06:53:23', '2022-04-25 06:53:23'),
(614, 1, 6, 2, '1.75', '', 1, 7, 1, 1, 0, '2022-04-25 06:53:45', '2022-04-25 06:53:45'),
(615, 1, 6, 2, '2.00', '', 1, 7, 1, 1, 0, '2022-04-25 06:53:56', '2022-04-25 06:53:56'),
(616, 1, 6, 2, '2.25', '', 1, 7, 1, 1, 0, '2022-04-25 06:54:07', '2022-04-25 06:54:07'),
(617, 1, 6, 2, '2.50', '', 1, 7, 1, 1, 0, '2022-04-25 06:54:21', '2022-04-25 06:54:21'),
(618, 1, 6, 2, '2.75', '', 1, 7, 1, 1, 0, '2022-04-25 06:58:45', '2022-04-25 06:58:45'),
(619, 1, 6, 2, '3.00', '', 1, 7, 1, 1, 0, '2022-04-25 07:02:09', '2022-04-25 07:02:09'),
(620, 1, 6, 2, '3.25', '', 1, 7, 1, 1, 0, '2022-04-25 07:02:21', '2022-04-25 07:02:21'),
(621, 1, 6, 2, '3.50', '', 1, 7, 1, 1, 0, '2022-04-25 07:02:37', '2022-04-25 07:02:37'),
(622, 1, 6, 2, '3.75', '', 1, 7, 1, 1, 0, '2022-04-25 07:02:53', '2022-04-25 07:02:53'),
(623, 1, 6, 2, '4.00', '', 1, 7, 1, 1, 0, '2022-04-25 07:03:12', '2022-04-25 07:03:12'),
(624, 1, 6, 2, '4.25', '', 1, 7, 1, 1, 0, '2022-04-25 07:03:26', '2022-04-25 07:03:26'),
(625, 1, 6, 2, '4.50', '', 1, 7, 1, 1, 0, '2022-04-25 07:03:46', '2022-04-25 07:03:46'),
(626, 1, 6, 2, '4.75', '', 1, 7, 1, 1, 0, '2022-04-25 07:04:02', '2022-04-25 07:04:02'),
(627, 1, 6, 2, '5.00', '', 1, 7, 1, 1, 0, '2022-04-25 07:04:15', '2022-04-25 07:04:15'),
(628, 1, 6, 2, '5.25', '', 1, 7, 1, 1, 0, '2022-04-25 07:04:36', '2022-04-25 07:04:36'),
(629, 1, 6, 2, '5.50', '', 1, 7, 1, 1, 0, '2022-04-25 07:04:46', '2022-04-25 07:04:46'),
(630, 1, 6, 2, '5.75', '', 1, 7, 1, 1, 0, '2022-04-25 07:04:58', '2022-04-25 07:04:58'),
(631, 1, 6, 2, '6.00', '', 1, 7, 1, 1, 0, '2022-04-25 07:05:13', '2022-04-25 07:05:13'),
(648, 1, 7, 0, '5', '', 1, 7, 1, 1, 0, '2022-04-25 07:11:33', '2022-04-25 07:11:33'),
(649, 1, 7, 0, '10', '', 1, 7, 1, 1, 0, '2022-04-25 07:11:43', '2022-04-25 07:11:43'),
(650, 1, 7, 0, '15', '', 1, 7, 1, 1, 0, '2022-04-25 07:11:51', '2022-04-25 07:11:51'),
(651, 1, 7, 0, '20', '', 1, 7, 1, 1, 0, '2022-04-25 07:12:02', '2022-04-25 07:12:02'),
(652, 1, 7, 0, '25', '', 1, 7, 1, 1, 0, '2022-04-25 07:12:09', '2022-04-25 07:12:09'),
(653, 1, 7, 0, '30', '', 1, 7, 1, 1, 0, '2022-04-25 07:12:25', '2022-04-25 07:12:25'),
(654, 1, 7, 0, '35', '', 1, 7, 1, 1, 0, '2022-04-25 07:12:36', '2022-04-25 07:12:36'),
(655, 1, 7, 0, '40', '', 1, 7, 1, 1, 0, '2022-04-25 07:12:44', '2022-04-25 07:12:44'),
(656, 1, 7, 0, '45', '', 1, 7, 1, 1, 0, '2022-04-25 07:12:55', '2022-04-25 07:12:55'),
(657, 1, 7, 0, '50', '', 1, 7, 1, 1, 0, '2022-04-25 07:13:02', '2022-04-25 07:13:02'),
(658, 1, 7, 0, '55', '', 1, 7, 1, 1, 0, '2022-04-25 07:13:11', '2022-04-25 07:13:11'),
(659, 1, 7, 0, '60', '', 1, 7, 1, 1, 0, '2022-04-25 07:13:23', '2022-04-25 07:13:23'),
(660, 1, 7, 0, '65', '', 1, 7, 1, 1, 0, '2022-04-25 07:13:33', '2022-04-25 07:13:33'),
(661, 1, 7, 0, '70', '', 1, 7, 1, 1, 0, '2022-04-25 07:13:40', '2022-04-25 07:13:40'),
(662, 1, 7, 0, '75', '', 1, 7, 1, 1, 0, '2022-04-25 07:13:48', '2022-04-25 07:13:48'),
(663, 1, 7, 0, '80', '', 1, 7, 1, 1, 0, '2022-04-25 07:13:57', '2022-04-25 07:13:57'),
(664, 1, 7, 0, '85', '', 1, 7, 1, 1, 0, '2022-04-25 07:14:07', '2022-04-25 07:14:07'),
(665, 1, 7, 0, '90', '', 1, 7, 1, 1, 0, '2022-04-25 07:26:03', '2022-04-25 07:26:03'),
(666, 1, 7, 0, '95', '', 1, 7, 1, 1, 0, '2022-04-25 07:26:11', '2022-04-25 07:26:11'),
(667, 1, 7, 0, '100', '', 1, 7, 1, 1, 0, '2022-04-25 07:26:55', '2022-04-25 07:26:55'),
(668, 1, 7, 0, '105', '', 1, 7, 1, 1, 0, '2022-04-25 07:27:07', '2022-04-25 07:27:07'),
(669, 1, 7, 0, '110', '', 1, 7, 1, 1, 0, '2022-04-25 07:27:15', '2022-04-25 07:27:15'),
(670, 1, 7, 0, '115', '', 1, 7, 1, 1, 0, '2022-04-25 07:27:24', '2022-04-25 07:27:24'),
(671, 1, 7, 0, '120', '', 1, 7, 1, 1, 0, '2022-04-25 07:27:35', '2022-04-25 07:27:35'),
(672, 1, 7, 0, '125', '', 1, 7, 1, 1, 0, '2022-04-25 07:27:45', '2022-04-25 07:27:45'),
(673, 1, 7, 0, '130', '', 1, 7, 1, 1, 0, '2022-04-25 07:28:15', '2022-04-25 07:28:15'),
(674, 1, 7, 0, '135', '', 1, 7, 1, 1, 0, '2022-04-25 07:28:24', '2022-04-25 07:28:24'),
(675, 1, 7, 0, '140', '', 1, 7, 1, 1, 0, '2022-04-25 07:28:42', '2022-04-25 07:28:42'),
(676, 1, 7, 0, '145', '', 1, 7, 1, 1, 0, '2022-04-25 07:28:56', '2022-04-25 07:28:56'),
(677, 1, 7, 0, '150', '', 1, 7, 1, 1, 0, '2022-04-25 07:29:07', '2022-04-25 07:29:07'),
(678, 1, 7, 0, '155', '', 1, 7, 1, 1, 0, '2022-04-25 07:29:16', '2022-04-25 07:29:16'),
(679, 1, 7, 0, '160', '', 1, 7, 1, 1, 0, '2022-04-25 07:29:30', '2022-04-25 07:29:30'),
(680, 1, 7, 0, '165', '', 1, 7, 1, 1, 0, '2022-04-25 07:29:38', '2022-04-25 07:29:38'),
(681, 1, 7, 0, '170', '', 1, 7, 1, 1, 0, '2022-04-25 07:29:47', '2022-04-25 07:29:47'),
(682, 1, 7, 0, '175', '', 1, 7, 1, 1, 0, '2022-04-25 07:29:58', '2022-04-25 07:29:58'),
(683, 1, 7, 0, '180', '', 1, 7, 1, 1, 0, '2022-04-25 07:30:13', '2022-04-25 07:30:13'),
(684, 1, 0, 0, '0.75', '', 1, 7, 1, 1, 0, '2022-04-25 07:40:25', '2022-04-25 07:47:01'),
(685, 1, 9, 0, '1', '', 1, 7, 1, 1, 0, '2022-04-25 07:47:14', '2022-04-25 07:47:14'),
(686, 1, 9, 0, '1.25', '', 1, 7, 1, 1, 0, '2022-04-25 07:47:25', '2022-04-25 07:47:25'),
(687, 1, 9, 0, '1.50', '', 1, 7, 1, 1, 0, '2022-04-25 07:47:35', '2022-04-25 07:47:35'),
(688, 1, 9, 0, '1.75', '', 1, 7, 1, 1, 0, '2022-04-25 07:47:45', '2022-04-25 07:47:45'),
(689, 1, 9, 0, '2', '', 1, 7, 1, 1, 0, '2022-04-25 07:47:55', '2022-04-25 07:47:55'),
(690, 1, 9, 0, '2.25', '', 1, 7, 1, 1, 0, '2022-04-25 07:48:02', '2022-04-25 07:48:02'),
(691, 1, 9, 0, '2.50', '', 1, 7, 1, 1, 0, '2022-04-25 07:48:11', '2022-04-25 07:48:11'),
(692, 1, 9, 0, '2.75', '', 1, 7, 1, 1, 0, '2022-04-25 07:48:22', '2022-04-25 07:48:22'),
(693, 1, 9, 0, '3', '', 1, 7, 1, 1, 0, '2022-04-25 07:48:30', '2022-04-25 07:48:30'),
(694, 1, 9, 0, '3.25', '', 1, 7, 1, 1, 0, '2022-04-25 07:48:39', '2022-04-25 07:48:39'),
(695, 1, 0, 0, '3.50', '', 1, 7, 1, 1, 0, '2022-04-25 07:48:48', '2022-04-25 07:48:57'),
(696, 1, 9, 0, '3.75', '', 1, 7, 1, 1, 0, '2022-04-25 07:49:08', '2022-04-25 07:49:08'),
(697, 1, 9, 0, '4', '', 1, 7, 1, 1, 0, '2022-04-25 07:49:18', '2022-04-25 07:49:18'),
(698, 1, 8, 0, '6/6', '', 1, 7, 1, 1, 0, '2022-04-25 07:49:31', '2022-04-25 07:49:31'),
(699, 1, 8, 0, '6/6P', '', 1, 7, 1, 1, 0, '2022-04-25 07:49:45', '2022-04-25 07:49:45'),
(700, 1, 8, 0, '6/9', '', 1, 7, 1, 1, 0, '2022-04-25 07:50:05', '2022-04-25 07:50:05'),
(701, 1, 8, 0, '6/9P', '', 1, 7, 1, 1, 0, '2022-04-25 07:50:15', '2022-04-25 07:50:15'),
(702, 1, 8, 0, '6/12', '', 1, 7, 1, 1, 0, '2022-04-25 07:50:36', '2022-04-25 07:50:36'),
(703, 1, 8, 0, '6/12P', '', 1, 7, 1, 1, 0, '2022-04-25 07:50:48', '2022-04-25 07:50:48'),
(704, 1, 8, 0, '6/18', '', 1, 7, 1, 1, 0, '2022-04-25 07:51:01', '2022-04-25 07:51:01'),
(705, 1, 8, 0, '6/18P', '', 1, 7, 1, 1, 0, '2022-04-25 07:51:16', '2022-04-25 07:51:16'),
(706, 1, 8, 0, '6/24', '', 1, 7, 1, 1, 0, '2022-04-25 07:51:29', '2022-04-25 07:51:29'),
(707, 1, 8, 0, '6/24P', '', 1, 7, 1, 1, 0, '2022-04-25 07:51:38', '2022-04-25 07:51:38'),
(708, 1, 10, 0, 'N6', '', 1, 7, 1, 1, 0, '2022-04-25 07:51:46', '2022-04-25 07:51:46'),
(709, 1, 10, 0, 'N8', '', 1, 7, 1, 1, 0, '2022-04-25 07:51:55', '2022-04-25 07:51:55'),
(710, 1, 10, 0, 'N10', '', 1, 7, 1, 1, 0, '2022-04-25 07:52:06', '2022-04-25 07:52:06'),
(711, 1, 10, 0, 'N12', '', 1, 7, 1, 1, 0, '2022-04-25 07:52:14', '2022-04-25 07:52:14'),
(712, 1, 10, 0, 'N18', '', 1, 7, 1, 1, 0, '2022-04-25 07:52:26', '2022-04-25 07:52:26'),
(713, 1, 10, 0, 'N24', '', 1, 7, 1, 1, 0, '2022-04-25 07:52:38', '2022-04-25 07:52:38'),
(714, 2, 5, 1, '0', '', 1, 7, 1, 1, 0, '2022-04-25 08:50:14', '2022-04-25 08:50:14'),
(715, 2, 5, 1, '0.25', '', 1, 7, 1, 104, 0, '2022-04-25 08:50:59', '2022-04-25 08:50:59'),
(716, 2, 5, 1, '0.50', '', 1, 7, 1, 104, 0, '2022-04-25 08:51:15', '2022-04-25 08:51:15'),
(717, 2, 5, 1, '0.75', '', 1, 7, 1, 104, 0, '2022-04-25 08:51:28', '2022-04-25 08:51:28'),
(718, 2, 5, 1, '1.00', '', 1, 7, 1, 104, 0, '2022-04-25 08:51:40', '2022-04-25 08:51:40'),
(719, 2, 5, 1, '1.25', '', 1, 7, 1, 104, 0, '2022-04-25 08:51:54', '2022-04-25 08:51:54'),
(720, 2, 5, 1, '1.50', '', 1, 7, 1, 104, 0, '2022-04-25 08:52:09', '2022-04-25 08:52:09'),
(721, 2, 5, 1, '1.75', '', 1, 7, 1, 104, 0, '2022-04-25 08:52:21', '2022-04-25 08:52:21'),
(722, 2, 5, 1, '2.00', '', 1, 7, 1, 104, 0, '2022-04-25 08:52:38', '2022-04-25 08:52:38'),
(723, 2, 5, 1, '2.25', '', 1, 7, 1, 104, 0, '2022-04-25 08:52:48', '2022-04-25 08:52:48'),
(724, 2, 5, 1, '2.50', '', 1, 7, 1, 104, 0, '2022-04-25 08:53:02', '2022-04-25 08:53:02'),
(725, 2, 5, 1, '2.75', '', 1, 7, 1, 104, 0, '2022-04-25 08:53:19', '2022-04-25 08:53:19'),
(726, 2, 5, 1, '3.00', '', 1, 7, 1, 104, 0, '2022-04-25 08:53:30', '2022-04-25 08:53:30'),
(727, 2, 5, 1, '3.25', '', 1, 7, 1, 104, 0, '2022-04-25 08:53:44', '2022-04-25 08:54:02'),
(728, 2, 5, 1, '3.50', '', 1, 7, 1, 104, 0, '2022-04-25 08:54:09', '2022-04-25 08:54:09'),
(729, 2, 5, 1, '3.75', '', 1, 7, 1, 104, 0, '2022-04-25 08:54:23', '2022-04-25 08:54:23'),
(730, 2, 5, 1, '4.00', '', 1, 7, 1, 104, 0, '2022-04-25 08:54:35', '2022-04-25 08:54:35'),
(731, 2, 5, 1, '4.25', '', 1, 7, 1, 104, 0, '2022-04-25 08:54:47', '2022-04-25 08:54:47'),
(732, 2, 5, 1, '4.50', '', 1, 7, 1, 104, 0, '2022-04-25 08:54:59', '2022-04-25 08:54:59'),
(733, 2, 5, 1, '4.75', '', 1, 7, 1, 104, 0, '2022-04-25 08:55:11', '2022-04-25 08:55:11'),
(734, 2, 5, 1, '5.00', '', 1, 7, 1, 104, 0, '2022-04-25 08:55:24', '2022-04-25 08:55:24'),
(735, 2, 5, 1, '5.25', '', 1, 7, 1, 104, 0, '2022-04-25 08:55:53', '2022-04-25 08:55:53'),
(736, 2, 5, 1, '5.50', '', 1, 7, 1, 104, 0, '2022-04-25 08:56:03', '2022-04-25 08:56:03'),
(737, 2, 5, 1, '5.75', '', 1, 7, 1, 104, 0, '2022-04-25 08:56:14', '2022-04-25 08:56:14'),
(738, 2, 5, 1, '6.00', '', 1, 7, 1, 104, 0, '2022-04-25 08:56:26', '2022-04-25 08:56:26'),
(739, 2, 5, 1, '6.25', '', 1, 7, 1, 104, 0, '2022-04-25 08:56:37', '2022-04-25 08:56:37'),
(740, 2, 5, 1, '6.50', '', 1, 7, 1, 104, 0, '2022-04-25 08:56:48', '2022-04-25 08:56:48'),
(741, 2, 5, 1, '6.75', '', 1, 7, 1, 104, 0, '2022-04-25 08:57:00', '2022-04-25 08:57:00'),
(742, 2, 5, 1, '7.00', '', 1, 7, 1, 104, 0, '2022-04-25 08:57:12', '2022-04-25 08:57:12'),
(743, 2, 5, 1, '7.25', '', 1, 7, 1, 104, 0, '2022-04-25 08:57:25', '2022-04-25 08:57:25'),
(744, 2, 5, 1, '7.50', '', 1, 7, 1, 104, 0, '2022-04-25 08:57:38', '2022-04-25 08:57:38'),
(745, 2, 5, 1, '7.75', '', 1, 7, 1, 104, 0, '2022-04-25 08:57:55', '2022-04-25 08:57:55'),
(746, 2, 5, 1, '8', '', 1, 7, 1, 104, 0, '2022-04-25 08:58:07', '2022-04-25 08:58:07'),
(747, 2, 5, 1, '8.25', '', 1, 7, 1, 104, 0, '2022-04-25 08:58:17', '2022-04-25 08:58:17'),
(748, 2, 5, 1, '8.50', '', 1, 7, 1, 104, 0, '2022-04-25 08:58:33', '2022-04-25 08:58:33'),
(749, 2, 5, 1, '8.75', '', 1, 7, 1, 104, 0, '2022-04-25 09:05:53', '2022-04-25 09:05:53'),
(750, 2, 5, 1, '9.00', '', 1, 7, 1, 104, 0, '2022-04-25 09:06:02', '2022-04-25 09:06:02'),
(751, 2, 5, 1, '9.25', '', 1, 7, 1, 104, 0, '2022-04-25 09:08:09', '2022-04-25 09:08:09'),
(752, 2, 5, 1, '9.50', '', 1, 7, 1, 104, 0, '2022-04-25 09:08:21', '2022-04-25 09:08:21'),
(753, 2, 5, 1, '9.75', '', 1, 7, 1, 104, 0, '2022-04-25 09:08:34', '2022-04-25 09:08:34'),
(754, 2, 5, 1, '10.00', '', 1, 7, 1, 104, 0, '2022-04-25 09:08:49', '2022-04-25 09:08:49'),
(755, 2, 5, 2, '00', '', 1, 7, 1, 104, 0, '2022-04-25 09:10:18', '2022-04-25 09:10:18'),
(756, 2, 5, 2, '0.25', '', 1, 7, 1, 104, 0, '2022-04-25 09:10:34', '2022-04-25 09:10:34'),
(757, 2, 5, 2, '0.50', '', 1, 7, 1, 104, 0, '2022-04-25 09:10:46', '2022-04-25 09:10:46'),
(758, 2, 5, 2, '0.75', '', 1, 7, 1, 104, 0, '2022-04-25 09:10:57', '2022-04-25 09:10:57'),
(759, 2, 5, 2, '1.00', '', 1, 7, 1, 104, 0, '2022-04-25 09:11:09', '2022-04-25 09:11:09'),
(760, 2, 5, 2, '1.25', '', 1, 7, 1, 104, 0, '2022-04-25 09:11:22', '2022-04-25 09:11:22'),
(761, 2, 5, 2, '1.50', '', 1, 7, 1, 104, 0, '2022-04-25 09:11:35', '2022-04-25 09:11:35'),
(762, 2, 5, 2, '1.75', '', 1, 7, 1, 104, 0, '2022-04-25 09:11:48', '2022-04-25 09:11:48'),
(763, 2, 5, 2, '2.00', '', 1, 7, 1, 104, 0, '2022-04-25 09:11:58', '2022-04-25 09:11:58'),
(764, 2, 5, 2, '2.25', '', 1, 7, 1, 104, 0, '2022-04-25 09:12:08', '2022-04-25 09:12:08'),
(765, 2, 5, 2, '2.50', '', 1, 7, 1, 104, 0, '2022-04-25 09:12:19', '2022-04-25 09:12:19'),
(766, 2, 5, 2, '2.75', '', 1, 7, 1, 104, 0, '2022-04-25 09:12:32', '2022-04-25 09:12:32'),
(767, 2, 5, 2, '3.00', '', 1, 7, 1, 104, 0, '2022-04-25 09:12:42', '2022-04-25 09:12:42'),
(768, 2, 5, 2, '3.25', '', 1, 7, 1, 104, 0, '2022-04-25 09:13:34', '2022-04-25 09:13:34'),
(769, 2, 5, 2, '3.50', '', 1, 7, 1, 104, 0, '2022-04-25 09:14:20', '2022-04-25 09:14:20'),
(770, 2, 5, 2, '3.75', '', 1, 7, 1, 104, 0, '2022-04-25 09:14:32', '2022-04-25 09:14:32'),
(771, 2, 5, 2, '4.00', '', 1, 7, 1, 104, 0, '2022-04-25 09:14:44', '2022-04-25 09:14:44'),
(772, 2, 5, 2, '4.25', '', 1, 7, 1, 104, 0, '2022-04-25 09:14:58', '2022-04-25 09:14:58'),
(773, 2, 5, 2, '4.50', '', 1, 7, 1, 104, 0, '2022-04-25 09:15:09', '2022-04-25 09:15:09'),
(774, 2, 5, 2, '4.75', '', 1, 7, 1, 104, 0, '2022-04-25 09:15:20', '2022-04-25 09:15:20'),
(775, 2, 5, 2, '5.00', '', 1, 7, 1, 104, 0, '2022-04-25 09:15:30', '2022-04-25 09:15:30'),
(776, 2, 5, 2, '5.25', '', 1, 7, 1, 104, 0, '2022-04-25 09:15:42', '2022-04-25 09:15:42'),
(777, 2, 5, 2, '5.50', '', 1, 7, 1, 104, 0, '2022-04-25 09:15:52', '2022-04-25 09:15:52'),
(778, 2, 5, 2, '5.75', '', 1, 7, 1, 104, 0, '2022-04-25 09:16:03', '2022-04-25 09:16:03'),
(779, 2, 5, 2, '6.00', '', 1, 7, 1, 104, 0, '2022-04-25 09:16:14', '2022-04-25 09:16:14'),
(780, 2, 5, 2, '6.25', '', 1, 7, 1, 104, 0, '2022-04-25 09:16:26', '2022-04-25 09:16:26'),
(781, 2, 5, 2, '6.50', '', 1, 7, 1, 104, 0, '2022-04-25 09:16:40', '2022-04-25 09:16:40'),
(782, 2, 5, 2, '6.75', '', 1, 7, 1, 104, 0, '2022-04-25 09:20:18', '2022-04-25 09:20:18'),
(783, 2, 5, 2, '7.00', '', 1, 7, 1, 104, 0, '2022-04-25 09:20:29', '2022-04-25 09:20:29'),
(784, 2, 5, 2, '7.25', '', 1, 7, 1, 104, 0, '2022-04-25 09:20:52', '2022-04-25 09:20:52'),
(785, 2, 5, 2, '7.50', '', 1, 7, 1, 104, 0, '2022-04-25 09:21:02', '2022-04-25 09:21:02'),
(786, 2, 5, 2, '7.75', '', 1, 7, 1, 104, 0, '2022-04-25 09:21:12', '2022-04-25 09:21:12'),
(787, 2, 5, 2, '8.00', '', 1, 7, 1, 104, 0, '2022-04-25 09:21:23', '2022-04-25 09:21:23'),
(788, 2, 5, 2, '8.25', '', 1, 7, 1, 104, 0, '2022-04-25 09:21:33', '2022-04-25 09:21:33'),
(789, 2, 5, 2, '8.50', '', 1, 7, 1, 104, 0, '2022-04-25 09:21:44', '2022-04-25 09:21:44'),
(790, 2, 5, 2, '8.75', '', 1, 7, 1, 104, 0, '2022-04-25 09:21:58', '2022-04-25 09:21:58'),
(791, 2, 5, 2, '9.00', '', 1, 7, 1, 104, 0, '2022-04-25 09:22:07', '2022-04-25 09:22:07'),
(792, 2, 5, 2, '9.25', '', 1, 7, 1, 104, 0, '2022-04-25 09:22:18', '2022-04-25 09:22:18'),
(793, 2, 5, 2, '9.50', '', 1, 7, 1, 104, 0, '2022-04-25 09:22:28', '2022-04-25 09:22:28'),
(794, 2, 5, 2, '9.75', '', 1, 7, 1, 104, 0, '2022-04-25 09:22:39', '2022-04-25 09:22:39'),
(795, 2, 5, 2, '10', '', 1, 7, 1, 104, 0, '2022-04-25 09:22:47', '2022-04-25 09:22:47'),
(796, 2, 6, 1, '00', '', 1, 7, 1, 104, 0, '2022-04-25 09:27:47', '2022-04-25 09:35:20'),
(797, 2, 6, 1, '0.25', '', 1, 7, 1, 104, 0, '2022-04-25 09:29:44', '2022-04-25 09:38:42'),
(798, 2, 6, 1, '0.50', '', 1, 7, 1, 104, 0, '2022-04-25 09:29:55', '2022-04-25 09:38:50'),
(799, 2, 6, 1, '0.75', '', 1, 7, 1, 104, 0, '2022-04-25 09:30:05', '2022-04-25 09:38:58'),
(800, 2, 6, 1, '1.00', '', 1, 7, 1, 104, 0, '2022-04-25 09:30:15', '2022-04-25 09:38:25'),
(801, 2, 6, 1, '1.25', '', 1, 7, 1, 104, 0, '2022-04-25 09:30:28', '2022-04-25 09:38:15'),
(802, 2, 6, 1, '1.50', '', 1, 7, 1, 104, 0, '2022-04-25 09:30:37', '2022-04-25 09:38:07'),
(803, 2, 6, 1, '1.75', '', 1, 7, 1, 104, 0, '2022-04-25 09:30:50', '2022-04-25 09:38:00'),
(804, 2, 6, 1, '2.00', '', 1, 7, 1, 104, 0, '2022-04-25 09:31:02', '2022-04-25 09:37:52'),
(805, 2, 6, 1, '2.25', '', 1, 7, 1, 104, 0, '2022-04-25 09:31:12', '2022-04-25 09:37:41'),
(806, 2, 6, 1, '2.50', '', 1, 7, 1, 104, 0, '2022-04-25 09:31:23', '2022-04-25 09:37:30'),
(807, 2, 6, 1, '2.75', '', 1, 7, 1, 104, 0, '2022-04-25 09:31:36', '2022-04-25 09:37:20'),
(808, 2, 6, 1, '3.00', '', 1, 7, 1, 104, 0, '2022-04-25 09:31:46', '2022-04-25 09:37:11'),
(809, 2, 6, 1, '3.25', '', 1, 7, 1, 104, 0, '2022-04-25 09:31:58', '2022-04-25 09:37:03'),
(810, 2, 6, 1, '3.50', '', 1, 7, 1, 104, 0, '2022-04-25 09:32:10', '2022-04-25 09:36:49'),
(811, 2, 6, 1, '3.75', '', 1, 7, 1, 104, 0, '2022-04-25 09:32:21', '2022-04-25 09:36:38'),
(812, 2, 6, 1, '4.00', '', 1, 7, 1, 104, 0, '2022-04-25 09:32:43', '2022-04-25 09:36:28'),
(813, 2, 6, 1, '4.25', '', 1, 7, 1, 104, 0, '2022-04-25 09:32:52', '2022-04-25 09:36:19'),
(814, 2, 6, 1, '4.50', '', 1, 7, 1, 104, 0, '2022-04-25 09:33:01', '2022-04-25 09:36:10'),
(815, 2, 6, 1, '4.75', '', 1, 7, 1, 104, 0, '2022-04-25 09:33:15', '2022-04-25 09:36:01'),
(816, 2, 6, 1, '5.00', '', 1, 7, 1, 104, 0, '2022-04-25 09:33:23', '2022-04-25 09:35:53'),
(837, 2, 6, 2, '00', '', 1, 7, 1, 104, 0, '2022-04-25 09:45:19', '2022-04-25 09:45:19'),
(838, 2, 6, 2, '0.25', '', 1, 7, 1, 104, 0, '2022-04-25 09:57:27', '2022-04-25 09:57:27'),
(839, 2, 6, 2, '0.50', '', 1, 7, 1, 104, 0, '2022-04-25 09:58:01', '2022-04-25 09:58:01'),
(840, 2, 6, 2, '0.75', '', 1, 7, 1, 104, 0, '2022-04-25 09:58:11', '2022-04-25 09:58:11'),
(841, 2, 6, 2, '1.00', '', 1, 7, 1, 104, 0, '2022-04-25 09:58:18', '2022-04-25 09:58:18'),
(842, 2, 6, 2, '1.25', '', 1, 7, 1, 104, 0, '2022-04-25 09:58:27', '2022-04-25 09:58:27'),
(843, 2, 6, 2, '1.50', '', 1, 7, 1, 104, 0, '2022-04-25 09:58:37', '2022-04-25 09:58:37'),
(844, 2, 6, 2, '1.75', '', 1, 7, 1, 104, 0, '2022-04-25 09:58:46', '2022-04-25 09:58:46'),
(845, 2, 6, 2, '2.00', '', 1, 7, 1, 104, 0, '2022-04-25 09:58:55', '2022-04-25 09:58:55'),
(846, 2, 6, 2, '2.25', '', 1, 7, 1, 104, 0, '2022-04-25 09:59:04', '2022-04-25 09:59:04'),
(847, 2, 6, 2, '2.50', '', 1, 7, 1, 104, 0, '2022-04-25 09:59:14', '2022-04-25 09:59:14'),
(848, 2, 6, 2, '2.75', '', 1, 7, 1, 104, 0, '2022-04-25 09:59:24', '2022-04-25 09:59:24'),
(849, 2, 6, 2, '3.00', '', 1, 7, 1, 104, 0, '2022-04-25 09:59:32', '2022-04-25 09:59:32'),
(850, 2, 6, 2, '3.25', '', 1, 7, 1, 104, 0, '2022-04-25 09:59:40', '2022-04-25 09:59:40'),
(851, 2, 6, 2, '3.50', '', 1, 7, 1, 104, 0, '2022-04-25 09:59:49', '2022-04-25 09:59:49'),
(852, 2, 6, 2, '3.75', '', 1, 7, 1, 104, 0, '2022-04-25 09:59:57', '2022-04-25 09:59:57'),
(853, 2, 6, 2, '4.00', '', 1, 7, 1, 104, 0, '2022-04-25 10:00:06', '2022-04-25 10:00:06'),
(854, 2, 6, 2, '4.25', '', 1, 7, 1, 104, 0, '2022-04-25 10:00:37', '2022-04-25 10:00:37'),
(855, 2, 6, 2, '4.50', '', 1, 7, 1, 104, 0, '2022-04-25 10:00:46', '2022-04-25 10:00:46'),
(856, 2, 6, 2, '4.75', '', 1, 7, 1, 104, 0, '2022-04-25 10:00:57', '2022-04-25 10:00:57'),
(857, 2, 6, 2, '5.00', '', 1, 7, 1, 104, 0, '2022-04-25 10:01:06', '2022-04-25 10:01:06'),
(858, 2, 6, 2, '5.25', '', 1, 7, 1, 104, 0, '2022-04-25 10:01:13', '2022-04-25 10:01:13'),
(859, 2, 6, 2, '5.50', '', 1, 7, 1, 104, 0, '2022-04-25 10:01:22', '2022-04-25 10:01:22'),
(860, 2, 6, 2, '5.75', '', 1, 7, 1, 104, 0, '2022-04-25 10:01:31', '2022-04-25 10:01:31'),
(861, 2, 6, 2, '6.00', '', 1, 7, 1, 104, 0, '2022-04-25 10:01:39', '2022-04-25 10:01:39'),
(878, 1, 9, 0, '0.75', '', 1, 7, 1, 104, 0, '2022-04-25 10:22:59', '2022-04-25 10:22:59'),
(879, 2, 9, 0, '0.75', '', 1, 7, 1, 104, 0, '2022-04-25 10:23:10', '2022-04-25 10:23:10'),
(880, 1, 10, 0, 'N36', '', 1, 7, 1, 1, 0, '2022-04-26 10:47:19', '2022-04-26 10:47:19'),
(881, 1, 10, 0, 'NAR', '', 1, 7, 1, 1, 0, '2022-04-26 10:47:29', '2022-04-26 10:47:29'),
(882, 1, 1, 0, '6/6', '', 1, 1, 1, 1, 0, '2022-04-26 10:48:29', '2022-04-26 10:48:29'),
(883, 1, 1, 0, '6/6P', '', 1, 1, 1, 1, 0, '2022-04-26 10:48:39', '2022-04-26 10:48:39'),
(884, 1, 1, 0, '6/9', '', 1, 1, 1, 1, 0, '2022-04-26 10:48:46', '2022-04-26 10:48:46'),
(885, 1, 1, 0, '6/9P', '', 1, 1, 1, 1, 0, '2022-04-26 10:48:54', '2022-04-26 10:48:54'),
(886, 1, 1, 0, '6/12', '', 1, 1, 1, 1, 0, '2022-04-26 10:49:05', '2022-04-26 10:49:05'),
(887, 1, 1, 0, '6/12P', '', 1, 1, 1, 1, 0, '2022-04-26 10:49:13', '2022-04-26 10:49:13'),
(888, 1, 1, 0, '6/18', '', 1, 1, 1, 1, 0, '2022-04-26 10:49:24', '2022-04-26 10:49:24'),
(889, 1, 1, 0, '6/18P', '', 1, 1, 1, 1, 0, '2022-04-26 10:49:32', '2022-04-26 10:49:32'),
(890, 1, 1, 0, '6/24', '', 1, 1, 1, 1, 0, '2022-04-26 10:49:41', '2022-04-26 10:49:41'),
(891, 1, 1, 0, '6/24P', '', 1, 1, 1, 1, 0, '2022-04-26 10:49:49', '2022-04-26 10:49:49'),
(892, 1, 1, 0, '6/36', '', 1, 1, 1, 1, 0, '2022-04-26 10:50:00', '2022-04-26 10:50:00'),
(893, 1, 1, 0, '6/36P', '', 1, 1, 1, 1, 0, '2022-04-26 10:50:10', '2022-04-26 10:50:10'),
(894, 1, 1, 0, '6/60', '', 1, 1, 1, 1, 0, '2022-04-26 10:50:29', '2022-04-26 10:50:29'),
(895, 1, 1, 0, '5/60', '', 1, 1, 1, 1, 0, '2022-04-26 10:50:37', '2022-04-26 10:50:37'),
(896, 1, 1, 0, '4/60', '', 1, 1, 1, 1, 0, '2022-04-26 10:50:46', '2022-04-26 10:50:46'),
(897, 1, 1, 0, '3/60', '', 1, 1, 1, 1, 0, '2022-04-26 10:50:55', '2022-04-26 10:50:55'),
(898, 1, 1, 0, '2/60', '', 1, 1, 1, 1, 0, '2022-04-26 10:51:07', '2022-04-26 10:51:07'),
(899, 1, 1, 0, '1/60', '', 1, 1, 1, 1, 0, '2022-04-26 10:51:16', '2022-04-26 10:51:16'),
(900, 1, 1, 0, 'CF@3M', '', 1, 1, 1, 1, 0, '2022-04-26 10:51:33', '2022-04-26 10:51:33'),
(901, 1, 1, 0, 'CF@2M', '', 1, 1, 1, 1, 0, '2022-04-26 10:51:52', '2022-04-26 10:51:52'),
(902, 1, 1, 0, 'CF@1M', '', 1, 1, 1, 1, 0, '2022-04-26 10:52:03', '2022-04-26 10:52:03'),
(903, 1, 1, 0, 'CFCF', '', 1, 1, 1, 1, 0, '2022-04-26 10:52:12', '2022-04-26 10:52:12'),
(904, 1, 1, 0, 'HM+', '', 1, 1, 1, 1, 0, '2022-04-26 10:52:20', '2022-04-26 10:52:20'),
(905, 1, 1, 0, 'PL+', '', 1, 1, 1, 1, 0, '2022-04-26 10:52:29', '2022-04-26 10:52:29'),
(906, 1, 1, 0, 'PL-', '', 1, 1, 1, 1, 0, '2022-04-26 10:52:36', '2022-04-26 10:52:36'),
(907, 1, 1, 0, 'PR-ACCU', '', 1, 1, 1, 1, 0, '2022-04-26 10:53:00', '2022-04-26 10:53:00'),
(908, 1, 1, 0, 'PR-INACCU', '', 1, 1, 1, 1, 0, '2022-04-26 10:53:16', '2022-04-26 10:53:16'),
(909, 2, 1, 0, '6/6', '', 1, 1, 1, 1, 0, '2022-04-26 10:53:34', '2022-04-26 10:53:34'),
(910, 2, 1, 0, '6/6P', '', 1, 1, 1, 1, 0, '2022-04-26 10:53:43', '2022-04-26 10:53:43'),
(911, 2, 1, 0, '6/9', '', 1, 1, 1, 1, 0, '2022-04-26 10:53:50', '2022-04-26 10:53:50'),
(912, 2, 1, 0, '6/9P', '', 1, 1, 1, 1, 0, '2022-04-26 10:54:01', '2022-04-26 10:54:01'),
(913, 2, 1, 0, '6/12', '', 1, 1, 1, 1, 0, '2022-04-26 10:54:16', '2022-04-26 10:54:16'),
(914, 2, 1, 0, '6/12P', '', 1, 1, 1, 1, 0, '2022-04-26 10:54:25', '2022-04-26 10:54:25'),
(915, 2, 1, 0, '6/18', '', 1, 1, 1, 1, 0, '2022-04-26 10:54:36', '2022-04-26 10:54:36'),
(916, 2, 1, 0, '6/18P', '', 1, 1, 1, 1, 0, '2022-04-26 10:54:46', '2022-04-26 10:54:46'),
(917, 2, 1, 0, '6/24', '', 1, 1, 1, 1, 0, '2022-04-26 10:55:07', '2022-04-26 10:55:07'),
(918, 2, 1, 0, '6/24P', '', 1, 1, 1, 1, 0, '2022-04-26 10:55:21', '2022-04-26 10:55:21'),
(919, 2, 1, 0, '6/36', '', 1, 1, 1, 1, 0, '2022-04-26 10:55:54', '2022-04-26 10:55:54'),
(920, 2, 1, 0, '6/36P', '', 1, 1, 1, 1, 0, '2022-04-26 10:56:03', '2022-04-26 10:56:03'),
(921, 2, 1, 0, '6/60', '', 1, 1, 1, 1, 0, '2022-04-26 10:56:24', '2022-04-26 10:56:24'),
(922, 2, 1, 0, '5/60', '', 1, 1, 1, 1, 0, '2022-04-26 10:56:31', '2022-04-26 10:56:31'),
(923, 2, 1, 0, '4/60', '', 1, 1, 1, 1, 0, '2022-04-26 10:56:41', '2022-04-26 10:56:41'),
(924, 2, 1, 0, '3/60', '', 1, 1, 1, 1, 0, '2022-04-26 10:57:05', '2022-04-26 10:57:05'),
(925, 2, 1, 0, '2/60', '', 1, 1, 1, 1, 0, '2022-04-26 10:57:14', '2022-04-26 10:57:14'),
(926, 2, 1, 0, '1/60', '', 1, 1, 1, 1, 0, '2022-04-26 10:57:37', '2022-04-26 10:57:37'),
(927, 2, 1, 0, 'CF@3M', '', 1, 1, 1, 1, 0, '2022-04-26 10:59:06', '2022-04-26 10:59:06'),
(928, 2, 1, 0, 'CF@2M', '', 1, 1, 1, 1, 0, '2022-04-26 10:59:18', '2022-04-26 10:59:18'),
(929, 2, 1, 0, 'CF@1M', '', 1, 1, 1, 1, 0, '2022-04-26 10:59:26', '2022-04-26 10:59:26'),
(930, 2, 1, 0, 'CFCF', '', 1, 1, 1, 1, 0, '2022-04-26 10:59:47', '2022-04-26 10:59:47'),
(931, 2, 1, 0, 'HM+', '', 1, 1, 1, 1, 0, '2022-04-26 11:00:05', '2022-04-26 11:00:05'),
(932, 2, 1, 0, 'PL+', '', 1, 1, 1, 1, 0, '2022-04-26 11:00:19', '2022-04-26 11:00:19'),
(933, 2, 1, 0, 'PL-', '', 1, 1, 1, 1, 0, '2022-04-26 11:00:36', '2022-04-26 11:00:36'),
(934, 2, 1, 0, 'PR-ACCU', '', 1, 1, 1, 1, 0, '2022-04-26 11:00:54', '2022-04-26 11:00:54'),
(935, 2, 1, 0, 'PR-INACCU', '', 1, 1, 1, 1, 0, '2022-04-26 11:01:06', '2022-04-26 11:01:06'),
(936, 1, 2, 0, 'N6', '', 1, 1, 1, 1, 0, '2022-04-26 11:02:09', '2022-04-26 11:02:09'),
(937, 1, 2, 0, 'N8', '', 1, 1, 1, 1, 0, '2022-04-26 11:02:17', '2022-04-26 11:03:17'),
(938, 1, 2, 0, 'N10', '', 1, 1, 1, 1, 0, '2022-04-26 11:02:26', '2022-04-26 11:03:10'),
(939, 1, 2, 0, 'N12', '', 1, 1, 1, 1, 0, '2022-04-26 11:02:34', '2022-04-26 11:03:00'),
(940, 1, 2, 0, 'N18', '', 1, 1, 1, 1, 0, '2022-04-26 11:02:49', '2022-04-26 11:02:49'),
(941, 1, 2, 0, 'N24', '', 1, 1, 1, 1, 0, '2022-04-26 11:03:29', '2022-04-26 11:03:29'),
(942, 1, 2, 0, 'N36', '', 1, 1, 1, 1, 0, '2022-04-26 11:03:37', '2022-04-26 11:03:37'),
(943, 1, 2, 0, 'N60', '', 1, 1, 1, 1, 0, '2022-04-26 11:03:43', '2022-04-26 11:03:50'),
(944, 1, 2, 0, 'NAR', '', 1, 1, 1, 1, 0, '2022-04-26 11:04:05', '2022-04-26 11:04:05'),
(945, 2, 2, 0, 'N6', '', 1, 1, 1, 1, 0, '2022-04-26 11:04:24', '2022-04-26 11:04:24'),
(946, 2, 2, 0, 'N8', '', 1, 1, 1, 1, 0, '2022-04-26 11:04:32', '2022-04-26 11:04:32'),
(947, 2, 2, 0, 'N10', '', 1, 1, 1, 1, 0, '2022-04-26 11:04:39', '2022-04-26 11:05:42'),
(948, 2, 2, 0, 'N12', '', 1, 1, 1, 1, 0, '2022-04-26 11:04:56', '2022-04-26 11:05:50'),
(949, 2, 2, 0, 'N18', '', 1, 1, 1, 1, 0, '2022-04-26 11:05:05', '2022-04-26 11:06:09'),
(950, 2, 2, 0, 'N24', '', 1, 1, 1, 1, 0, '2022-04-26 11:06:45', '2022-04-26 11:06:45'),
(951, 2, 2, 0, 'N36', '', 1, 1, 1, 1, 0, '2022-04-26 11:07:01', '2022-04-26 11:07:01'),
(952, 2, 2, 0, 'N60', '', 1, 1, 1, 1, 0, '2022-04-26 11:07:11', '2022-04-26 11:07:11'),
(953, 2, 2, 0, 'NAR', '', 1, 1, 1, 1, 0, '2022-04-26 11:07:28', '2022-04-26 11:07:28'),
(954, 1, 0, 1, '00', '', 1, 4, 1, 1, 0, '2022-04-28 11:25:10', '2022-04-28 11:25:10'),
(955, 1, 0, 1, '0.25', '', 1, 4, 1, 1, 0, '2022-04-28 11:25:20', '2022-04-28 11:25:20'),
(956, 1, 0, 1, '0.50', '', 1, 4, 1, 1, 0, '2022-04-28 11:25:29', '2022-04-28 11:25:29'),
(957, 1, 0, 1, '0.75', '', 1, 4, 1, 1, 0, '2022-04-28 11:25:37', '2022-04-28 11:25:37'),
(958, 1, 0, 1, '1.00', '', 1, 4, 1, 1, 0, '2022-04-28 11:25:44', '2022-04-28 11:25:44'),
(959, 1, 0, 1, '1.25', '', 1, 4, 1, 1, 0, '2022-04-28 11:25:52', '2022-04-28 11:25:52'),
(960, 1, 0, 1, '1.50', '', 1, 4, 1, 1, 0, '2022-04-28 11:26:02', '2022-04-28 11:26:02'),
(961, 1, 0, 1, '1.75', '', 1, 4, 1, 1, 0, '2022-04-28 11:26:32', '2022-04-28 11:26:32'),
(962, 1, 0, 1, '2.00', '', 1, 4, 1, 1, 0, '2022-04-28 11:26:48', '2022-04-28 11:26:48'),
(963, 1, 0, 1, '2.25', '', 1, 4, 1, 104, 0, '2022-04-28 11:27:41', '2022-04-28 11:27:41'),
(964, 1, 0, 1, '2.50', '', 1, 4, 1, 104, 0, '2022-04-28 11:27:47', '2022-04-28 11:27:47'),
(965, 1, 0, 1, '2.75', '', 1, 4, 1, 104, 0, '2022-04-28 11:27:56', '2022-04-28 11:27:56'),
(966, 1, 0, 1, '3.00', '', 1, 4, 1, 104, 0, '2022-04-28 11:28:03', '2022-04-28 11:28:03'),
(967, 1, 0, 1, '3.25', '', 1, 4, 1, 104, 0, '2022-04-28 11:28:10', '2022-04-28 11:28:10'),
(968, 1, 0, 1, '3.50', '', 1, 4, 1, 104, 0, '2022-04-28 11:28:17', '2022-04-28 11:28:17'),
(969, 1, 0, 1, '3.75', '', 1, 4, 1, 104, 0, '2022-04-28 11:28:28', '2022-04-28 11:28:28'),
(970, 1, 0, 1, '4.00', '', 1, 4, 1, 104, 0, '2022-04-28 11:28:35', '2022-04-28 11:28:35'),
(971, 1, 0, 1, '4.25', '', 1, 4, 1, 104, 0, '2022-04-28 11:28:42', '2022-04-28 11:28:42'),
(972, 1, 0, 1, '4.50', '', 1, 4, 1, 104, 0, '2022-04-28 11:28:51', '2022-04-28 11:28:51'),
(973, 1, 0, 1, '4.75', '', 1, 4, 1, 104, 0, '2022-04-28 11:29:02', '2022-04-28 11:29:02'),
(974, 1, 0, 1, '5.00', '', 1, 4, 1, 104, 0, '2022-04-28 11:29:09', '2022-04-28 11:29:09'),
(975, 1, 0, 1, '5.25', '', 1, 4, 1, 104, 0, '2022-04-28 11:29:16', '2022-04-28 11:29:16'),
(976, 1, 0, 1, '5.50', '', 1, 4, 1, 104, 0, '2022-04-28 11:29:24', '2022-04-28 11:29:24'),
(977, 1, 0, 1, '5.75', '', 1, 4, 1, 104, 0, '2022-04-28 11:29:33', '2022-04-28 11:29:33'),
(978, 1, 0, 1, '6.00', '', 1, 4, 1, 104, 0, '2022-04-28 11:29:50', '2022-04-28 11:29:50'),
(979, 1, 0, 1, '6.25', '', 1, 4, 1, 104, 0, '2022-04-28 11:29:59', '2022-04-28 11:29:59'),
(980, 1, 0, 1, '6.50', '', 1, 4, 1, 104, 0, '2022-04-28 11:30:07', '2022-04-28 11:30:07'),
(981, 1, 0, 1, '6.75', '', 1, 4, 1, 104, 0, '2022-04-28 11:30:14', '2022-04-28 11:30:14'),
(982, 1, 0, 1, '7.00', '', 1, 4, 1, 104, 0, '2022-04-28 11:30:21', '2022-04-28 11:30:21'),
(983, 1, 0, 1, '7.25', '', 1, 4, 1, 104, 0, '2022-04-28 11:30:28', '2022-04-28 11:30:28'),
(984, 1, 0, 1, '7.50', '', 1, 4, 1, 104, 0, '2022-04-28 11:30:36', '2022-04-28 11:30:36'),
(985, 1, 0, 1, '7.75', '', 1, 4, 1, 104, 0, '2022-04-28 11:30:48', '2022-04-28 11:30:48'),
(986, 1, 0, 1, '8.00', '', 1, 4, 1, 104, 0, '2022-04-28 11:30:55', '2022-04-28 11:30:55'),
(987, 1, 0, 1, '8.25', '', 1, 4, 1, 104, 0, '2022-04-28 11:31:04', '2022-04-28 11:31:04'),
(988, 1, 0, 1, '8.50', '', 1, 4, 1, 104, 0, '2022-04-28 11:32:13', '2022-04-28 11:32:13'),
(989, 1, 0, 1, '8.75', '', 1, 4, 1, 104, 0, '2022-04-28 11:32:24', '2022-04-28 11:32:24'),
(990, 1, 0, 1, '9.00', '', 1, 4, 1, 104, 0, '2022-04-28 11:32:32', '2022-04-28 11:32:32'),
(991, 1, 0, 1, '9.25', '', 1, 4, 1, 104, 0, '2022-04-28 11:32:40', '2022-04-28 11:32:40'),
(992, 1, 0, 1, '9.50', '', 1, 4, 1, 104, 0, '2022-04-28 11:32:54', '2022-04-28 11:32:54'),
(993, 1, 0, 1, '9.75', '', 1, 4, 1, 104, 0, '2022-04-28 11:33:02', '2022-04-28 11:33:02'),
(994, 1, 0, 1, '10', '', 1, 4, 1, 104, 0, '2022-04-28 11:33:15', '2022-04-28 11:33:15'),
(995, 1, 0, 2, '00', '', 1, 4, 1, 104, 0, '2022-04-28 11:34:50', '2022-04-28 11:34:50'),
(996, 1, 0, 2, '0.25', '', 1, 4, 1, 104, 0, '2022-04-28 11:35:23', '2022-04-28 11:35:23'),
(997, 1, 0, 2, '0.50', '', 1, 4, 1, 104, 0, '2022-04-28 11:35:33', '2022-04-28 11:35:33'),
(998, 1, 0, 2, '1.00', '', 1, 4, 1, 104, 0, '2022-04-28 11:35:43', '2022-04-28 11:35:43'),
(999, 1, 0, 2, '1.25', '', 1, 4, 1, 104, 0, '2022-04-28 11:35:55', '2022-04-28 11:35:55'),
(1000, 1, 0, 2, '1.50', '', 1, 4, 1, 104, 0, '2022-04-28 11:36:03', '2022-04-28 11:36:03'),
(1001, 1, 0, 2, '1.75', '', 1, 4, 1, 104, 0, '2022-04-28 11:36:11', '2022-04-28 11:36:11'),
(1002, 1, 0, 2, '2.00', '', 1, 4, 1, 104, 0, '2022-04-28 11:36:29', '2022-04-28 11:36:29'),
(1003, 1, 0, 2, '2.25', '', 1, 4, 1, 104, 0, '2022-04-28 11:36:39', '2022-04-28 11:36:39'),
(1004, 1, 0, 2, '2.50', '', 1, 4, 1, 104, 0, '2022-04-28 11:36:47', '2022-04-28 11:36:47'),
(1005, 1, 0, 2, '2.75', '', 1, 4, 1, 104, 0, '2022-04-28 11:36:58', '2022-04-28 11:36:58'),
(1006, 1, 0, 2, '3.00', '', 1, 4, 1, 104, 0, '2022-04-28 11:37:06', '2022-04-28 11:37:06'),
(1007, 1, 0, 2, '3.25', '', 1, 4, 1, 104, 0, '2022-04-28 11:37:16', '2022-04-28 11:37:16'),
(1008, 1, 0, 2, '3.50', '', 1, 4, 1, 104, 0, '2022-04-28 11:37:24', '2022-04-28 11:37:24'),
(1009, 1, 0, 2, '3.75', '', 1, 4, 1, 104, 0, '2022-04-28 11:37:33', '2022-04-28 11:37:33'),
(1010, 1, 0, 2, '4.00', '', 1, 4, 1, 104, 0, '2022-04-28 11:37:42', '2022-04-28 11:37:42'),
(1011, 1, 0, 2, '4.25', '', 1, 4, 1, 104, 0, '2022-04-28 11:37:50', '2022-04-28 11:37:50'),
(1012, 1, 0, 2, '4.50', '', 1, 4, 1, 104, 0, '2022-04-28 11:37:58', '2022-04-28 11:37:58'),
(1013, 1, 0, 2, '4.75', '', 1, 4, 1, 104, 0, '2022-04-28 11:38:14', '2022-04-28 11:38:14'),
(1014, 1, 0, 2, '5.00', '', 1, 4, 1, 104, 0, '2022-04-28 11:38:23', '2022-04-28 11:38:23'),
(1015, 1, 0, 2, '5.25', '', 1, 4, 1, 104, 0, '2022-04-28 11:38:32', '2022-04-28 11:38:32'),
(1016, 1, 0, 2, '5.50', '', 1, 4, 1, 104, 0, '2022-04-28 11:38:42', '2022-04-28 11:38:42'),
(1017, 1, 0, 2, '5.75', '', 1, 4, 1, 104, 0, '2022-04-28 11:39:00', '2022-04-28 11:39:00'),
(1018, 1, 0, 2, '6.00', '', 1, 4, 1, 104, 0, '2022-04-28 11:39:10', '2022-04-28 11:39:10'),
(1019, 1, 0, 2, '6.25', '', 1, 4, 1, 104, 0, '2022-04-28 11:47:19', '2022-04-28 11:47:19'),
(1020, 1, 0, 2, '6.50', '', 1, 4, 1, 104, 0, '2022-04-28 11:47:30', '2022-04-28 11:47:30'),
(1021, 1, 0, 2, '6.75', '', 1, 4, 1, 104, 0, '2022-04-28 11:47:39', '2022-04-28 11:47:39'),
(1022, 1, 0, 2, '7.00', '', 1, 4, 1, 104, 0, '2022-04-28 11:47:51', '2022-04-28 11:47:51'),
(1023, 2, 0, 1, '00', '', 1, 4, 1, 104, 0, '2022-04-28 11:48:34', '2022-04-28 11:48:34'),
(1024, 2, 0, 1, '0.25', '', 1, 4, 1, 104, 0, '2022-04-28 11:48:51', '2022-04-28 11:48:51'),
(1025, 2, 0, 1, '0.50', '', 1, 4, 1, 104, 0, '2022-04-28 11:49:02', '2022-04-28 11:49:02'),
(1026, 2, 0, 1, '0.75', '', 1, 4, 1, 104, 0, '2022-04-28 11:49:10', '2022-04-28 11:49:10'),
(1027, 2, 0, 1, '1.00', '', 1, 4, 1, 104, 0, '2022-04-28 11:49:22', '2022-04-28 11:49:22'),
(1028, 2, 0, 1, '1.25', '', 1, 4, 1, 104, 0, '2022-04-28 11:49:30', '2022-04-28 11:49:30'),
(1029, 2, 0, 1, '1.50', '', 1, 4, 1, 104, 0, '2022-04-28 11:49:46', '2022-04-28 11:49:46'),
(1030, 2, 0, 1, '1.75', '', 1, 4, 1, 104, 0, '2022-04-28 11:49:57', '2022-04-28 11:49:57'),
(1031, 2, 0, 1, '2.00', '', 1, 4, 1, 104, 0, '2022-04-28 11:51:02', '2022-04-28 11:51:02'),
(1032, 2, 0, 1, '2.25', '', 1, 4, 1, 104, 0, '2022-04-28 11:51:13', '2022-04-28 11:51:13'),
(1033, 2, 0, 1, '2.50', '', 1, 4, 1, 104, 0, '2022-04-28 11:51:21', '2022-04-28 11:51:21'),
(1034, 2, 0, 1, '3.00', '', 1, 4, 1, 104, 0, '2022-04-28 11:52:01', '2022-04-28 11:52:01'),
(1035, 2, 0, 1, '3.25', '', 1, 4, 1, 104, 0, '2022-04-28 11:52:13', '2022-04-28 11:52:13'),
(1036, 2, 0, 1, '3.50', '', 1, 4, 1, 104, 0, '2022-04-28 11:52:25', '2022-04-28 11:52:25'),
(1037, 2, 0, 1, '4.00', '', 1, 4, 1, 104, 0, '2022-04-28 11:52:33', '2022-04-28 11:52:33'),
(1038, 2, 0, 1, '4.25', '', 1, 4, 1, 104, 0, '2022-04-28 11:52:40', '2022-04-28 11:52:40'),
(1039, 2, 0, 1, '4.50', '', 1, 4, 1, 104, 0, '2022-04-28 11:52:51', '2022-04-28 11:52:51'),
(1040, 2, 0, 1, '4.75', '', 1, 4, 1, 104, 0, '2022-04-28 11:52:59', '2022-04-28 11:52:59'),
(1041, 2, 0, 1, '5.00', '', 1, 4, 1, 104, 0, '2022-04-28 11:53:07', '2022-04-28 11:53:07'),
(1042, 2, 0, 1, '5.25', '', 1, 4, 1, 104, 0, '2022-04-28 11:53:18', '2022-04-28 11:53:18'),
(1043, 2, 0, 1, '5.50', '', 1, 4, 1, 104, 0, '2022-04-28 11:53:29', '2022-04-28 11:53:29'),
(1044, 2, 0, 1, '5.75', '', 1, 4, 1, 104, 0, '2022-04-28 11:53:37', '2022-04-28 11:53:37'),
(1045, 2, 0, 1, '6.00', '', 1, 4, 1, 104, 0, '2022-04-28 11:53:46', '2022-04-28 11:53:46'),
(1046, 2, 0, 1, '6.25', '', 1, 4, 1, 104, 0, '2022-04-28 11:53:58', '2022-04-28 11:53:58'),
(1047, 2, 0, 1, '6.50', '', 1, 4, 1, 104, 0, '2022-04-28 11:54:07', '2022-04-28 11:54:07'),
(1048, 2, 0, 1, '6.75', '', 1, 4, 1, 104, 0, '2022-04-28 11:54:20', '2022-04-28 11:54:20'),
(1049, 2, 0, 1, '7.00', '', 1, 4, 1, 104, 0, '2022-04-28 11:54:36', '2022-04-28 11:54:36'),
(1050, 2, 0, 1, '7.25', '', 1, 4, 1, 104, 0, '2022-04-28 11:54:44', '2022-04-28 11:54:44'),
(1051, 2, 0, 1, '7.50', '', 1, 4, 1, 104, 0, '2022-04-28 11:54:53', '2022-04-28 11:54:53'),
(1052, 2, 0, 1, '7.75', '', 1, 4, 1, 104, 0, '2022-04-28 11:55:01', '2022-04-28 11:55:01'),
(1053, 2, 0, 1, '8.00', '', 1, 4, 1, 104, 0, '2022-04-28 11:55:12', '2022-04-28 11:55:12'),
(1054, 2, 0, 1, '8.25', '', 1, 4, 1, 104, 0, '2022-04-28 11:55:24', '2022-04-28 11:55:24'),
(1055, 2, 0, 1, '8.50', '', 1, 4, 1, 104, 0, '2022-04-28 11:55:33', '2022-04-28 11:55:33'),
(1056, 2, 0, 1, '9.00', '', 1, 4, 1, 104, 0, '2022-04-28 11:55:39', '2022-04-28 11:55:39'),
(1057, 2, 0, 1, '9.25', '', 1, 4, 1, 104, 0, '2022-04-28 11:55:47', '2022-04-28 11:55:47'),
(1058, 2, 0, 1, '9.50', '', 1, 4, 1, 104, 0, '2022-04-28 11:55:57', '2022-04-28 11:55:57'),
(1059, 2, 0, 1, '9.75', '', 1, 4, 1, 104, 0, '2022-04-28 11:56:08', '2022-04-28 11:56:08'),
(1060, 2, 0, 1, '10', '', 1, 4, 1, 104, 0, '2022-04-28 11:56:17', '2022-04-28 11:56:17'),
(1061, 2, 0, 2, '00', '', 1, 4, 1, 104, 0, '2022-04-28 11:57:09', '2022-04-28 11:57:09'),
(1062, 2, 0, 2, '0.25', '', 1, 4, 1, 104, 0, '2022-04-28 11:57:15', '2022-04-28 11:57:15'),
(1063, 2, 0, 2, '0.50', '', 1, 4, 1, 104, 0, '2022-04-28 11:57:34', '2022-04-28 11:57:34'),
(1064, 2, 0, 2, '0.75', '', 1, 4, 1, 104, 0, '2022-04-28 11:57:40', '2022-04-28 11:57:40'),
(1065, 2, 0, 2, '1.00', '', 1, 4, 1, 104, 0, '2022-04-28 11:57:46', '2022-04-28 11:57:46'),
(1066, 2, 0, 2, '1.25', '', 1, 4, 1, 104, 0, '2022-04-28 11:57:53', '2022-04-28 11:57:53'),
(1067, 2, 0, 2, '1.50', '', 1, 4, 1, 104, 0, '2022-04-28 11:58:00', '2022-04-28 11:58:00'),
(1068, 2, 0, 2, '1.75', '', 1, 4, 1, 104, 0, '2022-04-28 11:58:11', '2022-04-28 11:58:11'),
(1069, 2, 0, 2, '2.00', '', 1, 4, 1, 104, 0, '2022-04-28 11:58:21', '2022-04-28 11:58:21'),
(1070, 2, 0, 2, '2.25', '', 1, 4, 1, 104, 0, '2022-04-28 11:58:30', '2022-04-28 11:58:30'),
(1071, 2, 0, 2, '2.50', '', 1, 4, 1, 104, 0, '2022-04-28 11:58:44', '2022-04-28 11:58:44'),
(1072, 2, 0, 2, '2.75', '', 1, 4, 1, 104, 0, '2022-04-28 11:58:53', '2022-04-28 11:58:53'),
(1073, 2, 0, 2, '3.00', '', 1, 4, 1, 104, 0, '2022-04-28 11:59:00', '2022-04-28 11:59:00'),
(1074, 2, 0, 2, '3.25', '', 1, 4, 1, 104, 0, '2022-04-28 11:59:07', '2022-04-28 11:59:07'),
(1075, 2, 0, 2, '3.50', '', 1, 4, 1, 104, 0, '2022-04-28 11:59:17', '2022-04-28 11:59:17'),
(1076, 2, 0, 2, '4.00', '', 1, 4, 1, 104, 0, '2022-04-28 11:59:23', '2022-04-28 11:59:23'),
(1077, 2, 0, 2, '4.25', '', 1, 4, 1, 104, 0, '2022-04-28 11:59:30', '2022-04-28 11:59:30'),
(1078, 2, 0, 2, '4.50', '', 1, 4, 1, 104, 0, '2022-04-28 11:59:36', '2022-04-28 11:59:36'),
(1079, 2, 0, 2, '4.75', '', 1, 4, 1, 104, 0, '2022-04-28 11:59:44', '2022-04-28 11:59:44'),
(1080, 2, 0, 2, '5.00', '', 1, 4, 1, 104, 0, '2022-04-28 11:59:51', '2022-04-28 11:59:51'),
(1081, 2, 0, 2, '5.25', '', 1, 4, 1, 104, 0, '2022-04-28 12:00:01', '2022-04-28 12:00:01'),
(1082, 2, 0, 2, '5.50', '', 1, 4, 1, 104, 0, '2022-04-28 12:00:08', '2022-04-28 12:00:08'),
(1083, 2, 0, 2, '5.75', '', 1, 4, 1, 104, 0, '2022-04-28 12:00:15', '2022-04-28 12:00:15'),
(1084, 2, 0, 2, '6.00', '', 1, 4, 1, 104, 0, '2022-04-28 12:00:22', '2022-04-28 12:00:22'),
(1085, 2, 0, 2, '6.25', '', 1, 4, 1, 104, 0, '2022-04-28 12:00:29', '2022-04-28 12:00:29'),
(1086, 2, 0, 2, '6.50', '', 1, 4, 1, 104, 0, '2022-04-28 12:00:35', '2022-04-28 12:00:35'),
(1087, 2, 0, 2, '6.75', '', 1, 4, 1, 104, 0, '2022-04-28 12:00:43', '2022-04-28 12:00:43'),
(1088, 2, 0, 2, '7.00', '', 1, 4, 1, 104, 0, '2022-04-28 12:00:50', '2022-04-28 12:00:50'),
(1089, 2, 0, 2, '7.25', '', 1, 4, 1, 104, 0, '2022-04-28 12:00:59', '2022-04-28 12:00:59'),
(1090, 2, 0, 2, '7.50', '', 1, 4, 1, 104, 0, '2022-04-28 12:01:06', '2022-04-28 12:01:06'),
(1091, 2, 0, 2, '7.75', '', 1, 4, 1, 104, 0, '2022-04-28 12:01:15', '2022-04-28 12:01:15'),
(1092, 2, 0, 2, '8.00', '', 1, 4, 1, 104, 0, '2022-04-28 12:01:23', '2022-04-28 12:01:23'),
(1093, 2, 0, 2, '8.25', '', 1, 4, 1, 104, 0, '2022-04-28 12:01:29', '2022-04-28 12:01:29'),
(1094, 2, 0, 2, '8.50', '', 1, 4, 1, 104, 0, '2022-04-28 12:01:39', '2022-04-28 12:01:39'),
(1095, 2, 0, 2, '8.75', '', 1, 4, 1, 104, 0, '2022-04-28 12:01:49', '2022-04-28 12:01:49'),
(1096, 2, 0, 2, '9.00', '', 1, 4, 1, 104, 0, '2022-04-28 12:02:00', '2022-04-28 12:02:00'),
(1097, 2, 0, 2, '9.25', '', 1, 4, 1, 104, 0, '2022-04-28 12:02:07', '2022-04-28 12:02:07'),
(1098, 2, 0, 2, '9.50', '', 1, 4, 1, 104, 0, '2022-04-28 12:02:17', '2022-04-28 12:02:17'),
(1101, 2, 0, 2, '9.75', '', 1, 4, 1, 104, 0, '2022-04-28 12:04:01', '2022-04-28 12:04:01'),
(1102, 2, 0, 2, '10', '', 1, 4, 1, 104, 0, '2022-04-28 12:04:09', '2022-04-28 12:04:09'),
(1103, 1, 0, 1, '00', '', 1, 5, 1, 1, 0, '2022-04-29 03:46:44', '2022-04-29 03:46:44'),
(1104, 1, 0, 1, '0.25', '', 1, 5, 1, 1, 0, '2022-04-29 03:46:53', '2022-04-29 03:46:53'),
(1105, 1, 0, 1, '0.50', '', 1, 5, 1, 1, 0, '2022-04-29 03:47:14', '2022-04-29 03:47:14'),
(1106, 1, 0, 1, '0.75', '', 1, 5, 1, 1, 0, '2022-04-29 03:47:24', '2022-04-29 03:47:24'),
(1107, 1, 0, 1, '1.00', '', 1, 5, 1, 1, 0, '2022-04-29 03:47:33', '2022-04-29 03:47:33'),
(1108, 1, 0, 1, '1.25', '', 1, 5, 1, 1, 0, '2022-04-29 03:47:40', '2022-04-29 03:47:40'),
(1109, 1, 0, 1, '1.50', '', 1, 5, 1, 1, 0, '2022-04-29 03:47:47', '2022-04-29 03:47:47'),
(1110, 1, 0, 1, '1.75', '', 1, 5, 1, 1, 0, '2022-04-29 03:47:57', '2022-04-29 03:47:57'),
(1111, 1, 0, 1, '2.00', '', 1, 5, 1, 1, 0, '2022-04-29 03:48:05', '2022-04-29 03:48:05'),
(1112, 1, 0, 1, '2.25', '', 1, 5, 1, 1, 0, '2022-04-29 03:48:12', '2022-04-29 03:48:12'),
(1113, 1, 0, 1, '2.50', '', 1, 5, 1, 1, 0, '2022-04-29 03:48:20', '2022-04-29 03:48:20'),
(1114, 1, 0, 1, '2.75', '', 1, 5, 1, 1, 0, '2022-04-29 03:48:28', '2022-04-29 03:48:28'),
(1115, 1, 0, 1, '3.00', '', 1, 5, 1, 1, 0, '2022-04-29 03:48:38', '2022-04-29 03:48:38'),
(1116, 1, 0, 1, '3.25', '', 1, 5, 1, 1, 0, '2022-04-29 03:48:47', '2022-04-29 03:48:47'),
(1117, 1, 0, 1, '3.50', '', 1, 5, 1, 1, 0, '2022-04-29 03:48:56', '2022-04-29 03:48:56'),
(1118, 1, 0, 1, '3.75', '', 1, 5, 1, 1, 0, '2022-04-29 03:49:04', '2022-04-29 03:49:04'),
(1119, 1, 0, 1, '4.00', '', 1, 5, 1, 1, 0, '2022-04-29 03:49:13', '2022-04-29 03:49:13');
INSERT INTO `refraction_master` (`refraction_master_id`, `eye_type`, `ref_type`, `action`, `name`, `description`, `status`, `refraction_type`, `office_id`, `login_id`, `parent_id`, `created_date`, `updated_date`) VALUES
(1120, 1, 0, 1, '4.25', '', 1, 5, 1, 1, 0, '2022-04-29 03:49:23', '2022-04-29 03:49:23'),
(1121, 1, 0, 1, '4.50', '', 1, 5, 1, 1, 0, '2022-04-29 03:49:31', '2022-04-29 03:49:31'),
(1122, 1, 0, 1, '4.75', '', 1, 5, 1, 1, 0, '2022-04-29 03:49:40', '2022-04-29 03:49:40'),
(1123, 1, 0, 1, '5.00', '', 1, 5, 1, 1, 0, '2022-04-29 03:49:50', '2022-04-29 03:49:50'),
(1124, 1, 0, 1, '5.25', '', 1, 5, 1, 1, 0, '2022-04-29 03:50:09', '2022-04-29 03:50:09'),
(1125, 1, 0, 1, '5.50', '', 1, 5, 1, 1, 0, '2022-04-29 03:50:17', '2022-04-29 03:50:17'),
(1126, 1, 0, 1, '5.75', '', 1, 5, 1, 1, 0, '2022-04-29 03:50:25', '2022-04-29 03:50:25'),
(1127, 1, 0, 1, '6.00', '', 1, 5, 1, 1, 0, '2022-04-29 03:50:34', '2022-04-29 03:50:34'),
(1136, 1, 0, 2, '0.00', '', 1, 5, 1, 1, 0, '2022-04-29 03:52:49', '2022-04-29 03:52:49'),
(1138, 1, 0, 2, '0.25', '', 1, 5, 1, 1, 0, '2022-04-29 03:53:25', '2022-04-29 03:53:25'),
(1139, 1, 0, 2, '0.50', '', 1, 5, 1, 1, 0, '2022-04-29 03:53:36', '2022-04-29 03:53:36'),
(1140, 1, 0, 2, '0.75', '', 1, 5, 1, 1, 0, '2022-04-29 03:53:44', '2022-04-29 03:53:44'),
(1141, 1, 0, 2, '1.00', '', 1, 5, 1, 1, 0, '2022-04-29 03:53:51', '2022-04-29 03:53:51'),
(1142, 1, 0, 2, '1.25', '', 1, 5, 1, 1, 0, '2022-04-29 03:53:59', '2022-04-29 03:53:59'),
(1143, 1, 0, 2, '1.50', '', 1, 5, 1, 1, 0, '2022-04-29 03:54:07', '2022-04-29 03:54:07'),
(1144, 1, 0, 2, '1.75', '', 1, 5, 1, 1, 0, '2022-04-29 03:54:16', '2022-04-29 03:54:16'),
(1145, 1, 0, 2, '2.00', '', 1, 5, 1, 1, 0, '2022-04-29 03:54:24', '2022-04-29 03:54:24'),
(1146, 1, 0, 2, '2.25', '', 1, 5, 1, 1, 0, '2022-04-29 03:54:34', '2022-04-29 03:54:34'),
(1147, 1, 0, 2, '2.50', '', 1, 5, 1, 1, 0, '2022-04-29 03:54:47', '2022-04-29 03:54:47'),
(1148, 1, 0, 2, '2.75', '', 1, 5, 1, 1, 0, '2022-04-29 03:54:58', '2022-04-29 03:54:58'),
(1149, 1, 0, 2, '3.00', '', 1, 5, 1, 1, 0, '2022-04-29 03:55:07', '2022-04-29 03:55:07'),
(1150, 1, 0, 2, '3.25', '', 1, 5, 1, 1, 0, '2022-04-29 03:55:15', '2022-04-29 03:55:15'),
(1151, 1, 0, 2, '3.50', '', 1, 5, 1, 1, 0, '2022-04-29 03:55:24', '2022-04-29 03:55:24'),
(1152, 1, 0, 2, '3.75', '', 1, 5, 1, 1, 0, '2022-04-29 03:55:37', '2022-04-29 03:55:37'),
(1153, 1, 0, 2, '4.00', '', 1, 5, 1, 1, 0, '2022-04-29 03:55:45', '2022-04-29 03:55:45'),
(1154, 1, 0, 2, '4.25', '', 1, 5, 1, 1, 0, '2022-04-29 03:55:54', '2022-04-29 03:55:54'),
(1155, 1, 0, 2, '4.50', '', 1, 5, 1, 1, 0, '2022-04-29 03:56:02', '2022-04-29 03:56:02'),
(1156, 1, 0, 2, '4.75', '', 1, 5, 1, 1, 0, '2022-04-29 03:56:11', '2022-04-29 03:56:11'),
(1157, 1, 0, 2, '5.00', '', 1, 5, 1, 1, 0, '2022-04-29 03:56:19', '2022-04-29 03:56:19'),
(1158, 1, 0, 2, '5.25', '', 1, 5, 1, 1, 0, '2022-04-29 03:56:30', '2022-04-29 03:56:30'),
(1159, 1, 0, 2, '5.50', '', 1, 5, 1, 1, 0, '2022-04-29 03:56:39', '2022-04-29 03:56:39'),
(1160, 1, 0, 2, '5.75', '', 1, 5, 1, 1, 0, '2022-04-29 03:56:51', '2022-04-29 03:56:51'),
(1161, 1, 0, 2, '6.00', '', 1, 5, 1, 1, 0, '2022-04-29 03:56:58', '2022-04-29 03:56:58'),
(1162, 2, 0, 1, '00', '', 1, 5, 1, 1, 0, '2022-04-29 03:57:09', '2022-04-29 03:57:09'),
(1163, 2, 0, 1, '0.25', '', 1, 5, 1, 1, 0, '2022-04-29 03:57:20', '2022-04-29 03:57:20'),
(1164, 2, 0, 1, '0.50', '', 1, 5, 1, 1, 0, '2022-04-29 03:57:30', '2022-04-29 03:57:30'),
(1165, 2, 0, 1, '0.75', '', 1, 5, 1, 1, 0, '2022-04-29 03:57:42', '2022-04-29 03:57:42'),
(1166, 2, 0, 1, '1.00', '', 1, 5, 1, 1, 0, '2022-04-29 03:57:52', '2022-04-29 03:57:52'),
(1167, 2, 0, 1, '1.25', '', 1, 5, 1, 1, 0, '2022-04-29 03:58:01', '2022-04-29 03:58:01'),
(1168, 2, 0, 1, '1.50', '', 1, 5, 1, 1, 0, '2022-04-29 03:58:10', '2022-04-29 03:58:10'),
(1169, 2, 0, 1, '1.75', '', 1, 5, 1, 1, 0, '2022-04-29 03:58:20', '2022-04-29 03:58:20'),
(1170, 2, 0, 1, '2.00', '', 1, 5, 1, 1, 0, '2022-04-29 03:58:31', '2022-04-29 03:58:31'),
(1171, 2, 0, 1, '2.25', '', 1, 5, 1, 1, 0, '2022-04-29 03:58:40', '2022-04-29 03:58:40'),
(1172, 2, 0, 1, '2.50', '', 1, 5, 1, 1, 0, '2022-04-29 03:58:51', '2022-04-29 03:58:51'),
(1173, 2, 0, 1, '2.75', '', 1, 5, 1, 1, 0, '2022-04-29 03:59:00', '2022-04-29 03:59:00'),
(1174, 2, 0, 1, '3.00', '', 1, 5, 1, 1, 0, '2022-04-29 03:59:08', '2022-04-29 03:59:08'),
(1175, 2, 0, 1, '3.25', '', 1, 5, 1, 1, 0, '2022-04-29 03:59:16', '2022-04-29 03:59:16'),
(1176, 2, 0, 1, '3.50', '', 1, 5, 1, 1, 0, '2022-04-29 04:08:09', '2022-04-29 04:08:09'),
(1177, 2, 0, 1, '3.75', '', 1, 5, 1, 1, 0, '2022-04-29 04:08:18', '2022-04-29 04:08:18'),
(1178, 2, 0, 1, '4.00', '', 1, 5, 1, 1, 0, '2022-04-29 04:08:27', '2022-04-29 04:08:27'),
(1179, 2, 0, 1, '4.25', '', 1, 5, 1, 1, 0, '2022-04-29 04:08:34', '2022-04-29 04:08:34'),
(1180, 2, 0, 1, '4.50', '', 1, 5, 1, 1, 0, '2022-04-29 04:08:44', '2022-04-29 04:08:44'),
(1181, 2, 0, 1, '4.75', '', 1, 5, 1, 1, 0, '2022-04-29 04:08:54', '2022-04-29 04:08:54'),
(1182, 2, 0, 1, '5.00', '', 1, 5, 1, 1, 0, '2022-04-29 04:09:02', '2022-04-29 04:09:02'),
(1183, 2, 0, 1, '5.25', '', 1, 5, 1, 1, 0, '2022-04-29 04:09:12', '2022-04-29 04:09:12'),
(1184, 2, 0, 1, '5.50', '', 1, 5, 1, 1, 0, '2022-04-29 04:09:23', '2022-04-29 04:09:23'),
(1185, 2, 0, 1, '5.75', '', 1, 5, 1, 1, 0, '2022-04-29 04:09:31', '2022-04-29 04:09:31'),
(1186, 2, 0, 1, '6.00', '', 1, 5, 1, 1, 0, '2022-04-29 04:09:39', '2022-04-29 04:09:39'),
(1187, 2, 0, 2, '00', '', 1, 5, 1, 1, 0, '2022-04-29 04:10:04', '2022-04-29 04:10:04'),
(1188, 2, 0, 2, '0.25', '', 1, 5, 1, 1, 0, '2022-04-29 04:10:13', '2022-04-29 04:10:13'),
(1189, 2, 0, 2, '0.50', '', 1, 5, 1, 1, 0, '2022-04-29 04:10:24', '2022-04-29 04:10:24'),
(1190, 2, 0, 2, '0.75', '', 1, 5, 1, 1, 0, '2022-04-29 04:10:31', '2022-04-29 04:10:31'),
(1191, 2, 0, 2, '1.00', '', 1, 5, 1, 1, 0, '2022-04-29 04:10:42', '2022-04-29 04:10:42'),
(1192, 2, 0, 2, '1.25', '', 1, 5, 1, 1, 0, '2022-04-29 04:10:51', '2022-04-29 04:10:51'),
(1193, 2, 0, 2, '1.50', '', 1, 5, 1, 1, 0, '2022-04-29 04:11:00', '2022-04-29 04:11:00'),
(1194, 2, 0, 2, '1.75', '', 1, 5, 1, 1, 0, '2022-04-29 04:11:09', '2022-04-29 04:11:09'),
(1195, 2, 0, 2, '2.00', '', 1, 5, 1, 1, 0, '2022-04-29 04:11:17', '2022-04-29 04:11:17'),
(1196, 2, 0, 2, '2.25', '', 1, 5, 1, 1, 0, '2022-04-29 04:11:26', '2022-04-29 04:11:26'),
(1197, 2, 0, 2, '2.50', '', 1, 5, 1, 1, 0, '2022-04-29 04:11:35', '2022-04-29 04:11:35'),
(1198, 2, 0, 2, '2.75', '', 1, 5, 1, 1, 0, '2022-04-29 04:11:48', '2022-04-29 04:11:48'),
(1199, 2, 0, 2, '3.00', '', 1, 5, 1, 1, 0, '2022-04-29 04:11:56', '2022-04-29 04:11:56'),
(1200, 2, 0, 2, '3.25', '', 1, 5, 1, 1, 0, '2022-04-29 04:12:03', '2022-04-29 04:12:03'),
(1201, 2, 0, 2, '3.50', '', 1, 5, 1, 1, 0, '2022-04-29 04:12:12', '2022-04-29 04:12:12'),
(1202, 2, 0, 2, '3.75', '', 1, 5, 1, 1, 0, '2022-04-29 04:12:22', '2022-04-29 04:12:22'),
(1203, 2, 0, 2, '4.00', '', 1, 5, 1, 1, 0, '2022-04-29 04:12:30', '2022-04-29 04:12:30'),
(1204, 2, 0, 2, '4.25', '', 1, 5, 1, 1, 0, '2022-04-29 04:12:41', '2022-04-29 04:12:41'),
(1205, 2, 0, 2, '4.50', '', 1, 5, 1, 1, 0, '2022-04-29 04:12:50', '2022-04-29 04:12:50'),
(1206, 2, 0, 2, '4.75', '', 1, 5, 1, 1, 0, '2022-04-29 04:13:01', '2022-04-29 04:13:01'),
(1207, 2, 0, 2, '5.00', '', 1, 5, 1, 1, 0, '2022-04-29 04:13:09', '2022-04-29 04:13:09'),
(1208, 2, 0, 2, '5.25', '', 1, 5, 1, 1, 0, '2022-04-29 04:13:19', '2022-04-29 04:13:19'),
(1209, 2, 0, 2, '5.50', '', 1, 5, 1, 1, 0, '2022-04-29 04:13:27', '2022-04-29 04:13:27'),
(1210, 2, 0, 2, '5.75', '', 1, 5, 1, 1, 0, '2022-04-29 04:13:36', '2022-04-29 04:13:36'),
(1211, 2, 0, 2, '6.00', '', 1, 5, 1, 1, 0, '2022-04-29 04:13:45', '2022-04-29 04:13:45'),
(1212, 1, 0, 0, '5', '', 1, 6, 1, 1, 0, '2022-04-29 04:13:55', '2022-04-29 04:13:55'),
(1214, 1, 0, 0, '10', '', 1, 6, 1, 1, 0, '2022-04-29 04:14:05', '2022-04-29 04:14:05'),
(1215, 1, 0, 0, '15', '', 1, 6, 1, 1, 0, '2022-04-29 04:14:27', '2022-04-29 04:14:27'),
(1216, 1, 0, 0, '20', '', 1, 6, 1, 1, 0, '2022-04-29 04:14:32', '2022-04-29 04:14:32'),
(1217, 1, 0, 0, '25', '', 1, 6, 1, 1, 0, '2022-04-29 04:14:37', '2022-04-29 04:14:37'),
(1218, 1, 0, 0, '30', '', 1, 6, 1, 1, 0, '2022-04-29 04:14:44', '2022-04-29 04:14:44'),
(1219, 1, 0, 0, '35', '', 1, 6, 1, 1, 0, '2022-04-29 04:14:49', '2022-04-29 04:14:49'),
(1220, 1, 0, 0, '40', '', 1, 6, 1, 1, 0, '2022-04-29 04:14:55', '2022-04-29 04:14:55'),
(1221, 1, 0, 0, '45', '', 1, 6, 1, 1, 0, '2022-04-29 04:15:01', '2022-04-29 04:15:01'),
(1222, 1, 0, 0, '50', '', 1, 6, 1, 1, 0, '2022-04-29 04:15:09', '2022-04-29 04:15:09'),
(1223, 1, 0, 0, '55', '', 1, 6, 1, 1, 0, '2022-04-29 04:15:17', '2022-04-29 04:15:17'),
(1224, 1, 0, 0, '60', '', 1, 6, 1, 1, 0, '2022-04-29 04:15:21', '2022-04-29 04:15:21'),
(1225, 1, 0, 0, '65', '', 1, 6, 1, 1, 0, '2022-04-29 04:15:26', '2022-04-29 04:15:26'),
(1226, 1, 0, 0, '70', '', 1, 6, 1, 1, 0, '2022-04-29 04:15:32', '2022-04-29 04:15:32'),
(1227, 1, 0, 0, '75', '', 1, 6, 1, 1, 0, '2022-04-29 04:15:37', '2022-04-29 04:15:37'),
(1228, 1, 0, 0, '80', '', 1, 6, 1, 1, 0, '2022-04-29 04:15:43', '2022-04-29 04:15:43'),
(1229, 1, 0, 0, '85', '', 1, 6, 1, 1, 0, '2022-04-29 04:15:52', '2022-04-29 04:15:52'),
(1230, 1, 0, 0, '90', '', 1, 6, 1, 1, 0, '2022-04-29 04:16:00', '2022-04-29 04:16:00'),
(1231, 1, 0, 0, '95', '', 1, 6, 1, 1, 0, '2022-04-29 04:16:07', '2022-04-29 04:16:07'),
(1232, 1, 0, 0, '100', '', 1, 6, 1, 1, 0, '2022-04-29 04:16:14', '2022-04-29 04:16:14'),
(1233, 1, 0, 0, '105', '', 1, 6, 1, 1, 0, '2022-04-29 04:16:21', '2022-04-29 04:16:21'),
(1234, 1, 0, 0, '110', '', 1, 6, 1, 1, 0, '2022-04-29 04:16:26', '2022-04-29 04:16:26'),
(1235, 1, 0, 0, '115', '', 1, 6, 1, 1, 0, '2022-04-29 04:16:32', '2022-04-29 04:16:32'),
(1236, 1, 0, 0, '120', '', 1, 6, 1, 1, 0, '2022-04-29 04:16:37', '2022-04-29 04:16:37'),
(1237, 1, 0, 0, '125', '', 1, 6, 1, 1, 0, '2022-04-29 04:16:44', '2022-04-29 04:16:44'),
(1238, 1, 0, 0, '130', '', 1, 6, 1, 1, 0, '2022-04-29 04:16:50', '2022-04-29 04:16:50'),
(1239, 1, 0, 0, '135', '', 1, 6, 1, 1, 0, '2022-04-29 04:16:54', '2022-04-29 04:16:54'),
(1240, 1, 0, 0, '140', '', 1, 6, 1, 1, 0, '2022-04-29 04:17:00', '2022-04-29 04:17:00'),
(1241, 1, 0, 0, '145', '', 1, 6, 1, 1, 0, '2022-04-29 04:17:07', '2022-04-29 04:17:07'),
(1242, 1, 0, 0, '150', '', 1, 6, 1, 1, 0, '2022-04-29 04:17:14', '2022-04-29 04:17:14'),
(1243, 1, 0, 0, '155', '', 1, 6, 1, 1, 0, '2022-04-29 04:17:19', '2022-04-29 04:17:19'),
(1244, 1, 0, 0, '160', '', 1, 6, 1, 1, 0, '2022-04-29 04:17:25', '2022-04-29 04:17:25'),
(1245, 1, 0, 0, '165', '', 1, 6, 1, 1, 0, '2022-04-29 04:17:31', '2022-04-29 04:17:31'),
(1246, 1, 0, 0, '170', '', 1, 6, 1, 1, 0, '2022-04-29 04:17:40', '2022-04-29 04:17:40'),
(1247, 1, 0, 0, '175', '', 1, 6, 1, 1, 0, '2022-04-29 04:17:47', '2022-04-29 04:17:47'),
(1248, 1, 0, 0, '180', '', 1, 6, 1, 1, 0, '2022-04-29 04:17:54', '2022-04-29 04:17:54'),
(1249, 1, 3, 0, '6/6', '', 1, 3, 1, 1, 0, '2022-04-29 05:31:44', '2022-04-29 05:31:44'),
(1250, 1, 3, 0, '6/6P', '', 1, 3, 1, 1, 0, '2022-04-29 05:32:23', '2022-04-29 05:32:23'),
(1251, 1, 3, 0, '6/9', '', 1, 3, 1, 1, 0, '2022-04-29 05:32:43', '2022-04-29 05:32:43'),
(1252, 1, 3, 0, '6/9P', '', 1, 3, 1, 1, 0, '2022-04-29 05:32:55', '2022-04-29 05:32:55'),
(1253, 1, 3, 0, '6/12', '', 1, 3, 1, 1, 0, '2022-04-29 05:33:12', '2022-04-29 05:33:12'),
(1254, 1, 3, 0, '6/12P', '', 1, 3, 1, 1, 0, '2022-04-29 05:33:23', '2022-04-29 05:33:23'),
(1255, 1, 3, 0, '6/18', '', 1, 3, 1, 1, 0, '2022-04-29 05:33:34', '2022-04-29 05:33:34'),
(1256, 1, 3, 0, '6/18P', '', 1, 3, 1, 1, 0, '2022-04-29 05:33:44', '2022-04-29 05:33:44'),
(1257, 1, 3, 0, '6/24', '', 1, 3, 1, 1, 0, '2022-04-29 05:34:05', '2022-04-29 05:34:05'),
(1258, 1, 3, 0, '6/24P', '', 1, 3, 1, 1, 0, '2022-04-29 05:34:15', '2022-04-29 05:34:15'),
(1259, 1, 3, 0, '6/36', '', 1, 3, 1, 1, 0, '2022-04-29 05:34:24', '2022-04-29 05:34:24'),
(1260, 1, 3, 0, '6/36P', '', 1, 3, 1, 1, 0, '2022-04-29 05:34:44', '2022-04-29 05:34:44'),
(1261, 1, 3, 0, '6/60', '', 1, 3, 1, 1, 0, '2022-04-29 05:41:54', '2022-04-29 05:41:54'),
(1262, 1, 3, 0, '6/60P', '', 1, 3, 1, 1, 0, '2022-04-29 05:42:04', '2022-04-29 05:42:04'),
(1263, 2, 3, 0, '6/6', '', 1, 3, 1, 1, 0, '2022-04-29 05:42:17', '2022-04-29 05:42:17'),
(1264, 2, 3, 0, '6/6P', '', 1, 3, 1, 1, 0, '2022-04-29 05:42:28', '2022-04-29 05:42:28'),
(1265, 2, 3, 0, '6/9', '', 1, 3, 1, 1, 0, '2022-04-29 05:42:50', '2022-04-29 05:42:50'),
(1266, 2, 3, 0, '6/9P', '', 1, 3, 1, 1, 0, '2022-04-29 05:43:03', '2022-04-29 05:43:03'),
(1267, 2, 3, 0, '6/12', '', 1, 3, 1, 1, 0, '2022-04-29 05:43:12', '2022-04-29 05:43:12'),
(1268, 2, 3, 0, '6/12P', '', 1, 3, 1, 1, 0, '2022-04-29 05:43:22', '2022-04-29 05:43:22'),
(1269, 2, 3, 0, '6/18', '', 1, 3, 1, 1, 0, '2022-04-29 05:43:34', '2022-04-29 05:43:34'),
(1270, 2, 3, 0, '6/18P', '', 1, 3, 1, 1, 0, '2022-04-29 05:43:49', '2022-04-29 05:43:49'),
(1271, 2, 3, 0, '6/36', '', 1, 3, 1, 1, 0, '2022-04-29 05:44:00', '2022-04-29 05:44:47'),
(1272, 2, 3, 0, '6/36P', '', 1, 3, 1, 1, 0, '2022-04-29 05:44:11', '2022-04-29 05:44:57'),
(1273, 2, 3, 0, '6/60', '', 1, 3, 1, 1, 0, '2022-04-29 05:45:06', '2022-04-29 05:45:06'),
(1274, 2, 3, 0, '6/60P', '', 1, 3, 1, 1, 0, '2022-04-29 05:45:19', '2022-04-29 05:45:19'),
(1275, 1, 4, 0, 'N6', '', 1, 3, 1, 1, 0, '2022-04-29 05:45:42', '2022-04-29 05:45:42'),
(1276, 1, 4, 0, 'N8', '', 1, 3, 1, 1, 0, '2022-04-29 05:45:52', '2022-04-29 05:45:52'),
(1277, 1, 4, 0, 'N10', '', 1, 3, 1, 1, 0, '2022-04-29 05:46:02', '2022-04-29 05:46:02'),
(1278, 1, 4, 0, 'N12', '', 1, 3, 1, 1, 0, '2022-04-29 05:46:12', '2022-04-29 05:46:12'),
(1279, 1, 4, 0, 'N18', '', 1, 3, 1, 1, 0, '2022-04-29 05:46:24', '2022-04-29 05:46:24'),
(1280, 1, 4, 0, 'N36', '', 1, 3, 1, 1, 0, '2022-04-29 05:46:33', '2022-04-29 05:46:33'),
(1281, 2, 4, 0, 'N6', '', 1, 3, 1, 1, 0, '2022-04-29 05:46:50', '2022-04-29 05:46:50'),
(1282, 2, 4, 0, 'N8', '', 1, 3, 1, 1, 0, '2022-04-29 05:46:57', '2022-04-29 05:46:57'),
(1283, 2, 4, 0, 'N10', '', 1, 3, 1, 1, 0, '2022-04-29 05:47:05', '2022-04-29 05:47:05'),
(1284, 2, 4, 0, 'N12', '', 1, 3, 1, 1, 0, '2022-04-29 05:47:13', '2022-04-29 05:47:13'),
(1285, 2, 4, 0, 'N18', '', 1, 3, 1, 1, 0, '2022-04-29 05:47:27', '2022-04-29 05:47:27'),
(1286, 2, 4, 0, 'N36', '', 1, 3, 1, 1, 0, '2022-04-29 05:47:34', '2022-04-29 05:47:34'),
(1287, 1, 0, 0, '6/6', '', 1, 2, 1, 1, 0, '2022-04-29 12:06:06', '2022-04-29 12:06:06'),
(1288, 1, 0, 0, '6/6P', '', 1, 2, 1, 1, 0, '2022-04-29 12:06:15', '2022-04-29 12:06:15'),
(1289, 1, 0, 0, '6/9', '', 1, 2, 1, 1, 0, '2022-04-29 12:06:25', '2022-04-29 12:06:25'),
(1290, 1, 0, 0, '6/9P', '', 1, 2, 1, 1, 0, '2022-04-29 12:06:32', '2022-04-29 12:06:32'),
(1291, 1, 0, 0, '6/12', '', 1, 2, 1, 1, 0, '2022-04-29 12:06:41', '2022-04-29 12:06:41'),
(1292, 1, 0, 0, '6/12P', '', 1, 2, 1, 1, 0, '2022-04-29 12:06:49', '2022-04-29 12:06:49'),
(1293, 1, 0, 0, '6/18', '', 1, 2, 1, 1, 0, '2022-04-29 12:06:54', '2022-04-29 12:06:54'),
(1294, 1, 0, 0, '6/18P', '', 1, 2, 1, 1, 0, '2022-04-29 12:07:01', '2022-04-29 12:07:01'),
(1295, 1, 0, 0, '6/24', '', 1, 2, 1, 1, 0, '2022-04-29 12:07:08', '2022-04-29 12:07:08'),
(1296, 1, 0, 0, '6/24P', '', 1, 2, 1, 1, 0, '2022-04-29 12:07:17', '2022-04-29 12:07:17'),
(1297, 1, 0, 0, '6/36', '', 1, 2, 1, 1, 0, '2022-04-29 12:07:41', '2022-04-29 12:07:41'),
(1298, 1, 0, 0, '6/36P', '', 1, 2, 1, 1, 0, '2022-04-29 12:07:51', '2022-04-29 12:07:51'),
(1299, 1, 0, 0, '6/60', '', 1, 2, 1, 1, 0, '2022-04-29 12:08:00', '2022-04-29 12:08:00'),
(1300, 2, 0, 0, '6/6', '', 1, 2, 1, 1, 0, '2022-04-29 12:08:22', '2022-04-29 12:08:22'),
(1301, 2, 0, 0, '6/6P', '', 1, 2, 1, 1, 0, '2022-04-29 12:08:30', '2022-04-29 12:08:30'),
(1302, 2, 0, 0, '6/9', '', 1, 2, 1, 1, 0, '2022-04-29 12:08:41', '2022-04-29 12:08:41'),
(1303, 2, 0, 0, '6/9P', '', 1, 2, 1, 1, 0, '2022-04-29 12:08:48', '2022-04-29 12:08:48'),
(1304, 2, 0, 0, '6/12', '', 1, 2, 1, 1, 0, '2022-04-29 12:08:56', '2022-04-29 12:08:56'),
(1305, 2, 0, 0, '6/12P', '', 1, 2, 1, 1, 0, '2022-04-29 12:09:04', '2022-04-29 12:09:04'),
(1306, 2, 0, 0, '6/18', '', 1, 2, 1, 1, 0, '2022-04-29 12:09:13', '2022-04-29 12:09:13'),
(1307, 2, 0, 0, '6/18P', '', 1, 2, 1, 1, 0, '2022-04-29 12:09:22', '2022-04-29 12:09:22'),
(1308, 2, 0, 0, '6/24', '', 1, 2, 1, 1, 0, '2022-04-29 12:09:33', '2022-04-29 12:09:33'),
(1309, 2, 0, 0, '6/24P', '', 1, 2, 1, 1, 0, '2022-04-29 12:09:42', '2022-04-29 12:09:42'),
(1310, 2, 0, 0, '6/36', '', 1, 2, 1, 1, 0, '2022-04-29 12:09:49', '2022-04-29 12:09:49'),
(1311, 2, 0, 0, '6/36P', '', 1, 2, 1, 1, 0, '2022-04-29 12:09:57', '2022-04-29 12:09:57'),
(1312, 2, 0, 0, '6/60', '', 1, 2, 1, 1, 0, '2022-04-29 12:10:09', '2022-04-29 12:10:09');

-- --------------------------------------------------------

--
-- Table structure for table `source`
--

CREATE TABLE `source` (
  `source_id` int(5) NOT NULL,
  `name` varchar(100) COLLATE utf8_unicode_ci NOT NULL,
  `description` text COLLATE utf8_unicode_ci NOT NULL,
  `status` int(10) NOT NULL DEFAULT '0',
  `office_id` int(10) NOT NULL,
  `login_id` int(10) NOT NULL,
  `parent_id` int(10) NOT NULL,
  `created_date` timestamp NOT NULL DEFAULT CURRENT_TIMESTAMP,
  `updated_date` timestamp NULL DEFAULT NULL ON UPDATE CURRENT_TIMESTAMP
) ENGINE=InnoDB DEFAULT CHARSET=utf8 COLLATE=utf8_unicode_ci;

--
-- Dumping data for table `source`
--

INSERT INTO `source` (`source_id`, `name`, `description`, `status`, `office_id`, `login_id`, `parent_id`, `created_date`, `updated_date`) VALUES
(2, 'SELF', '', 1, 1, 1, 0, '2021-12-26 06:27:58', '2022-01-19 06:02:20'),
(3, 'FRIENDS AND RELATIVES', '', 1, 1, 1, 0, '2021-12-26 06:28:02', '2022-01-19 06:02:46'),
(4, 'FM RADIO', '', 1, 1, 1, 0, '2021-12-26 06:39:43', '2022-01-19 06:03:05'),
(5, 'YOUTUBE', '', 1, 1, 1, 0, '2022-01-19 06:03:18', NULL),
(6, 'CAMP PATIENT REFERENCE', '', 1, 1, 1, 0, '2022-01-19 06:03:36', NULL),
(7, 'FACE BOOK', '', 1, 1, 1, 0, '2022-01-19 06:03:52', NULL),
(8, 'PAPER ADD', '', 1, 1, 1, 0, '2022-01-19 06:04:11', NULL),
(9, 'TV ADD', '', 1, 1, 1, 0, '2022-01-19 06:04:19', NULL),
(10, 'OTHERS', '', 1, 1, 1, 0, '2022-01-19 06:04:26', NULL);

-- --------------------------------------------------------

--
-- Table structure for table `user`
--

CREATE TABLE `user` (
  `user_id` int(11) NOT NULL,
  `user_roll_id` int(11) NOT NULL,
  `name` varchar(250) NOT NULL,
  `password` varchar(250) NOT NULL,
  `description` text NOT NULL,
  `status` int(11) NOT NULL DEFAULT '1',
  `user_type` int(10) NOT NULL DEFAULT '1',
  `reference_id` int(11) NOT NULL DEFAULT '0',
  `created_id` int(11) NOT NULL,
  `login_id` int(11) NOT NULL,
  `office_id` int(11) NOT NULL,
  `parent_id` int(11) NOT NULL
) ENGINE=MyISAM DEFAULT CHARSET=latin1;

--
-- Dumping data for table `user`
--

INSERT INTO `user` (`user_id`, `user_roll_id`, `name`, `password`, `description`, `status`, `user_type`, `reference_id`, `created_id`, `login_id`, `office_id`, `parent_id`) VALUES
(1, 1, 'Admin', 'admin#2021', '', 1, 1, 0, 1, 1, 1, 0),
(103, 0, 'admin1', 'admin1', '', 1, 4, 0, 0, 1, 1, 0),
(104, 0, 'con', '123', '', 1, 3, 0, 0, 1, 1, 0),
(105, 0, 'doctor', '123', '', 1, 2, 0, 0, 1, 1, 0),
(106, 0, 'reception', '123', '', 1, 4, 0, 0, 1, 1, 0),
(107, 0, 'opto', '123', '', 1, 3, 0, 0, 1, 1, 0),
(108, 0, 'coun', '123', '', 1, 6, 0, 0, 1, 1, 0),
(109, 0, 'lab', '123', '', 1, 8, 0, 0, 1, 1, 0);

-- --------------------------------------------------------

--
-- Table structure for table `user_log_book`
--

CREATE TABLE `user_log_book` (
  `log_id` int(100) NOT NULL,
  `user_id` int(100) NOT NULL,
  `usertype` int(100) NOT NULL,
  `username` varchar(100) COLLATE utf8_unicode_ci NOT NULL,
  `password` varchar(100) COLLATE utf8_unicode_ci NOT NULL,
  `ipaddress` varchar(100) COLLATE utf8_unicode_ci NOT NULL,
  `logintime` timestamp NOT NULL DEFAULT CURRENT_TIMESTAMP ON UPDATE CURRENT_TIMESTAMP,
  `office_id` int(100) NOT NULL,
  `created_date` timestamp NOT NULL DEFAULT CURRENT_TIMESTAMP,
  `updated_time` timestamp NOT NULL DEFAULT '0000-00-00 00:00:00' ON UPDATE CURRENT_TIMESTAMP
) ENGINE=InnoDB DEFAULT CHARSET=utf8 COLLATE=utf8_unicode_ci;

--
-- Dumping data for table `user_log_book`
--

INSERT INTO `user_log_book` (`log_id`, `user_id`, `usertype`, `username`, `password`, `ipaddress`, `logintime`, `office_id`, `created_date`, `updated_time`) VALUES
(1, 1, 1, 'admin', 'admin@123', '157.44.213.45', '2021-03-10 08:15:11', 1, '2021-03-10 14:45:11', '0000-00-00 00:00:00'),
(2, 1, 1, 'admin', 'admin@123', '157.44.213.45', '2021-03-10 08:20:12', 1, '2021-03-10 14:50:12', '0000-00-00 00:00:00'),
(3, 1, 1, 'admin', 'admin@123', '157.44.213.45', '2021-03-10 09:25:00', 1, '2021-03-10 15:55:00', '0000-00-00 00:00:00'),
(4, 1, 1, 'admin', 'admin@123', '157.44.206.176', '2021-03-11 06:00:14', 1, '2021-03-11 12:30:14', '0000-00-00 00:00:00'),
(5, 1, 1, 'admin', 'admin@123', '106.208.142.15', '2021-03-11 08:24:44', 1, '2021-03-11 14:54:44', '0000-00-00 00:00:00'),
(6, 1, 1, 'admin', 'admin@123', '117.249.233.192', '2021-03-11 10:43:59', 1, '2021-03-11 17:13:59', '0000-00-00 00:00:00'),
(7, 1, 1, 'Admin', 'admin@123', '106.197.29.33', '2021-03-12 06:57:06', 1, '2021-03-12 01:27:06', '0000-00-00 00:00:00'),
(8, 1, 1, 'Admin', 'admin@123', '106.197.29.33', '2021-03-12 07:23:53', 1, '2021-03-12 01:53:53', '0000-00-00 00:00:00'),
(9, 1, 1, 'admin', 'admin@123', '157.44.211.212', '2021-03-12 08:04:44', 1, '2021-03-12 02:34:44', '0000-00-00 00:00:00'),
(10, 1, 1, 'admin', 'admin@123', '117.249.233.192', '2021-03-12 12:01:30', 1, '2021-03-12 06:31:30', '0000-00-00 00:00:00'),
(11, 1, 1, 'admin', 'admin@123', '117.215.138.113', '2021-03-12 12:02:09', 1, '2021-03-12 06:32:09', '0000-00-00 00:00:00'),
(12, 1, 1, 'Admin', 'admin@123', '106.197.29.33', '2021-03-12 12:12:21', 1, '2021-03-12 06:42:21', '0000-00-00 00:00:00'),
(13, 1, 1, 'admin', 'admin@123', '106.197.26.190', '2021-03-12 12:54:35', 1, '2021-03-12 07:24:35', '0000-00-00 00:00:00'),
(14, 1, 1, 'admin', 'admin@123', '106.208.57.166', '2021-03-12 01:13:07', 1, '2021-03-12 07:43:07', '0000-00-00 00:00:00'),
(15, 1, 1, 'admin', 'admin@123', '117.246.88.26', '2021-03-12 03:24:11', 1, '2021-03-12 09:54:11', '0000-00-00 00:00:00'),
(16, 1, 1, 'admin', 'admin@123', '157.44.139.137', '2021-03-12 07:01:20', 1, '2021-03-12 13:31:20', '0000-00-00 00:00:00'),
(17, 1, 1, 'Admin', 'admin@123', '27.59.237.36', '2021-03-12 09:06:03', 1, '2021-03-12 15:36:03', '0000-00-00 00:00:00'),
(18, 1, 1, 'admin', 'admin@123', '27.62.19.237', '2021-03-12 10:24:36', 1, '2021-03-12 16:54:36', '0000-00-00 00:00:00'),
(19, 1, 1, 'admin', 'admin@123', '59.93.153.193', '2021-03-13 09:25:44', 1, '2021-03-13 03:55:44', '0000-00-00 00:00:00'),
(20, 1, 1, 'admin', 'admin@123', '59.93.153.193', '2021-03-13 11:10:52', 1, '2021-03-13 05:40:52', '0000-00-00 00:00:00'),
(21, 1, 1, 'admin', 'admin@123', '117.246.35.172', '2021-03-13 12:34:18', 1, '2021-03-13 07:04:18', '0000-00-00 00:00:00'),
(22, 1, 1, 'admin', 'admin@123', '49.206.200.249', '2021-03-13 01:30:49', 1, '2021-03-13 08:00:49', '0000-00-00 00:00:00'),
(23, 1, 1, 'admin', 'admin@123', '59.93.153.193', '2021-03-13 02:26:30', 1, '2021-03-13 08:56:30', '0000-00-00 00:00:00'),
(24, 1, 1, 'admin', 'admin@123', '157.49.208.174', '2021-03-13 09:26:49', 1, '2021-03-13 15:56:49', '0000-00-00 00:00:00'),
(25, 1, 1, 'admin', 'admin@123', '157.49.194.36', '2021-03-14 12:23:22', 1, '2021-03-13 18:53:22', '0000-00-00 00:00:00'),
(26, 1, 1, 'admin', 'admin@123', '157.49.193.78', '2021-03-14 01:13:07', 1, '2021-03-13 19:43:07', '0000-00-00 00:00:00'),
(27, 1, 1, 'admin', 'admin@123', '117.215.137.130', '2021-03-15 09:36:37', 1, '2021-03-15 04:06:37', '0000-00-00 00:00:00'),
(28, 1, 1, 'admin', 'admin@123', '157.44.223.161', '2021-03-15 10:09:17', 1, '2021-03-15 04:39:17', '0000-00-00 00:00:00'),
(29, 1, 1, 'admin', 'admin@123', '106.208.131.17', '2021-03-15 01:06:35', 1, '2021-03-15 07:36:35', '0000-00-00 00:00:00'),
(30, 1, 1, 'admin', 'admin@123', '157.44.216.15', '2021-03-15 01:33:51', 1, '2021-03-15 08:03:51', '0000-00-00 00:00:00'),
(31, 1, 1, 'Admin', 'admin@123', '157.44.138.53', '2021-03-15 05:32:41', 1, '2021-03-15 12:02:41', '0000-00-00 00:00:00'),
(32, 1, 1, 'admin', 'admin@123', '157.44.213.238', '2021-03-15 06:21:45', 1, '2021-03-15 12:51:45', '0000-00-00 00:00:00'),
(33, 1, 1, 'admin', 'admin@123', '117.215.137.130', '2021-03-15 06:24:13', 1, '2021-03-15 12:54:13', '0000-00-00 00:00:00'),
(34, 1, 1, 'admin', 'admin@123', '117.221.157.21', '2021-03-16 09:39:21', 1, '2021-03-16 04:09:21', '0000-00-00 00:00:00'),
(35, 1, 1, 'admin', 'admin@123', '117.221.157.21', '2021-03-16 02:28:07', 1, '2021-03-16 08:58:07', '0000-00-00 00:00:00'),
(36, 1, 1, 'admin', 'admin@123', '59.93.155.192', '2021-03-17 09:39:09', 1, '2021-03-17 04:09:09', '0000-00-00 00:00:00'),
(37, 1, 1, 'admin', 'admin@123', '59.93.155.192', '2021-03-17 03:33:15', 1, '2021-03-17 10:03:15', '0000-00-00 00:00:00'),
(38, 1, 1, 'Admin', 'admin@123', '27.59.237.55', '2021-03-17 04:20:38', 1, '2021-03-17 10:50:38', '0000-00-00 00:00:00'),
(39, 1, 1, 'admin', 'admin@123', '59.93.158.214', '2021-03-18 10:02:12', 1, '2021-03-18 04:32:12', '0000-00-00 00:00:00'),
(40, 1, 1, 'admin', 'admin@123', '59.93.158.214', '2021-03-18 01:04:39', 1, '2021-03-18 07:34:39', '0000-00-00 00:00:00'),
(41, 1, 1, 'admin', 'admin@123', '117.221.159.226', '2021-03-19 09:42:38', 1, '2021-03-19 04:12:38', '0000-00-00 00:00:00'),
(42, 1, 1, 'Admin', 'admin@123', '27.59.237.50', '2021-03-19 10:33:08', 1, '2021-03-19 05:03:08', '0000-00-00 00:00:00'),
(43, 1, 1, 'Admin', 'admin@123', '27.59.237.50', '2021-03-19 04:06:12', 1, '2021-03-19 10:36:12', '0000-00-00 00:00:00'),
(44, 1, 1, 'admin', 'admin@123', '117.221.159.226', '2021-03-19 04:10:21', 1, '2021-03-19 10:40:21', '0000-00-00 00:00:00'),
(45, 1, 1, 'Admin', 'admin@123', '27.59.237.50', '2021-03-19 11:08:59', 1, '2021-03-19 17:38:59', '0000-00-00 00:00:00'),
(46, 1, 1, 'Admin', 'admin@123', '27.59.237.50', '2021-03-19 11:18:25', 1, '2021-03-19 17:48:25', '0000-00-00 00:00:00'),
(47, 1, 1, 'admin', 'admin@123', '117.221.156.210', '2021-03-20 09:43:05', 1, '2021-03-20 04:13:05', '0000-00-00 00:00:00'),
(48, 1, 1, 'admin', 'admin@123', '59.93.158.68', '2021-03-21 09:01:58', 1, '2021-03-21 03:31:58', '0000-00-00 00:00:00'),
(49, 1, 1, 'admin', 'admin@123', '59.93.158.68', '2021-03-21 10:44:35', 1, '2021-03-21 05:14:35', '0000-00-00 00:00:00'),
(50, 1, 1, 'admin', 'admin@123', '59.93.158.68', '2021-03-21 11:45:31', 1, '2021-03-21 06:15:31', '0000-00-00 00:00:00'),
(51, 1, 1, 'admin', 'admin@123', '59.93.158.68', '2021-03-21 12:17:45', 1, '2021-03-21 06:47:45', '0000-00-00 00:00:00'),
(52, 1, 1, 'admin', 'admin@123', '59.93.158.68', '2021-03-21 03:13:09', 1, '2021-03-21 09:43:09', '0000-00-00 00:00:00'),
(53, 1, 1, 'admin', 'admin@123', '157.51.171.128', '2021-03-21 04:32:37', 1, '2021-03-21 11:02:37', '0000-00-00 00:00:00'),
(54, 1, 1, 'Admin', 'admin@123', '27.59.237.60', '2021-03-21 06:43:40', 1, '2021-03-21 13:13:40', '0000-00-00 00:00:00'),
(55, 1, 1, 'admin', 'admin@123', '157.49.208.217', '2021-03-21 08:09:37', 1, '2021-03-21 14:39:37', '0000-00-00 00:00:00'),
(56, 1, 1, 'admin', 'admin@123', '59.93.154.61', '2021-03-22 09:31:57', 1, '2021-03-22 04:01:57', '0000-00-00 00:00:00'),
(57, 1, 1, 'admin', 'admin@123', '117.249.206.202', '2021-03-22 04:42:44', 1, '2021-03-22 11:12:44', '0000-00-00 00:00:00'),
(58, 1, 1, 'admin', 'admin@123', '49.205.80.36', '2021-03-22 08:24:14', 1, '2021-03-22 14:54:14', '0000-00-00 00:00:00'),
(59, 1, 1, 'admin', 'admin@123', '137.97.89.13', '2021-03-22 08:37:38', 1, '2021-03-22 15:07:38', '0000-00-00 00:00:00'),
(60, 1, 1, 'admin', 'admin@123', '59.93.154.181', '2021-03-23 09:33:40', 1, '2021-03-23 04:03:40', '0000-00-00 00:00:00'),
(61, 1, 1, 'admin', 'admin@123', '59.93.154.181', '2021-03-23 07:02:34', 1, '2021-03-23 13:32:34', '0000-00-00 00:00:00'),
(62, 1, 1, 'admin', 'admin@123', '59.93.159.47', '2021-03-24 09:30:31', 1, '2021-03-24 04:00:31', '0000-00-00 00:00:00'),
(63, 1, 1, 'admin', 'admin@123', '117.208.198.34', '2021-03-25 09:12:04', 1, '2021-03-25 03:42:04', '0000-00-00 00:00:00'),
(64, 1, 1, 'admin', 'admin@123', '117.208.198.34', '2021-03-25 07:21:45', 1, '2021-03-25 13:51:45', '0000-00-00 00:00:00'),
(65, 1, 1, 'admin', 'admin@123', '223.228.133.105', '2021-03-25 08:07:12', 1, '2021-03-25 14:37:12', '0000-00-00 00:00:00'),
(66, 1, 1, 'admin', 'admin@123', '59.93.154.114', '2021-03-26 09:16:27', 1, '2021-03-26 03:46:27', '0000-00-00 00:00:00'),
(67, 1, 1, 'admin', 'admin@123', '59.93.155.212', '2021-03-27 09:04:39', 1, '2021-03-27 03:34:39', '0000-00-00 00:00:00'),
(68, 1, 1, 'admin', 'admin@123', '59.93.155.212', '2021-03-27 03:03:58', 1, '2021-03-27 09:33:58', '0000-00-00 00:00:00'),
(69, 1, 1, 'admin', 'admin@123', '59.93.152.210', '2021-03-28 10:54:45', 1, '2021-03-28 05:24:45', '0000-00-00 00:00:00'),
(70, 1, 1, 'admin', 'admin@123', '59.93.152.210', '2021-03-28 12:37:52', 1, '2021-03-28 07:07:52', '0000-00-00 00:00:00'),
(71, 1, 1, 'admin', 'admin@123', '59.93.159.210', '2021-03-29 09:10:10', 1, '2021-03-29 03:40:10', '0000-00-00 00:00:00'),
(72, 1, 1, 'admin', 'admin@123', '59.93.154.245', '2021-03-30 09:12:48', 1, '2021-03-30 03:42:48', '0000-00-00 00:00:00'),
(73, 1, 1, 'admin', 'admin@123', '59.93.154.245', '2021-03-30 07:27:22', 1, '2021-03-30 13:57:22', '0000-00-00 00:00:00'),
(74, 1, 1, 'admin', 'admin@123', '117.208.198.158', '2021-03-31 09:32:08', 1, '2021-03-31 04:02:08', '0000-00-00 00:00:00'),
(75, 1, 1, 'admin', 'admin@123', '117.202.230.110', '2021-03-31 02:42:58', 1, '2021-03-31 09:12:58', '0000-00-00 00:00:00'),
(76, 1, 1, 'admin', 'admin@123', '117.221.155.190', '2021-04-01 09:25:59', 1, '2021-04-01 03:55:59', '0000-00-00 00:00:00'),
(77, 1, 1, 'admin', 'admin@123', '117.221.153.26', '2021-04-02 08:49:29', 1, '2021-04-02 03:19:29', '0000-00-00 00:00:00'),
(78, 1, 1, 'admin', 'admin@123', '117.221.153.26', '2021-04-02 10:54:12', 1, '2021-04-02 05:24:12', '0000-00-00 00:00:00'),
(79, 1, 1, 'admin', 'admin@123', '157.51.102.57', '2021-04-02 03:10:22', 1, '2021-04-02 09:40:22', '0000-00-00 00:00:00'),
(80, 1, 1, 'Admin', 'admin@123', '106.197.29.62', '2021-04-02 05:29:10', 1, '2021-04-02 11:59:10', '0000-00-00 00:00:00'),
(81, 1, 1, 'admin', 'admin@123', '117.215.137.54', '2021-04-03 09:03:27', 1, '2021-04-03 03:33:27', '0000-00-00 00:00:00'),
(82, 1, 1, 'Admin', 'admin@123', '106.197.29.40', '2021-04-03 10:38:57', 1, '2021-04-03 05:08:57', '0000-00-00 00:00:00'),
(83, 1, 1, 'admin', 'admin@123', '157.44.188.142', '2021-04-03 07:21:21', 1, '2021-04-03 13:51:21', '0000-00-00 00:00:00'),
(84, 1, 1, 'admin', 'admin@123', '59.93.156.191', '2021-04-04 09:11:42', 1, '2021-04-04 03:41:42', '0000-00-00 00:00:00'),
(85, 1, 1, 'Admin', 'admin@123', '27.59.237.41', '2021-04-04 01:44:56', 1, '2021-04-04 08:14:56', '0000-00-00 00:00:00'),
(86, 1, 1, 'admin', 'admin@123', '59.93.156.191', '2021-04-04 06:33:18', 1, '2021-04-04 13:03:18', '0000-00-00 00:00:00'),
(87, 1, 1, 'admin', 'admin@123', '59.93.152.96', '2021-04-05 09:00:14', 1, '2021-04-05 03:30:14', '0000-00-00 00:00:00'),
(88, 1, 1, 'admin', 'admin@123', '137.97.92.193', '2021-04-05 03:22:35', 1, '2021-04-05 09:52:35', '0000-00-00 00:00:00'),
(89, 1, 1, 'Admin', 'admin@123', '27.59.237.52', '2021-04-05 06:07:07', 1, '2021-04-05 12:37:07', '0000-00-00 00:00:00'),
(90, 1, 1, 'admin', 'admin@123', '59.93.152.96', '2021-04-05 06:21:09', 1, '2021-04-05 12:51:09', '0000-00-00 00:00:00'),
(91, 1, 1, 'admin', 'admin@123', '117.208.199.47', '2021-04-06 08:50:45', 1, '2021-04-06 03:20:45', '0000-00-00 00:00:00'),
(92, 1, 1, 'admin', 'admin@123', '117.208.199.47', '2021-04-06 04:16:22', 1, '2021-04-06 10:46:22', '0000-00-00 00:00:00'),
(93, 1, 1, 'admin', 'admin@123', '157.51.107.99', '2021-04-06 04:53:04', 1, '2021-04-06 11:23:04', '0000-00-00 00:00:00'),
(94, 1, 1, 'admin', 'admin@123', '157.51.107.99', '2021-04-06 08:13:26', 1, '2021-04-06 14:43:26', '0000-00-00 00:00:00'),
(95, 1, 1, 'Admin', 'admin@123', '27.59.237.57', '2021-04-06 10:05:53', 1, '2021-04-06 16:35:53', '0000-00-00 00:00:00'),
(96, 1, 1, 'admin', 'admin@123', '117.208.198.234', '2021-04-07 09:09:37', 1, '2021-04-07 03:39:37', '0000-00-00 00:00:00'),
(97, 1, 1, 'admin', 'admin@123', '117.208.198.234', '2021-04-07 09:54:35', 1, '2021-04-07 04:24:35', '0000-00-00 00:00:00'),
(98, 1, 1, 'Admin', 'admin@123', '106.197.29.54', '2021-04-07 04:00:18', 1, '2021-04-07 10:30:18', '0000-00-00 00:00:00'),
(99, 1, 1, 'admin', 'admin@123', '117.208.198.234', '2021-04-07 05:51:44', 1, '2021-04-07 12:21:44', '0000-00-00 00:00:00'),
(100, 1, 1, 'Admin', 'admin@123', '106.197.29.54', '2021-04-07 08:27:21', 1, '2021-04-07 14:57:21', '0000-00-00 00:00:00'),
(101, 1, 1, 'admin', 'admin@123', '117.208.197.170', '2021-04-08 09:27:49', 1, '2021-04-08 03:57:49', '0000-00-00 00:00:00'),
(102, 1, 1, 'admin', 'admin@123', '117.208.197.170', '2021-04-08 12:04:11', 1, '2021-04-08 06:34:11', '0000-00-00 00:00:00'),
(103, 1, 1, 'admin', 'admin@123', '117.208.197.170', '2021-04-08 01:21:20', 1, '2021-04-08 07:51:20', '0000-00-00 00:00:00'),
(104, 1, 1, 'admin', 'admin@123', '137.97.84.21', '2021-04-08 07:33:13', 1, '2021-04-08 14:03:13', '0000-00-00 00:00:00'),
(105, 1, 1, 'admin', 'admin@123', '59.93.154.0', '2021-04-09 09:25:06', 1, '2021-04-09 03:55:06', '0000-00-00 00:00:00'),
(106, 1, 1, 'Admin', 'admin@123', '106.197.29.35', '2021-04-09 12:48:30', 1, '2021-04-09 07:18:30', '0000-00-00 00:00:00'),
(107, 1, 1, 'admin', 'admin@123', '59.93.154.0', '2021-04-09 02:26:46', 1, '2021-04-09 08:56:46', '0000-00-00 00:00:00'),
(108, 1, 1, 'admin', 'admin@123', '49.206.200.249', '2021-04-09 04:45:24', 1, '2021-04-09 11:15:24', '0000-00-00 00:00:00'),
(109, 1, 1, 'admin', 'admin@123', '59.93.154.0', '2021-04-09 04:46:53', 1, '2021-04-09 11:16:53', '0000-00-00 00:00:00'),
(110, 1, 1, 'admin', 'admin@123', '59.93.154.0', '2021-04-09 06:04:17', 1, '2021-04-09 12:34:17', '0000-00-00 00:00:00'),
(111, 1, 1, 'admin', 'admin@123', '59.93.157.242', '2021-04-10 08:55:15', 1, '2021-04-10 03:25:15', '0000-00-00 00:00:00'),
(112, 1, 1, 'admin', 'admin@123', '59.93.157.242', '2021-04-10 11:54:54', 1, '2021-04-10 06:24:54', '0000-00-00 00:00:00'),
(113, 1, 1, 'admin', 'admin@123', '59.93.157.242', '2021-04-10 02:25:52', 1, '2021-04-10 08:55:52', '0000-00-00 00:00:00'),
(114, 1, 1, 'Admin', 'admin@123', '106.197.29.55', '2021-04-10 03:26:12', 1, '2021-04-10 09:56:12', '0000-00-00 00:00:00'),
(115, 1, 1, 'Admin', 'admin@123', '106.197.29.55', '2021-04-10 05:32:44', 1, '2021-04-10 12:02:44', '0000-00-00 00:00:00'),
(116, 1, 1, 'admin', 'admin@123', '157.46.94.252', '2021-04-11 12:36:50', 1, '2021-04-10 19:06:50', '0000-00-00 00:00:00'),
(117, 1, 1, 'admin', 'admin@123', '117.208.198.89', '2021-04-11 08:56:37', 1, '2021-04-11 03:26:37', '0000-00-00 00:00:00'),
(118, 1, 1, 'admin', 'admin@123', '157.51.172.0', '2021-04-11 09:34:38', 1, '2021-04-11 04:04:38', '0000-00-00 00:00:00'),
(119, 1, 1, 'admin', 'admin@123', '117.208.198.89', '2021-04-11 11:09:09', 1, '2021-04-11 05:39:09', '0000-00-00 00:00:00'),
(120, 1, 1, 'admin', 'admin@123', '157.51.105.247', '2021-04-11 07:03:29', 1, '2021-04-11 13:33:29', '0000-00-00 00:00:00'),
(121, 1, 1, 'Admin', 'admin@123', '27.59.237.56', '2021-04-11 07:07:01', 1, '2021-04-11 13:37:01', '0000-00-00 00:00:00'),
(122, 1, 1, 'admin', 'admin@123', '157.51.105.247', '2021-04-11 09:04:03', 1, '2021-04-11 15:34:03', '0000-00-00 00:00:00'),
(123, 1, 1, 'admin', 'admin@123', '59.93.159.230', '2021-04-12 09:07:39', 1, '2021-04-12 03:37:39', '0000-00-00 00:00:00'),
(124, 1, 1, 'admin', 'admin@123', '59.93.159.230', '2021-04-12 12:02:46', 1, '2021-04-12 06:32:46', '0000-00-00 00:00:00'),
(125, 1, 1, 'Admin', 'admin@123', '27.59.237.38', '2021-04-12 07:49:23', 1, '2021-04-12 14:19:23', '0000-00-00 00:00:00'),
(126, 1, 1, 'Admin', 'admin@123', '27.59.237.60', '2021-04-13 08:42:21', 1, '2021-04-13 03:12:21', '0000-00-00 00:00:00'),
(127, 1, 1, 'admin', 'admin@123', '59.93.154.220', '2021-04-13 09:22:17', 1, '2021-04-13 03:52:17', '0000-00-00 00:00:00'),
(128, 1, 1, 'admin', 'admin@123', '59.93.154.220', '2021-04-13 09:50:02', 1, '2021-04-13 04:20:02', '0000-00-00 00:00:00'),
(129, 1, 1, 'admin', 'admin@123', '157.44.182.13', '2021-04-13 10:33:14', 1, '2021-04-13 05:03:14', '0000-00-00 00:00:00'),
(130, 1, 1, 'admin', 'admin@123', '59.93.154.220', '2021-04-13 02:26:35', 1, '2021-04-13 08:56:35', '0000-00-00 00:00:00'),
(131, 1, 1, 'admin', 'admin@123', '183.82.190.118', '2021-04-13 02:47:43', 1, '2021-04-13 09:17:43', '0000-00-00 00:00:00'),
(132, 1, 1, 'admin', 'admin@123', '59.93.154.220', '2021-04-13 05:22:25', 1, '2021-04-13 11:52:25', '0000-00-00 00:00:00'),
(133, 1, 1, 'Admin', 'admin@123', '27.59.237.43', '2021-04-13 05:34:30', 1, '2021-04-13 12:04:30', '0000-00-00 00:00:00'),
(134, 1, 1, 'admin', 'admin@123', '117.208.197.53', '2021-04-14 09:06:46', 1, '2021-04-14 03:36:46', '0000-00-00 00:00:00'),
(135, 1, 1, 'Admin', 'admin@123', '106.197.29.58', '2021-04-14 01:20:06', 1, '2021-04-14 07:50:06', '0000-00-00 00:00:00'),
(136, 1, 1, 'admin', 'admin@123', '117.208.197.53', '2021-04-14 01:20:17', 1, '2021-04-14 07:50:17', '0000-00-00 00:00:00'),
(137, 1, 1, 'admin', 'admin@123', '117.208.197.53', '2021-04-14 03:51:35', 1, '2021-04-14 10:21:35', '0000-00-00 00:00:00'),
(138, 1, 1, 'admin', 'admin@123', '59.93.152.213', '2021-04-15 08:57:15', 1, '2021-04-15 03:27:15', '0000-00-00 00:00:00'),
(139, 1, 1, 'Admin', 'admin@123', '106.197.29.54', '2021-04-15 11:52:25', 1, '2021-04-15 06:22:25', '0000-00-00 00:00:00'),
(140, 1, 1, 'admin', 'admin@123', '117.209.146.116', '2021-04-15 12:44:29', 1, '2021-04-15 07:14:29', '0000-00-00 00:00:00'),
(141, 1, 1, 'admin', 'admin@123', '117.215.136.67', '2021-04-16 09:02:15', 1, '2021-04-16 03:32:15', '0000-00-00 00:00:00'),
(142, 1, 1, 'admin', 'admin@123', '117.215.136.67', '2021-04-16 12:37:29', 1, '2021-04-16 07:07:29', '0000-00-00 00:00:00'),
(143, 1, 1, 'admin', 'admin@123', '183.82.190.232', '2021-04-16 04:24:49', 1, '2021-04-16 10:54:49', '0000-00-00 00:00:00'),
(144, 1, 1, 'admin', 'admin@123', '117.249.249.40', '2021-04-16 04:28:33', 1, '2021-04-16 10:58:33', '0000-00-00 00:00:00'),
(145, 1, 1, 'admin', 'admin@123', '117.208.197.4', '2021-04-17 09:16:26', 1, '2021-04-17 03:46:26', '0000-00-00 00:00:00'),
(146, 1, 1, 'Admin', 'admin@123', '27.59.237.49', '2021-04-17 03:38:18', 1, '2021-04-17 10:08:18', '0000-00-00 00:00:00'),
(147, 1, 1, 'admin', 'admin@123', '117.221.154.250', '2021-04-18 09:22:05', 1, '2021-04-18 03:52:05', '0000-00-00 00:00:00'),
(148, 1, 1, 'admin', 'admin@123', '117.221.154.250', '2021-04-18 09:42:52', 1, '2021-04-18 04:12:52', '0000-00-00 00:00:00'),
(149, 1, 1, 'admin', 'admin@123', '117.221.154.250', '2021-04-18 10:27:22', 1, '2021-04-18 04:57:22', '0000-00-00 00:00:00'),
(150, 1, 1, 'Admin', 'admin@123', '27.59.237.59', '2021-04-18 01:14:21', 1, '2021-04-18 07:44:21', '0000-00-00 00:00:00'),
(151, 1, 1, 'admin', 'admin@123', '59.93.159.25', '2021-04-19 09:09:34', 1, '2021-04-19 03:39:34', '0000-00-00 00:00:00'),
(152, 1, 1, 'Admin', 'admin@123', '27.59.237.62', '2021-04-19 07:47:59', 1, '2021-04-19 14:17:59', '0000-00-00 00:00:00'),
(153, 1, 1, 'admin', 'admin@123', '117.208.199.162', '2021-04-20 09:08:30', 1, '2021-04-20 03:38:30', '0000-00-00 00:00:00'),
(154, 1, 1, 'admin', 'admin@123', '117.208.199.162', '2021-04-20 02:49:10', 1, '2021-04-20 09:19:10', '0000-00-00 00:00:00'),
(155, 1, 1, 'admin', 'admin@123', '183.82.189.30', '2021-04-20 08:56:26', 1, '2021-04-20 15:26:26', '0000-00-00 00:00:00'),
(156, 1, 1, 'admin', 'admin@123', '117.208.199.224', '2021-04-21 08:51:23', 1, '2021-04-21 03:21:23', '0000-00-00 00:00:00'),
(157, 1, 1, 'Admin', 'admin@123', '106.197.29.42', '2021-04-21 11:51:57', 1, '2021-04-21 06:21:57', '0000-00-00 00:00:00'),
(158, 1, 1, 'admin', 'admin@123', '117.208.199.224', '2021-04-21 11:52:11', 1, '2021-04-21 06:22:11', '0000-00-00 00:00:00'),
(159, 1, 1, 'Admin', 'admin@123', '27.59.237.32', '2021-04-21 05:23:13', 1, '2021-04-21 11:53:13', '0000-00-00 00:00:00'),
(160, 1, 1, 'admin', 'admin@123', '59.93.158.54', '2021-04-22 08:55:42', 1, '2021-04-22 03:25:42', '0000-00-00 00:00:00'),
(161, 1, 1, 'admin', 'admin@123', '49.206.200.249', '2021-04-22 10:05:04', 1, '2021-04-22 04:35:04', '0000-00-00 00:00:00'),
(162, 1, 1, 'admin', 'admin@123', '59.93.158.54', '2021-04-22 10:20:52', 1, '2021-04-22 04:50:52', '0000-00-00 00:00:00'),
(163, 1, 1, 'admin', 'admin@123', '59.93.158.54', '2021-04-22 02:36:36', 1, '2021-04-22 09:06:36', '0000-00-00 00:00:00'),
(164, 1, 1, 'Admin', 'admin@123', '106.197.29.49', '2021-04-22 05:30:43', 1, '2021-04-22 12:00:43', '0000-00-00 00:00:00'),
(165, 1, 1, 'admin', 'admin@123', '117.215.139.155', '2021-04-23 08:53:18', 1, '2021-04-23 03:23:18', '0000-00-00 00:00:00'),
(166, 1, 1, 'admin', 'admin@123', '137.97.81.132', '2021-04-23 10:03:40', 1, '2021-04-23 04:33:40', '0000-00-00 00:00:00'),
(167, 1, 1, 'admin', 'admin@123', '117.215.139.155', '2021-04-23 06:06:38', 1, '2021-04-23 12:36:38', '0000-00-00 00:00:00'),
(168, 1, 1, 'admin', 'admin@123', '117.215.139.60', '2021-04-24 09:28:33', 1, '2021-04-24 03:58:33', '0000-00-00 00:00:00'),
(169, 1, 1, 'admin', 'admin@123', '117.215.139.60', '2021-04-24 01:42:23', 1, '2021-04-24 08:12:23', '0000-00-00 00:00:00'),
(170, 1, 1, 'Admin', 'admin@123', '106.197.29.50', '2021-04-24 05:50:47', 1, '2021-04-24 12:20:47', '0000-00-00 00:00:00'),
(171, 1, 1, 'admin', 'admin@123', '49.205.80.243', '2021-04-25 01:34:31', 1, '2021-04-25 08:04:31', '0000-00-00 00:00:00'),
(172, 1, 1, 'admin', 'admin@123', '117.221.159.93', '2021-04-26 11:02:26', 1, '2021-04-26 05:32:26', '0000-00-00 00:00:00'),
(173, 1, 1, 'Admin', 'admin@123', '106.197.29.61', '2021-04-26 08:26:26', 1, '2021-04-26 14:56:26', '0000-00-00 00:00:00'),
(174, 1, 1, 'admin', 'admin@123', '117.215.136.122', '2021-04-27 09:01:23', 1, '2021-04-27 03:31:23', '0000-00-00 00:00:00'),
(175, 1, 1, 'Admin', 'admin@123', '27.59.237.51', '2021-04-27 04:45:03', 1, '2021-04-27 11:15:03', '0000-00-00 00:00:00'),
(176, 1, 1, 'admin', 'admin@123', '117.221.158.235', '2021-04-28 08:56:11', 1, '2021-04-28 03:26:11', '0000-00-00 00:00:00'),
(177, 1, 1, 'admin', 'admin@123', '157.46.117.226', '2021-04-28 09:32:52', 1, '2021-04-28 04:02:52', '0000-00-00 00:00:00'),
(178, 1, 1, 'admin', 'admin@123', '157.46.117.226', '2021-04-28 12:43:19', 1, '2021-04-28 07:13:19', '0000-00-00 00:00:00'),
(179, 1, 1, 'admin', 'admin@123', '59.93.157.206', '2021-04-28 03:17:21', 1, '2021-04-28 09:47:21', '0000-00-00 00:00:00'),
(180, 1, 1, 'admin', 'admin@123', '157.46.109.114', '2021-04-29 08:51:31', 1, '2021-04-29 03:21:31', '0000-00-00 00:00:00'),
(181, 1, 1, 'admin', 'admin@123', '117.221.156.99', '2021-04-29 09:03:20', 1, '2021-04-29 03:33:20', '0000-00-00 00:00:00'),
(182, 1, 1, 'Admin', 'admin@123', '27.59.237.63', '2021-04-29 06:13:50', 1, '2021-04-29 12:43:50', '0000-00-00 00:00:00'),
(183, 1, 1, 'admin', 'admin@123', '157.46.109.114', '2021-04-29 08:04:02', 1, '2021-04-29 14:34:02', '0000-00-00 00:00:00'),
(184, 1, 1, 'admin', 'admin@123', '117.208.196.246', '2021-04-30 09:05:32', 1, '2021-04-30 03:35:32', '0000-00-00 00:00:00'),
(185, 1, 1, 'admin', 'admin@123', '157.51.183.212', '2021-04-30 11:43:10', 1, '2021-04-30 06:13:10', '0000-00-00 00:00:00'),
(186, 1, 1, 'admin', 'admin@123', '157.51.183.182', '2021-04-30 03:14:02', 1, '2021-04-30 09:44:02', '0000-00-00 00:00:00'),
(187, 1, 1, 'admin', 'admin@123', '157.51.183.182', '2021-04-30 03:35:01', 1, '2021-04-30 10:05:01', '0000-00-00 00:00:00'),
(188, 1, 1, 'admin', 'admin@123', '157.51.183.182', '2021-04-30 07:17:15', 1, '2021-04-30 13:47:15', '0000-00-00 00:00:00'),
(189, 1, 1, 'admin', 'admin@123', '117.215.136.22', '2021-05-01 09:10:32', 1, '2021-05-01 03:40:32', '0000-00-00 00:00:00'),
(190, 1, 1, 'admin', 'admin@123', '117.215.136.22', '2021-05-01 03:58:36', 1, '2021-05-01 10:28:36', '0000-00-00 00:00:00'),
(191, 1, 1, 'admin', 'admin@123', '157.51.52.126', '2021-05-01 06:02:50', 1, '2021-05-01 12:32:50', '0000-00-00 00:00:00'),
(192, 1, 1, 'Admin', 'admin@123', '27.59.237.43', '2021-05-02 12:53:19', 1, '2021-05-02 07:23:19', '0000-00-00 00:00:00'),
(193, 1, 1, 'admin', 'admin@123', '157.51.60.211', '2021-05-02 06:07:15', 1, '2021-05-02 12:37:15', '0000-00-00 00:00:00'),
(194, 1, 1, 'admin', 'admin@123', '117.208.197.165', '2021-05-03 09:07:26', 1, '2021-05-03 03:37:26', '0000-00-00 00:00:00'),
(195, 1, 1, 'Admin', 'admin@123', '27.59.237.50', '2021-05-03 10:47:40', 1, '2021-05-03 05:17:40', '0000-00-00 00:00:00'),
(196, 1, 1, 'admin', 'admin@123', '157.49.68.89', '2021-05-03 06:41:12', 1, '2021-05-03 13:11:12', '0000-00-00 00:00:00'),
(197, 1, 1, 'admin', 'admin@123', '157.49.68.89', '2021-05-03 09:58:11', 1, '2021-05-03 16:28:11', '0000-00-00 00:00:00'),
(198, 1, 1, 'Admin', 'admin@123', '27.59.237.54', '2021-05-03 11:09:22', 1, '2021-05-03 17:39:22', '0000-00-00 00:00:00'),
(199, 1, 1, 'admin', 'admin@123', '27.59.237.54', '2021-05-03 11:18:07', 1, '2021-05-03 17:48:07', '0000-00-00 00:00:00'),
(200, 1, 1, 'admin', 'admin@123', '157.49.207.241', '2021-05-04 09:01:39', 1, '2021-05-04 03:31:39', '0000-00-00 00:00:00'),
(201, 1, 1, 'admin', 'admin@123', '59.93.156.16', '2021-05-04 09:07:56', 1, '2021-05-04 03:37:56', '0000-00-00 00:00:00'),
(202, 1, 1, 'admin', 'admin@123', '106.197.29.62', '2021-05-04 12:32:40', 1, '2021-05-04 07:02:40', '0000-00-00 00:00:00'),
(203, 1, 1, 'admin', 'admin@123', '59.93.156.16', '2021-05-04 01:41:20', 1, '2021-05-04 08:11:20', '0000-00-00 00:00:00'),
(204, 1, 1, 'admin', 'admin@123', '157.49.207.241', '2021-05-04 02:32:04', 1, '2021-05-04 09:02:04', '0000-00-00 00:00:00'),
(205, 1, 1, 'admin', 'admin@123', '157.49.207.241', '2021-05-04 05:45:35', 1, '2021-05-04 12:15:35', '0000-00-00 00:00:00'),
(206, 1, 1, 'admin', 'admin@123', '106.197.29.61', '2021-05-04 08:40:03', 1, '2021-05-04 15:10:03', '0000-00-00 00:00:00'),
(207, 1, 1, 'admin', 'admin@123', '157.49.207.241', '2021-05-04 09:47:54', 1, '2021-05-04 16:17:54', '0000-00-00 00:00:00'),
(208, 1, 1, 'admin', 'admin@123', '59.93.159.7', '2021-05-05 08:53:49', 1, '2021-05-05 03:23:49', '0000-00-00 00:00:00'),
(209, 1, 1, 'admin', 'admin@123', '59.93.159.7', '2021-05-05 01:03:08', 1, '2021-05-05 07:33:08', '0000-00-00 00:00:00'),
(210, 1, 1, 'admin', 'admin@123', '157.49.215.156', '2021-05-05 05:09:35', 1, '2021-05-05 11:39:35', '0000-00-00 00:00:00'),
(211, 1, 1, 'admin', 'admin@123', '137.97.82.206', '2021-05-05 09:16:32', 1, '2021-05-05 15:46:32', '0000-00-00 00:00:00'),
(212, 1, 1, 'admin', 'admin@123', '157.49.215.156', '2021-05-05 10:29:50', 1, '2021-05-05 16:59:50', '0000-00-00 00:00:00'),
(213, 1, 1, 'admin', 'admin@123', '117.208.197.65', '2021-05-06 09:18:33', 1, '2021-05-06 03:48:33', '0000-00-00 00:00:00'),
(214, 1, 1, 'admin', 'admin@123', '106.197.29.39', '2021-05-06 09:43:13', 1, '2021-05-06 04:13:13', '0000-00-00 00:00:00'),
(215, 1, 1, 'admin', 'admin@123', '157.49.203.150', '2021-05-06 09:51:12', 1, '2021-05-06 04:21:12', '0000-00-00 00:00:00'),
(216, 1, 1, 'admin', 'admin@123', '157.49.203.150', '2021-05-06 11:32:24', 1, '2021-05-06 06:02:24', '0000-00-00 00:00:00'),
(217, 1, 1, 'admin', 'admin@123', '157.49.203.150', '2021-05-06 06:32:35', 1, '2021-05-06 13:02:35', '0000-00-00 00:00:00'),
(218, 1, 1, 'admin', 'admin@123', '157.49.203.150', '2021-05-06 09:41:44', 1, '2021-05-06 16:11:44', '0000-00-00 00:00:00'),
(219, 1, 1, 'admin', 'admin@123', '157.49.194.29', '2021-05-07 08:12:47', 1, '2021-05-07 02:42:47', '0000-00-00 00:00:00'),
(220, 1, 1, 'admin', 'admin@123', '117.215.139.223', '2021-05-07 09:14:48', 1, '2021-05-07 03:44:48', '0000-00-00 00:00:00'),
(221, 1, 1, 'admin', 'admin@123', '157.49.194.29', '2021-05-07 01:33:55', 1, '2021-05-07 08:03:55', '0000-00-00 00:00:00'),
(222, 1, 1, 'admin', 'admin@123', '157.49.194.29', '2021-05-07 04:43:03', 1, '2021-05-07 11:13:03', '0000-00-00 00:00:00'),
(223, 1, 1, 'admin', 'admin@123', '157.49.198.28', '2021-05-08 08:44:04', 1, '2021-05-08 03:14:04', '0000-00-00 00:00:00'),
(224, 1, 1, 'admin', 'admin@123', '117.208.196.36', '2021-05-08 10:19:02', 1, '2021-05-08 04:49:02', '0000-00-00 00:00:00'),
(225, 1, 1, 'admin', 'admin@123', '27.59.237.48', '2021-05-08 12:19:35', 1, '2021-05-08 06:49:35', '0000-00-00 00:00:00'),
(226, 1, 1, 'admin', 'admin@123', '117.221.155.157', '2021-05-08 01:18:02', 1, '2021-05-08 07:48:02', '0000-00-00 00:00:00'),
(227, 1, 1, 'admin', 'admin@123', '137.97.112.254', '2021-05-08 09:27:16', 1, '2021-05-08 15:57:16', '0000-00-00 00:00:00'),
(228, 1, 1, 'admin', 'admin@123', '157.49.198.28', '2021-05-08 10:34:32', 1, '2021-05-08 17:04:32', '0000-00-00 00:00:00'),
(229, 1, 1, 'admin', 'admin@123', '157.49.212.195', '2021-05-09 10:07:34', 1, '2021-05-09 04:37:34', '0000-00-00 00:00:00'),
(230, 1, 1, 'admin', 'admin@123', '117.221.155.49', '2021-05-10 08:54:22', 1, '2021-05-10 03:24:22', '0000-00-00 00:00:00'),
(231, 1, 1, 'admin', 'admin@123', '157.51.63.95', '2021-05-10 08:59:44', 1, '2021-05-10 03:29:44', '0000-00-00 00:00:00'),
(232, 1, 1, 'admin', 'admin@123', '117.221.153.49', '2021-05-10 01:01:47', 1, '2021-05-10 07:31:47', '0000-00-00 00:00:00'),
(233, 1, 1, 'admin', 'admin@123', '157.51.63.95', '2021-05-10 08:42:20', 1, '2021-05-10 15:12:20', '0000-00-00 00:00:00'),
(234, 1, 1, 'admin', 'admin@123', '117.221.158.172', '2021-05-11 09:31:26', 1, '2021-05-11 04:01:26', '0000-00-00 00:00:00'),
(235, 1, 1, 'admin', 'admin@123', '157.51.58.8', '2021-05-11 06:08:56', 1, '2021-05-11 12:38:56', '0000-00-00 00:00:00'),
(236, 1, 1, 'admin', 'admin@123', '183.82.189.77', '2021-05-11 07:37:36', 1, '2021-05-11 14:07:36', '0000-00-00 00:00:00'),
(237, 1, 1, 'admin', 'admin@123', '59.93.154.176', '2021-05-12 09:03:52', 1, '2021-05-12 03:33:52', '0000-00-00 00:00:00'),
(238, 1, 1, 'admin', 'admin@123', '157.51.113.217', '2021-05-12 09:54:51', 1, '2021-05-12 04:24:51', '0000-00-00 00:00:00'),
(239, 1, 1, 'admin', 'admin@123', '157.51.113.217', '2021-05-12 04:47:32', 1, '2021-05-12 11:17:32', '0000-00-00 00:00:00'),
(240, 1, 1, 'admin', 'admin@123', '59.93.156.64', '2021-05-13 09:11:29', 1, '2021-05-13 03:41:29', '0000-00-00 00:00:00'),
(241, 1, 1, 'admin', 'admin@123', '157.51.35.163', '2021-05-13 12:55:32', 1, '2021-05-13 07:25:32', '0000-00-00 00:00:00'),
(242, 1, 1, 'admin', 'admin@123', '157.49.65.213', '2021-05-13 02:22:02', 1, '2021-05-13 08:52:02', '0000-00-00 00:00:00'),
(243, 1, 1, 'admin', 'admin@123', '117.215.139.146', '2021-05-13 04:07:23', 1, '2021-05-13 10:37:23', '0000-00-00 00:00:00'),
(244, 1, 1, 'admin', 'admin@123', '157.49.65.213', '2021-05-13 08:43:38', 1, '2021-05-13 15:13:38', '0000-00-00 00:00:00'),
(245, 1, 1, 'admin', 'admin@123', '117.208.196.44', '2021-05-14 09:22:28', 1, '2021-05-14 03:52:28', '0000-00-00 00:00:00'),
(246, 1, 1, 'admin', 'admin@123', '157.49.76.72', '2021-05-14 11:37:33', 1, '2021-05-14 06:07:33', '0000-00-00 00:00:00'),
(247, 1, 1, 'admin', 'admin@123', '157.49.76.72', '2021-05-14 05:41:07', 1, '2021-05-14 12:11:07', '0000-00-00 00:00:00'),
(248, 1, 1, 'admin', 'admin@123', '117.215.139.254', '2021-05-15 09:40:46', 1, '2021-05-15 04:10:46', '0000-00-00 00:00:00'),
(249, 1, 1, 'admin', 'admin@123', '59.93.159.164', '2021-05-15 11:46:32', 1, '2021-05-15 06:16:32', '0000-00-00 00:00:00'),
(250, 1, 1, 'admin', 'admin@123', '157.51.140.217', '2021-05-15 03:10:41', 1, '2021-05-15 09:40:41', '0000-00-00 00:00:00'),
(251, 1, 1, 'admin', 'admin@123', '117.221.159.69', '2021-05-15 03:28:12', 1, '2021-05-15 09:58:12', '0000-00-00 00:00:00'),
(252, 1, 1, 'admin', 'admin@123', '157.46.105.9', '2021-05-15 08:30:49', 1, '2021-05-15 15:00:49', '0000-00-00 00:00:00'),
(253, 1, 1, 'admin', 'admin@123', '157.46.105.183', '2021-05-16 09:05:41', 1, '2021-05-16 03:35:41', '0000-00-00 00:00:00'),
(254, 1, 1, 'admin', 'admin@123', '157.46.105.183', '2021-05-16 01:47:16', 1, '2021-05-16 08:17:16', '0000-00-00 00:00:00'),
(255, 1, 1, 'admin', 'admin@123', '157.46.105.183', '2021-05-16 05:24:01', 1, '2021-05-16 11:54:01', '0000-00-00 00:00:00'),
(256, 1, 1, 'admin', 'admin@123', '157.46.105.183', '2021-05-16 08:59:34', 1, '2021-05-16 15:29:34', '0000-00-00 00:00:00'),
(257, 1, 1, 'admin', 'admin@123', '59.93.154.143', '2021-05-17 08:36:47', 1, '2021-05-17 03:06:47', '0000-00-00 00:00:00'),
(258, 1, 1, 'admin', 'admin@123', '157.49.236.250', '2021-05-17 09:31:38', 1, '2021-05-17 04:01:38', '0000-00-00 00:00:00'),
(259, 1, 1, 'admin', 'admin@123', '157.49.236.250', '2021-05-17 12:17:04', 1, '2021-05-17 06:47:04', '0000-00-00 00:00:00'),
(260, 1, 1, 'admin', 'admin@123', '59.93.154.143', '2021-05-17 05:23:16', 1, '2021-05-17 11:53:16', '0000-00-00 00:00:00'),
(261, 1, 1, 'admin', 'admin@123', '183.82.188.28', '2021-05-17 06:53:32', 1, '2021-05-17 13:23:32', '0000-00-00 00:00:00'),
(262, 1, 1, 'admin', 'admin@123', '157.49.69.69', '2021-05-17 08:17:16', 1, '2021-05-17 14:47:16', '0000-00-00 00:00:00'),
(263, 1, 1, 'admin', 'admin@123', '117.215.138.91', '2021-05-18 08:53:23', 1, '2021-05-18 03:23:23', '0000-00-00 00:00:00'),
(264, 1, 1, 'admin', 'admin@123', '27.59.237.57', '2021-05-18 12:04:30', 1, '2021-05-18 06:34:30', '0000-00-00 00:00:00'),
(265, 1, 1, 'admin', 'admin@123', '117.215.138.91', '2021-05-18 12:06:21', 1, '2021-05-18 06:36:21', '0000-00-00 00:00:00'),
(266, 1, 1, 'admin', 'admin@123', '117.215.138.91', '2021-05-18 12:47:31', 1, '2021-05-18 07:17:31', '0000-00-00 00:00:00'),
(267, 1, 1, 'admin', 'admin@123', '117.215.138.91', '2021-05-18 01:16:09', 1, '2021-05-18 07:46:09', '0000-00-00 00:00:00'),
(268, 1, 1, 'admin', 'admin@123', '157.46.67.76', '2021-05-18 03:38:10', 1, '2021-05-18 10:08:10', '0000-00-00 00:00:00'),
(269, 1, 1, 'admin', 'admin@123', '117.215.138.91', '2021-05-18 05:25:26', 1, '2021-05-18 11:55:26', '0000-00-00 00:00:00'),
(270, 1, 1, 'admin', 'admin@123', '157.46.67.76', '2021-05-18 07:12:42', 1, '2021-05-18 13:42:42', '0000-00-00 00:00:00'),
(271, 1, 1, 'admin', 'admin@123', '157.51.51.211', '2021-05-19 09:28:34', 1, '2021-05-19 03:58:34', '0000-00-00 00:00:00'),
(272, 1, 1, 'admin', 'admin@123', '59.93.156.26', '2021-05-19 09:38:24', 1, '2021-05-19 04:08:24', '0000-00-00 00:00:00'),
(273, 1, 1, 'admin', 'admin@123', '59.93.156.26', '2021-05-19 11:24:37', 1, '2021-05-19 05:54:37', '0000-00-00 00:00:00'),
(274, 1, 1, 'admin', 'admin@123', '59.93.156.26', '2021-05-19 12:25:04', 1, '2021-05-19 06:55:04', '0000-00-00 00:00:00'),
(275, 1, 1, 'admin', 'admin@123', '59.93.156.26', '2021-05-19 12:49:51', 1, '2021-05-19 07:19:51', '0000-00-00 00:00:00'),
(276, 1, 1, 'admin', 'admin@123', '157.51.51.211', '2021-05-19 01:17:09', 1, '2021-05-19 07:47:09', '0000-00-00 00:00:00'),
(277, 1, 1, 'admin', 'admin@123', '59.93.156.26', '2021-05-19 01:49:20', 1, '2021-05-19 08:19:20', '0000-00-00 00:00:00'),
(278, 1, 1, 'admin', 'admin@123', '59.93.156.26', '2021-05-19 02:59:57', 1, '2021-05-19 09:29:57', '0000-00-00 00:00:00'),
(279, 1, 1, 'admin', 'admin@123', '59.93.156.26', '2021-05-19 05:21:29', 1, '2021-05-19 11:51:29', '0000-00-00 00:00:00'),
(280, 1, 1, 'admin', 'admin@123', '59.93.152.154', '2021-05-20 09:28:20', 1, '2021-05-20 03:58:20', '0000-00-00 00:00:00'),
(281, 1, 1, 'admin', 'admin@123', '59.93.152.154', '2021-05-20 11:19:33', 1, '2021-05-20 05:49:33', '0000-00-00 00:00:00'),
(282, 1, 1, 'admin', 'admin@123', '59.93.152.154', '2021-05-20 12:08:24', 1, '2021-05-20 06:38:24', '0000-00-00 00:00:00'),
(283, 1, 1, 'admin', 'admin@123', '157.51.54.187', '2021-05-20 01:55:42', 1, '2021-05-20 08:25:42', '0000-00-00 00:00:00'),
(284, 1, 1, 'admin', 'admin@123', '59.93.152.154', '2021-05-20 02:11:54', 1, '2021-05-20 08:41:54', '0000-00-00 00:00:00'),
(285, 1, 1, 'admin', 'admin@123', '59.93.152.154', '2021-05-20 05:54:15', 1, '2021-05-20 12:24:15', '0000-00-00 00:00:00'),
(286, 1, 1, 'admin', 'admin@123', '157.51.18.68', '2021-05-20 07:43:31', 1, '2021-05-20 14:13:31', '0000-00-00 00:00:00'),
(287, 1, 1, 'admin', 'admin@123', '59.93.155.52', '2021-05-21 09:23:26', 1, '2021-05-21 03:53:26', '0000-00-00 00:00:00'),
(288, 1, 1, 'admin', 'admin@123', '27.59.237.33', '2021-05-21 11:46:24', 1, '2021-05-21 06:16:24', '0000-00-00 00:00:00'),
(289, 1, 1, 'admin', 'admin@123', '59.93.155.52', '2021-05-21 12:57:46', 1, '2021-05-21 07:27:46', '0000-00-00 00:00:00'),
(290, 1, 1, 'admin', 'admin@123', '157.46.87.16', '2021-05-21 01:09:20', 1, '2021-05-21 07:39:20', '0000-00-00 00:00:00'),
(291, 1, 1, 'admin', 'admin@123', '59.93.155.52', '2021-05-21 05:23:55', 1, '2021-05-21 11:53:55', '0000-00-00 00:00:00'),
(292, 1, 1, 'admin', 'admin@123', '157.51.84.163', '2021-05-21 09:27:03', 1, '2021-05-21 15:57:03', '0000-00-00 00:00:00'),
(293, 1, 1, 'admin', 'admin@123', '59.93.156.84', '2021-05-22 09:04:48', 1, '2021-05-22 03:34:48', '0000-00-00 00:00:00'),
(294, 1, 1, 'admin', 'admin@123', '157.51.74.146', '2021-05-22 09:26:45', 1, '2021-05-22 03:56:45', '0000-00-00 00:00:00'),
(295, 1, 1, 'admin', 'admin@123', '59.93.156.84', '2021-05-22 10:15:56', 1, '2021-05-22 04:45:56', '0000-00-00 00:00:00'),
(296, 1, 1, 'admin', 'admin@123', '59.93.156.84', '2021-05-22 10:32:15', 1, '2021-05-22 05:02:15', '0000-00-00 00:00:00'),
(297, 1, 1, 'admin', 'admin@123', '59.93.156.84', '2021-05-22 10:32:18', 1, '2021-05-22 05:02:18', '0000-00-00 00:00:00'),
(298, 1, 1, 'admin', 'admin@123', '117.215.139.227', '2021-05-24 09:13:54', 1, '2021-05-24 03:43:54', '0000-00-00 00:00:00'),
(299, 1, 1, 'admin', 'admin@123', '117.215.139.227', '2021-05-24 10:08:46', 1, '2021-05-24 04:38:46', '0000-00-00 00:00:00'),
(300, 1, 1, 'admin', 'admin@123', '117.215.139.227', '2021-05-24 11:52:34', 1, '2021-05-24 06:22:34', '0000-00-00 00:00:00'),
(301, 1, 1, 'admin', 'admin@123', '117.215.139.227', '2021-05-24 01:35:53', 1, '2021-05-24 08:05:53', '0000-00-00 00:00:00'),
(302, 1, 1, 'admin', 'admin@123', '106.197.29.49', '2021-05-24 05:31:22', 1, '2021-05-24 12:01:22', '0000-00-00 00:00:00'),
(303, 1, 1, 'admin', 'admin@123', '106.197.29.49', '2021-05-24 08:43:00', 1, '2021-05-24 15:13:00', '0000-00-00 00:00:00'),
(304, 1, 1, 'admin', 'admin@123', '157.51.82.199', '2021-05-24 10:30:32', 1, '2021-05-24 17:00:32', '0000-00-00 00:00:00'),
(305, 1, 1, 'admin', 'admin@123', '59.93.158.104', '2021-05-25 09:34:12', 1, '2021-05-25 04:04:12', '0000-00-00 00:00:00'),
(306, 1, 1, 'admin', 'admin@123', '59.93.158.104', '2021-05-25 09:37:25', 1, '2021-05-25 04:07:25', '0000-00-00 00:00:00'),
(307, 1, 1, 'admin', 'admin@123', '59.93.158.104', '2021-05-25 11:12:37', 1, '2021-05-25 05:42:37', '0000-00-00 00:00:00'),
(308, 1, 1, 'admin', 'admin@123', '157.51.79.30', '2021-05-25 11:34:58', 1, '2021-05-25 06:04:58', '0000-00-00 00:00:00'),
(309, 1, 1, 'admin', 'admin@123', '157.51.79.30', '2021-05-25 03:48:12', 1, '2021-05-25 10:18:12', '0000-00-00 00:00:00'),
(310, 1, 1, 'admin', 'admin@123', '157.51.79.30', '2021-05-25 05:52:39', 1, '2021-05-25 12:22:39', '0000-00-00 00:00:00'),
(311, 1, 1, 'admin', 'admin@123', '157.51.79.30', '2021-05-25 08:18:38', 1, '2021-05-25 14:48:38', '0000-00-00 00:00:00'),
(312, 1, 1, 'admin', 'admin@123', '59.93.158.136', '2021-05-26 09:14:18', 1, '2021-05-26 03:44:18', '0000-00-00 00:00:00'),
(313, 1, 1, 'admin', 'admin@123', '157.51.93.46', '2021-05-26 10:06:00', 1, '2021-05-26 04:36:00', '0000-00-00 00:00:00'),
(314, 1, 1, 'admin', 'admin@123', '59.93.158.136', '2021-05-26 12:03:21', 1, '2021-05-26 06:33:21', '0000-00-00 00:00:00'),
(315, 1, 1, 'admin', 'admin@123', '157.51.93.46', '2021-05-26 03:32:30', 1, '2021-05-26 10:02:30', '0000-00-00 00:00:00'),
(316, 1, 1, 'admin', 'admin@123', '59.93.158.136', '2021-05-26 05:01:55', 1, '2021-05-26 11:31:55', '0000-00-00 00:00:00'),
(317, 1, 1, 'admin', 'admin@123', '157.51.93.46', '2021-05-26 07:24:10', 1, '2021-05-26 13:54:10', '0000-00-00 00:00:00'),
(318, 1, 1, 'admin', 'admin@123', '59.93.157.38', '2021-05-27 09:07:18', 1, '2021-05-27 03:37:18', '0000-00-00 00:00:00'),
(319, 1, 1, 'admin', 'admin@123', '157.49.204.67', '2021-05-27 03:12:58', 1, '2021-05-27 09:42:58', '0000-00-00 00:00:00'),
(320, 1, 1, 'admin', 'admin@123', '157.49.204.67', '2021-05-27 08:31:45', 1, '2021-05-27 15:01:45', '0000-00-00 00:00:00'),
(321, 1, 1, 'admin', 'admin@123', '117.215.137.244', '2021-05-28 09:10:50', 1, '2021-05-28 03:40:50', '0000-00-00 00:00:00'),
(322, 1, 1, 'admin', 'admin@123', '117.215.137.244', '2021-05-28 10:40:37', 1, '2021-05-28 05:10:37', '0000-00-00 00:00:00'),
(323, 1, 1, 'admin', 'admin@123', '106.197.29.34', '2021-05-28 11:51:53', 1, '2021-05-28 06:21:53', '0000-00-00 00:00:00'),
(324, 1, 1, 'admin', 'admin@123', '117.215.137.244', '2021-05-28 12:05:04', 1, '2021-05-28 06:35:04', '0000-00-00 00:00:00'),
(325, 1, 1, 'admin', 'admin@123', '157.46.90.72', '2021-05-28 07:49:04', 1, '2021-05-28 14:19:04', '0000-00-00 00:00:00'),
(326, 1, 1, 'admin', 'admin@123', '59.93.155.205', '2021-05-29 09:10:36', 1, '2021-05-29 03:40:36', '0000-00-00 00:00:00'),
(327, 1, 1, 'admin', 'admin@123', '157.46.64.203', '2021-05-29 10:04:06', 1, '2021-05-29 04:34:06', '0000-00-00 00:00:00'),
(328, 1, 1, 'admin', 'admin@123', '59.93.155.205', '2021-05-29 10:05:57', 1, '2021-05-29 04:35:57', '0000-00-00 00:00:00'),
(329, 1, 1, 'admin', 'admin@123', '59.93.155.205', '2021-05-29 11:41:47', 1, '2021-05-29 06:11:47', '0000-00-00 00:00:00'),
(330, 1, 1, 'admin', 'admin@123', '59.93.155.205', '2021-05-29 11:43:40', 1, '2021-05-29 06:13:40', '0000-00-00 00:00:00'),
(331, 1, 1, 'admin', 'admin@123', '157.46.64.203', '2021-05-29 03:14:36', 1, '2021-05-29 09:44:36', '0000-00-00 00:00:00'),
(332, 1, 1, 'admin', 'admin@123', '157.46.64.203', '2021-05-29 07:05:59', 1, '2021-05-29 13:35:59', '0000-00-00 00:00:00'),
(333, 1, 1, 'admin', 'admin@123', '157.46.81.46', '2021-05-30 09:02:19', 1, '2021-05-30 03:32:19', '0000-00-00 00:00:00'),
(334, 1, 1, 'admin', 'admin@123', '59.93.156.180', '2021-05-30 09:28:21', 1, '2021-05-30 03:58:21', '0000-00-00 00:00:00'),
(335, 1, 1, 'admin', 'admin@123', '157.46.72.122', '2021-05-30 04:40:12', 1, '2021-05-30 11:10:12', '0000-00-00 00:00:00'),
(336, 1, 1, 'admin', 'admin@123', '49.205.84.155', '2021-05-30 08:25:26', 1, '2021-05-30 14:55:26', '0000-00-00 00:00:00'),
(337, 1, 1, 'admin', 'admin@123', '157.46.72.122', '2021-05-30 08:40:35', 1, '2021-05-30 15:10:35', '0000-00-00 00:00:00'),
(338, 1, 1, 'admin', 'admin@123', '117.215.138.48', '2021-05-31 08:38:58', 1, '2021-05-31 03:08:58', '0000-00-00 00:00:00'),
(339, 1, 1, 'admin', 'admin@123', '157.46.68.25', '2021-05-31 10:14:07', 1, '2021-05-31 04:44:07', '0000-00-00 00:00:00'),
(340, 1, 1, 'admin', 'admin@123', '117.215.138.48', '2021-05-31 10:50:09', 1, '2021-05-31 05:20:09', '0000-00-00 00:00:00'),
(341, 1, 1, 'admin', 'admin@123', '117.215.138.48', '2021-05-31 12:58:20', 1, '2021-05-31 07:28:20', '0000-00-00 00:00:00'),
(342, 1, 1, 'admin', 'admin@123', '117.215.138.48', '2021-05-31 03:24:10', 1, '2021-05-31 09:54:10', '0000-00-00 00:00:00'),
(343, 1, 1, 'admin', 'admin@123', '157.46.68.25', '2021-05-31 04:27:01', 1, '2021-05-31 10:57:01', '0000-00-00 00:00:00'),
(344, 1, 1, 'admin', 'admin@123', '157.46.68.25', '2021-05-31 08:06:45', 1, '2021-05-31 14:36:45', '0000-00-00 00:00:00'),
(345, 1, 1, 'admin', 'admin@123', '183.82.188.141', '2021-05-31 10:41:42', 1, '2021-05-31 17:11:42', '0000-00-00 00:00:00'),
(346, 1, 1, 'admin', 'admin@123', '117.215.139.175', '2021-06-01 08:59:48', 1, '2021-06-01 03:29:48', '0000-00-00 00:00:00'),
(347, 1, 1, 'admin', 'admin@123', '157.46.74.35', '2021-06-01 11:04:28', 1, '2021-06-01 05:34:28', '0000-00-00 00:00:00'),
(348, 1, 1, 'admin', 'admin@123', '117.215.139.175', '2021-06-01 11:12:19', 1, '2021-06-01 05:42:19', '0000-00-00 00:00:00'),
(349, 1, 1, 'admin', 'admin@123', '157.46.74.35', '2021-06-01 01:16:48', 1, '2021-06-01 07:46:48', '0000-00-00 00:00:00'),
(350, 1, 1, 'admin', 'admin@123', '59.93.156.223', '2021-06-01 04:15:15', 1, '2021-06-01 10:45:15', '0000-00-00 00:00:00'),
(351, 1, 1, 'admin', 'admin@123', '157.46.74.35', '2021-06-01 05:44:53', 1, '2021-06-01 12:14:53', '0000-00-00 00:00:00'),
(352, 1, 1, 'admin', 'admin@123', '59.93.157.185', '2021-06-02 09:05:43', 1, '2021-06-02 03:35:43', '0000-00-00 00:00:00'),
(353, 1, 1, 'admin', 'admin@123', '59.93.157.185', '2021-06-02 09:41:53', 1, '2021-06-02 04:11:53', '0000-00-00 00:00:00'),
(354, 1, 1, 'admin', 'admin@123', '59.93.157.185', '2021-06-02 11:00:26', 1, '2021-06-02 05:30:26', '0000-00-00 00:00:00'),
(355, 1, 1, 'admin', 'admin@123', '106.197.29.57', '2021-06-02 11:22:02', 1, '2021-06-02 05:52:02', '0000-00-00 00:00:00'),
(356, 1, 1, 'admin', 'admin@123', '157.46.94.150', '2021-06-02 11:53:36', 1, '2021-06-02 06:23:36', '0000-00-00 00:00:00'),
(357, 1, 1, 'admin', 'admin@123', '59.93.157.185', '2021-06-02 03:58:45', 1, '2021-06-02 10:28:45', '0000-00-00 00:00:00'),
(358, 1, 1, 'admin', 'admin@123', '157.46.94.150', '2021-06-02 04:02:31', 1, '2021-06-02 10:32:31', '0000-00-00 00:00:00'),
(359, 1, 1, 'admin', 'admin@123', '59.93.157.185', '2021-06-02 04:42:34', 1, '2021-06-02 11:12:34', '0000-00-00 00:00:00'),
(360, 1, 1, 'admin', 'admin@123', '59.93.157.185', '2021-06-02 04:48:59', 1, '2021-06-02 11:18:59', '0000-00-00 00:00:00'),
(361, 1, 1, 'admin', 'admin@123', '106.197.29.54', '2021-06-02 05:51:27', 1, '2021-06-02 12:21:27', '0000-00-00 00:00:00'),
(362, 1, 1, 'admin', 'admin@123', '157.46.94.150', '2021-06-02 09:10:12', 1, '2021-06-02 15:40:12', '0000-00-00 00:00:00'),
(363, 1, 1, 'admin', 'admin@123', '117.215.137.220', '2021-06-03 09:10:07', 1, '2021-06-03 03:40:07', '0000-00-00 00:00:00'),
(364, 1, 1, 'admin', 'admin@123', '157.46.113.173', '2021-06-03 10:25:17', 1, '2021-06-03 04:55:17', '0000-00-00 00:00:00'),
(365, 1, 1, 'admin', 'admin@123', '157.46.113.173', '2021-06-03 01:02:17', 1, '2021-06-03 07:32:17', '0000-00-00 00:00:00'),
(366, 1, 1, 'admin', 'admin@123', '117.215.137.220', '2021-06-03 01:19:07', 1, '2021-06-03 07:49:07', '0000-00-00 00:00:00'),
(367, 1, 1, 'admin', 'admin@123', '157.46.113.173', '2021-06-03 04:31:44', 1, '2021-06-03 11:01:44', '0000-00-00 00:00:00'),
(368, 1, 1, 'admin', 'admin@123', '157.46.113.173', '2021-06-03 07:18:14', 1, '2021-06-03 13:48:14', '0000-00-00 00:00:00'),
(369, 1, 1, 'admin', 'admin@123', '59.93.159.92', '2021-06-04 09:52:17', 1, '2021-06-04 04:22:17', '0000-00-00 00:00:00'),
(370, 1, 1, 'admin', 'admin@123', '157.46.113.172', '2021-06-04 09:57:23', 1, '2021-06-04 04:27:23', '0000-00-00 00:00:00'),
(371, 1, 1, 'admin', 'admin@123', '59.93.159.92', '2021-06-04 10:00:29', 1, '2021-06-04 04:30:29', '0000-00-00 00:00:00'),
(372, 1, 1, 'admin', 'admin@123', '59.93.159.92', '2021-06-04 10:20:38', 1, '2021-06-04 04:50:38', '0000-00-00 00:00:00'),
(373, 1, 1, 'admin', 'admin@123', '157.46.113.172', '2021-06-04 10:25:45', 1, '2021-06-04 04:55:45', '0000-00-00 00:00:00'),
(374, 1, 1, 'admin', 'admin@123', '59.93.159.92', '2021-06-04 11:46:58', 1, '2021-06-04 06:16:58', '0000-00-00 00:00:00'),
(375, 1, 1, 'admin', 'admin@123', '157.46.113.172', '2021-06-04 07:38:32', 1, '2021-06-04 14:08:32', '0000-00-00 00:00:00'),
(376, 1, 1, 'admin', 'admin@123', '157.46.127.68', '2021-06-05 08:52:52', 1, '2021-06-05 03:22:52', '0000-00-00 00:00:00'),
(377, 1, 1, 'admin', 'admin@123', '59.93.155.132', '2021-06-05 08:55:04', 1, '2021-06-05 03:25:04', '0000-00-00 00:00:00'),
(378, 1, 1, 'admin', 'admin@123', '59.93.155.132', '2021-06-05 12:12:55', 1, '2021-06-05 06:42:55', '0000-00-00 00:00:00'),
(379, 1, 1, 'admin', 'admin@123', '157.46.127.68', '2021-06-05 01:18:29', 1, '2021-06-05 07:48:29', '0000-00-00 00:00:00'),
(380, 1, 1, 'admin', 'admin@123', '59.93.155.132', '2021-06-05 03:23:34', 1, '2021-06-05 09:53:34', '0000-00-00 00:00:00'),
(381, 1, 1, 'admin', 'admin@123', '157.49.192.250', '2021-06-06 08:38:32', 1, '2021-06-06 03:08:32', '0000-00-00 00:00:00'),
(382, 1, 1, 'admin', 'admin@123', '59.93.157.233', '2021-06-06 09:07:42', 1, '2021-06-06 03:37:42', '0000-00-00 00:00:00'),
(383, 1, 1, 'admin', 'admin@123', '59.93.157.6', '2021-06-07 08:55:14', 1, '2021-06-07 03:25:14', '0000-00-00 00:00:00'),
(384, 1, 1, 'admin', 'admin@123', '59.93.157.6', '2021-06-07 10:16:48', 1, '2021-06-07 04:46:48', '0000-00-00 00:00:00'),
(385, 1, 1, 'admin', 'admin@123', '27.59.237.59', '2021-06-07 10:35:43', 1, '2021-06-07 05:05:43', '0000-00-00 00:00:00'),
(386, 1, 1, 'admin', 'admin@123', '59.93.157.6', '2021-06-07 11:27:16', 1, '2021-06-07 05:57:16', '0000-00-00 00:00:00'),
(387, 1, 1, 'admin', 'admin@123', '59.93.157.6', '2021-06-07 03:24:06', 1, '2021-06-07 09:54:06', '0000-00-00 00:00:00'),
(388, 1, 1, 'admin', 'admin@123', '27.59.237.55', '2021-06-07 08:18:33', 1, '2021-06-07 14:48:33', '0000-00-00 00:00:00'),
(389, 1, 1, 'admin', 'admin@123', '157.49.208.176', '2021-06-07 09:47:17', 1, '2021-06-07 16:17:17', '0000-00-00 00:00:00'),
(390, 1, 1, 'admin', 'admin@123', '59.93.159.207', '2021-06-08 08:45:20', 1, '2021-06-08 03:15:20', '0000-00-00 00:00:00'),
(391, 1, 1, 'admin', 'admin@123', '106.197.29.54', '2021-06-08 10:11:25', 1, '2021-06-08 04:41:25', '0000-00-00 00:00:00'),
(392, 1, 1, 'admin', 'admin@123', '157.51.114.68', '2021-06-08 11:04:42', 1, '2021-06-08 05:34:42', '0000-00-00 00:00:00'),
(393, 1, 1, 'admin', 'admin@123', '157.51.114.68', '2021-06-08 02:46:31', 1, '2021-06-08 09:16:31', '0000-00-00 00:00:00'),
(394, 1, 1, 'admin', 'admin@123', '59.93.159.207', '2021-06-08 06:32:02', 1, '2021-06-08 13:02:02', '0000-00-00 00:00:00'),
(395, 1, 1, 'admin', 'admin@123', '157.51.114.68', '2021-06-08 07:19:51', 1, '2021-06-08 13:49:51', '0000-00-00 00:00:00'),
(396, 1, 1, 'admin', 'admin@123', '59.93.156.1', '2021-06-09 08:50:58', 1, '2021-06-09 03:20:58', '0000-00-00 00:00:00'),
(397, 1, 1, 'admin', 'admin@123', '157.51.120.167', '2021-06-09 10:56:15', 1, '2021-06-09 05:26:15', '0000-00-00 00:00:00'),
(398, 1, 1, 'admin', 'admin@123', '59.93.156.1', '2021-06-09 11:13:36', 1, '2021-06-09 05:43:36', '0000-00-00 00:00:00'),
(399, 1, 1, 'admin', 'admin@123', '59.93.156.1', '2021-06-09 11:26:22', 1, '2021-06-09 05:56:22', '0000-00-00 00:00:00'),
(400, 1, 1, 'admin', 'admin@123', '59.93.156.1', '2021-06-09 11:44:36', 1, '2021-06-09 06:14:36', '0000-00-00 00:00:00'),
(401, 1, 1, 'admin', 'admin@123', '59.93.156.1', '2021-06-09 01:10:22', 1, '2021-06-09 07:40:22', '0000-00-00 00:00:00'),
(402, 1, 1, 'admin', 'admin@123', '157.51.120.167', '2021-06-09 04:07:07', 1, '2021-06-09 10:37:07', '0000-00-00 00:00:00'),
(403, 1, 1, 'admin', 'admin@123', '27.59.237.48', '2021-06-09 04:57:00', 1, '2021-06-09 11:27:00', '0000-00-00 00:00:00'),
(404, 1, 1, 'admin', 'admin@123', '59.93.153.45', '2021-06-10 08:53:52', 1, '2021-06-10 03:23:52', '0000-00-00 00:00:00'),
(405, 1, 1, 'admin', 'admin@123', '59.93.153.45', '2021-06-10 09:43:03', 1, '2021-06-10 04:13:03', '0000-00-00 00:00:00'),
(406, 1, 1, 'admin', 'admin@123', '157.51.26.199', '2021-06-10 10:43:10', 1, '2021-06-10 05:13:10', '0000-00-00 00:00:00'),
(407, 1, 1, 'admin', 'admin@123', '117.208.199.145', '2021-06-10 11:37:51', 1, '2021-06-10 06:07:51', '0000-00-00 00:00:00'),
(408, 1, 1, 'admin', 'admin@123', '59.93.152.208', '2021-06-10 12:19:49', 1, '2021-06-10 06:49:49', '0000-00-00 00:00:00');
INSERT INTO `user_log_book` (`log_id`, `user_id`, `usertype`, `username`, `password`, `ipaddress`, `logintime`, `office_id`, `created_date`, `updated_time`) VALUES
(409, 1, 1, 'admin', 'admin@123', '59.93.152.208', '2021-06-10 03:43:14', 1, '2021-06-10 10:13:14', '0000-00-00 00:00:00'),
(410, 1, 1, 'admin', 'admin@123', '157.49.229.186', '2021-06-10 04:35:47', 1, '2021-06-10 11:05:47', '0000-00-00 00:00:00'),
(411, 1, 1, 'admin', 'admin@123', '59.93.152.208', '2021-06-11 09:04:44', 1, '2021-06-11 03:34:44', '0000-00-00 00:00:00'),
(412, 1, 1, 'admin', 'admin@123', '157.51.40.213', '2021-06-11 12:51:24', 1, '2021-06-11 07:21:24', '0000-00-00 00:00:00'),
(413, 1, 1, 'admin', 'admin@123', '117.215.138.220', '2021-06-11 04:34:20', 1, '2021-06-11 11:04:20', '0000-00-00 00:00:00'),
(414, 1, 1, 'admin', 'admin@123', '157.51.40.213', '2021-06-11 08:52:29', 1, '2021-06-11 15:22:29', '0000-00-00 00:00:00'),
(415, 1, 1, 'admin', 'admin@123', '117.215.138.220', '2021-06-12 08:59:42', 1, '2021-06-12 03:29:42', '0000-00-00 00:00:00'),
(416, 1, 1, 'admin', 'admin@123', '157.51.57.247', '2021-06-12 09:27:29', 1, '2021-06-12 03:57:29', '0000-00-00 00:00:00'),
(417, 1, 1, 'admin', 'admin@123', '106.197.29.43', '2021-06-12 11:35:25', 1, '2021-06-12 06:05:25', '0000-00-00 00:00:00'),
(418, 1, 1, 'admin', 'admin@123', '157.51.57.247', '2021-06-12 11:39:29', 1, '2021-06-12 06:09:29', '0000-00-00 00:00:00'),
(419, 1, 1, 'admin', 'admin@123', '157.51.57.247', '2021-06-12 04:59:16', 1, '2021-06-12 11:29:16', '0000-00-00 00:00:00'),
(420, 1, 1, 'admin', 'admin@123', '157.51.57.247', '2021-06-12 09:17:26', 1, '2021-06-12 15:47:26', '0000-00-00 00:00:00'),
(421, 1, 1, 'admin', 'admin@123', '59.93.157.157', '2021-06-13 08:55:42', 1, '2021-06-13 03:25:42', '0000-00-00 00:00:00'),
(422, 1, 1, 'admin', 'admin@123', '157.51.62.113', '2021-06-13 09:07:37', 1, '2021-06-13 03:37:37', '0000-00-00 00:00:00'),
(423, 1, 1, 'admin', 'admin@123', '157.51.62.113', '2021-06-13 11:46:38', 1, '2021-06-13 06:16:38', '0000-00-00 00:00:00'),
(424, 1, 1, 'admin', 'admin@123', '49.205.82.235', '2021-06-13 05:28:25', 1, '2021-06-13 11:58:25', '0000-00-00 00:00:00'),
(425, 1, 1, 'admin', 'admin@123', '157.51.62.113', '2021-06-13 07:42:38', 1, '2021-06-13 14:12:38', '0000-00-00 00:00:00'),
(426, 1, 1, 'admin', 'admin@123', '157.51.62.113', '2021-06-13 09:39:25', 1, '2021-06-13 16:09:25', '0000-00-00 00:00:00'),
(427, 1, 1, 'admin', 'admin@123', '117.208.196.16', '2021-06-14 09:40:13', 1, '2021-06-14 04:10:13', '0000-00-00 00:00:00'),
(428, 1, 1, 'admin', 'admin@123', '117.208.196.16', '2021-06-14 09:51:42', 1, '2021-06-14 04:21:42', '0000-00-00 00:00:00'),
(429, 1, 1, 'admin', 'admin@123', '27.59.237.55', '2021-06-14 09:55:40', 1, '2021-06-14 04:25:40', '0000-00-00 00:00:00'),
(430, 1, 1, 'admin', 'admin@123', '157.51.47.60', '2021-06-14 10:01:48', 1, '2021-06-14 04:31:48', '0000-00-00 00:00:00'),
(431, 1, 1, 'admin', 'admin@123', '157.51.47.60', '2021-06-14 01:36:38', 1, '2021-06-14 08:06:38', '0000-00-00 00:00:00'),
(432, 1, 1, 'admin', 'admin@123', '157.51.47.60', '2021-06-14 05:33:04', 1, '2021-06-14 12:03:04', '0000-00-00 00:00:00'),
(433, 1, 1, 'admin', 'admin@123', '59.93.159.124', '2021-06-15 08:56:16', 1, '2021-06-15 03:26:16', '0000-00-00 00:00:00'),
(434, 1, 1, 'admin', 'admin@123', '157.51.63.33', '2021-06-15 09:06:52', 1, '2021-06-15 03:36:52', '0000-00-00 00:00:00'),
(435, 1, 1, 'admin', 'admin@123', '157.51.63.33', '2021-06-15 02:08:49', 1, '2021-06-15 08:38:49', '0000-00-00 00:00:00'),
(436, 1, 1, 'admin', 'admin@123', '157.51.63.33', '2021-06-15 04:30:35', 1, '2021-06-15 11:00:35', '0000-00-00 00:00:00'),
(437, 1, 1, 'admin', 'admin@123', '117.215.139.17', '2021-06-16 09:03:49', 1, '2021-06-16 03:33:49', '0000-00-00 00:00:00'),
(438, 1, 1, 'admin', 'admin@123', '157.51.24.12', '2021-06-16 09:14:53', 1, '2021-06-16 03:44:53', '0000-00-00 00:00:00'),
(439, 1, 1, 'admin', 'admin@123', '106.197.29.41', '2021-06-16 10:36:11', 1, '2021-06-16 05:06:11', '0000-00-00 00:00:00'),
(440, 1, 1, 'admin', 'admin@123', '117.215.139.17', '2021-06-16 01:36:14', 1, '2021-06-16 08:06:14', '0000-00-00 00:00:00'),
(441, 1, 1, 'admin', 'admin@123', '117.215.139.17', '2021-06-16 02:42:04', 1, '2021-06-16 09:12:04', '0000-00-00 00:00:00'),
(442, 1, 1, 'admin', 'admin@123', '157.51.24.12', '2021-06-16 03:24:21', 1, '2021-06-16 09:54:21', '0000-00-00 00:00:00'),
(443, 1, 1, 'admin', 'admin@123', '157.51.24.12', '2021-06-16 07:59:02', 1, '2021-06-16 14:29:02', '0000-00-00 00:00:00'),
(444, 1, 1, 'admin', 'admin@123', '117.208.199.198', '2021-06-17 08:55:05', 1, '2021-06-17 03:25:05', '0000-00-00 00:00:00'),
(445, 1, 1, 'admin', 'admin@123', '157.51.2.89', '2021-06-17 09:17:51', 1, '2021-06-17 03:47:51', '0000-00-00 00:00:00'),
(446, 1, 1, 'admin', 'admin@123', '117.208.199.198', '2021-06-17 09:21:39', 1, '2021-06-17 03:51:39', '0000-00-00 00:00:00'),
(447, 1, 1, 'admin', 'admin@123', '117.208.199.198', '2021-06-17 09:29:15', 1, '2021-06-17 03:59:15', '0000-00-00 00:00:00'),
(448, 1, 1, 'admin', 'admin@123', '117.208.199.198', '2021-06-17 12:09:49', 1, '2021-06-17 06:39:49', '0000-00-00 00:00:00'),
(449, 1, 1, 'admin', 'admin@123', '157.51.12.165', '2021-06-17 02:17:09', 1, '2021-06-17 08:47:09', '0000-00-00 00:00:00'),
(450, 1, 1, 'admin', 'admin@123', '157.51.8.220', '2021-06-17 04:28:37', 1, '2021-06-17 10:58:37', '0000-00-00 00:00:00'),
(451, 1, 1, 'admin', 'admin@123', '59.93.157.12', '2021-06-18 08:56:13', 1, '2021-06-18 03:26:13', '0000-00-00 00:00:00'),
(452, 1, 1, 'admin', 'admin@123', '157.51.28.168', '2021-06-18 09:02:48', 1, '2021-06-18 03:32:48', '0000-00-00 00:00:00'),
(453, 1, 1, 'admin', 'admin@123', '157.51.28.168', '2021-06-18 11:03:51', 1, '2021-06-18 05:33:51', '0000-00-00 00:00:00'),
(454, 1, 1, 'admin', 'admin@123', '157.51.28.168', '2021-06-18 01:30:12', 1, '2021-06-18 08:00:12', '0000-00-00 00:00:00'),
(455, 1, 1, 'admin', 'admin@123', '106.208.89.242', '2021-06-18 01:46:31', 1, '2021-06-18 08:16:31', '0000-00-00 00:00:00'),
(456, 1, 1, 'admin', 'admin@123', '59.93.157.12', '2021-06-18 02:43:48', 1, '2021-06-18 09:13:48', '0000-00-00 00:00:00'),
(457, 1, 1, 'admin', 'admin@123', '157.51.1.207', '2021-06-18 11:26:36', 1, '2021-06-18 17:56:36', '0000-00-00 00:00:00'),
(458, 1, 1, 'admin', 'admin@123', '59.93.154.188', '2021-06-19 09:22:36', 1, '2021-06-19 03:52:36', '0000-00-00 00:00:00'),
(459, 1, 1, 'admin', 'admin@123', '27.59.237.40', '2021-06-19 10:31:53', 1, '2021-06-19 05:01:53', '0000-00-00 00:00:00'),
(460, 1, 1, 'admin', 'admin@123', '157.51.1.38', '2021-06-19 12:33:16', 1, '2021-06-19 07:03:16', '0000-00-00 00:00:00'),
(461, 1, 1, 'admin', 'admin@123', '27.59.237.63', '2021-06-19 12:34:20', 1, '2021-06-19 07:04:20', '0000-00-00 00:00:00'),
(462, 1, 1, 'admin', 'admin@123', '59.93.154.188', '2021-06-19 03:32:27', 1, '2021-06-19 10:02:27', '0000-00-00 00:00:00'),
(463, 1, 1, 'admin', 'admin@123', '157.51.2.176', '2021-06-20 08:50:50', 1, '2021-06-20 03:20:50', '0000-00-00 00:00:00'),
(464, 1, 1, 'admin', 'admin@123', '59.93.156.20', '2021-06-20 08:56:27', 1, '2021-06-20 03:26:27', '0000-00-00 00:00:00'),
(465, 1, 1, 'admin', 'admin@123', '59.93.156.20', '2021-06-20 10:49:21', 1, '2021-06-20 05:19:21', '0000-00-00 00:00:00'),
(466, 1, 1, 'admin', 'admin@123', '59.93.156.20', '2021-06-20 12:23:48', 1, '2021-06-20 06:53:48', '0000-00-00 00:00:00'),
(467, 1, 1, 'admin', 'admin@123', '157.51.2.176', '2021-06-20 02:21:40', 1, '2021-06-20 08:51:40', '0000-00-00 00:00:00'),
(468, 1, 1, 'admin', 'admin@123', '157.51.2.176', '2021-06-20 05:17:41', 1, '2021-06-20 11:47:41', '0000-00-00 00:00:00'),
(469, 1, 1, 'admin', 'admin@123', '157.51.2.176', '2021-06-20 07:50:33', 1, '2021-06-20 14:20:33', '0000-00-00 00:00:00'),
(470, 1, 1, 'admin', 'admin@123', '157.51.13.168', '2021-06-21 08:30:44', 1, '2021-06-21 03:00:44', '0000-00-00 00:00:00'),
(471, 1, 1, 'admin', 'admin@123', '59.93.154.240', '2021-06-21 08:54:56', 1, '2021-06-21 03:24:56', '0000-00-00 00:00:00'),
(472, 1, 1, 'admin', 'admin@123', '59.93.154.240', '2021-06-21 11:22:22', 1, '2021-06-21 05:52:22', '0000-00-00 00:00:00'),
(473, 1, 1, 'admin', 'admin@123', '157.51.13.168', '2021-06-21 02:07:22', 1, '2021-06-21 08:37:22', '0000-00-00 00:00:00'),
(474, 1, 1, 'admin', 'admin@123', '106.197.29.57', '2021-06-21 06:04:37', 1, '2021-06-21 12:34:37', '0000-00-00 00:00:00'),
(475, 1, 1, 'admin', 'admin@123', '157.51.13.168', '2021-06-21 07:12:22', 1, '2021-06-21 13:42:22', '0000-00-00 00:00:00'),
(476, 1, 1, 'admin', 'admin@123', '157.51.13.168', '2021-06-21 09:14:39', 1, '2021-06-21 15:44:39', '0000-00-00 00:00:00'),
(477, 1, 1, 'admin', 'admin@123', '59.93.155.194', '2021-06-22 09:13:09', 1, '2021-06-22 03:43:09', '0000-00-00 00:00:00'),
(478, 1, 1, 'admin', 'admin@123', '59.93.155.194', '2021-06-22 10:24:20', 1, '2021-06-22 04:54:20', '0000-00-00 00:00:00'),
(479, 1, 1, 'admin', 'admin@123', '157.51.20.186', '2021-06-22 11:04:10', 1, '2021-06-22 05:34:10', '0000-00-00 00:00:00'),
(480, 1, 1, 'admin', 'admin@123', '59.93.155.194', '2021-06-22 12:30:45', 1, '2021-06-22 07:00:45', '0000-00-00 00:00:00'),
(481, 1, 1, 'admin', 'admin@123', '59.93.155.194', '2021-06-22 02:43:34', 1, '2021-06-22 09:13:34', '0000-00-00 00:00:00'),
(482, 1, 1, 'admin', 'admin@123', '59.93.152.164', '2021-06-23 09:10:48', 1, '2021-06-23 03:40:48', '0000-00-00 00:00:00'),
(483, 1, 1, 'admin', 'admin@123', '157.51.11.61', '2021-06-23 03:09:14', 1, '2021-06-23 09:39:14', '0000-00-00 00:00:00'),
(484, 1, 1, 'admin', 'admin@123', '27.59.237.47', '2021-06-23 05:33:10', 1, '2021-06-23 12:03:10', '0000-00-00 00:00:00'),
(485, 1, 1, 'admin', 'admin@123', '157.51.156.107', '2021-06-23 09:16:29', 1, '2021-06-23 15:46:29', '0000-00-00 00:00:00'),
(486, 1, 1, 'admin', 'admin@123', '157.51.156.107', '2021-06-23 10:17:58', 1, '2021-06-23 16:47:58', '0000-00-00 00:00:00'),
(487, 1, 1, 'admin', 'admin@123', '157.51.143.182', '2021-06-24 09:26:51', 1, '2021-06-24 03:56:51', '0000-00-00 00:00:00'),
(488, 1, 1, 'admin', 'admin@123', '59.93.154.14', '2021-06-24 09:31:45', 1, '2021-06-24 04:01:45', '0000-00-00 00:00:00'),
(489, 1, 1, 'admin', 'admin@123', '59.93.154.14', '2021-06-24 02:23:51', 1, '2021-06-24 08:53:51', '0000-00-00 00:00:00'),
(490, 1, 1, 'admin', 'admin@123', '59.93.154.14', '2021-06-24 03:21:14', 1, '2021-06-24 09:51:14', '0000-00-00 00:00:00'),
(491, 1, 1, 'admin', 'admin@123', '157.49.86.232', '2021-06-24 06:36:34', 1, '2021-06-24 13:06:34', '0000-00-00 00:00:00'),
(492, 1, 1, 'admin', 'admin@123', '59.93.154.14', '2021-06-24 06:36:37', 1, '2021-06-24 13:06:37', '0000-00-00 00:00:00'),
(493, 1, 1, 'admin', 'admin@123', '59.93.154.28', '2021-06-25 09:02:41', 1, '2021-06-25 03:32:41', '0000-00-00 00:00:00'),
(494, 1, 1, 'admin', 'admin@123', '157.49.77.161', '2021-06-25 12:30:10', 1, '2021-06-25 07:00:10', '0000-00-00 00:00:00'),
(495, 1, 1, 'admin', 'admin@123', '59.93.154.28', '2021-06-25 04:58:34', 1, '2021-06-25 11:28:34', '0000-00-00 00:00:00'),
(496, 1, 1, 'admin', 'admin@123', '157.51.119.139', '2021-06-26 09:43:41', 1, '2021-06-26 04:13:41', '0000-00-00 00:00:00'),
(497, 1, 1, 'admin', 'admin@123', '59.93.154.163', '2021-06-26 09:53:37', 1, '2021-06-26 04:23:37', '0000-00-00 00:00:00'),
(498, 1, 1, 'admin', 'admin@123', '157.51.80.106', '2021-06-26 04:13:05', 1, '2021-06-26 10:43:05', '0000-00-00 00:00:00'),
(499, 1, 1, 'admin', 'admin@123', '59.93.154.163', '2021-06-26 04:14:28', 1, '2021-06-26 10:44:28', '0000-00-00 00:00:00'),
(500, 1, 1, 'admin', 'admin@123', '157.46.82.161', '2021-06-27 09:25:18', 1, '2021-06-27 03:55:18', '0000-00-00 00:00:00'),
(501, 1, 1, 'Admin', 'admin#2021', '::1', '2021-06-28 03:52:33', 1, '2021-06-28 03:52:33', '0000-00-00 00:00:00'),
(502, 1, 1, 'Admin', 'admin#2021', '::1', '2021-06-28 03:52:36', 1, '2021-06-28 03:52:36', '0000-00-00 00:00:00'),
(503, 1, 1, 'Admin', 'admin#2021', '::1', '2021-06-28 03:52:42', 1, '2021-06-28 03:52:42', '0000-00-00 00:00:00'),
(504, 1, 1, 'Admin', 'admin#2021', '::1', '2021-06-28 03:52:44', 1, '2021-06-28 03:52:44', '0000-00-00 00:00:00'),
(505, 1, 1, 'Admin', 'admin#2021', '::1', '2021-06-28 03:52:45', 1, '2021-06-28 03:52:45', '0000-00-00 00:00:00'),
(506, 1, 1, 'Admin', 'admin#2021', '::1', '2021-06-28 03:53:21', 1, '2021-06-28 03:53:21', '0000-00-00 00:00:00'),
(507, 1, 1, 'Admin', 'admin#2021', '::1', '2021-06-28 05:15:14', 1, '2021-06-28 05:15:14', '0000-00-00 00:00:00'),
(508, 1, 1, 'Admin', 'admin#2021', '::1', '2021-06-28 05:29:35', 1, '2021-06-28 05:29:35', '0000-00-00 00:00:00'),
(509, 1, 1, 'Admin', 'admin#2021', '::1', '2021-06-27 19:30:38', 1, '2021-06-28 07:30:38', '0000-00-00 00:00:00'),
(510, 1, 1, 'Admin', 'admin#2021', '::1', '2021-06-27 19:30:46', 1, '2021-06-28 07:30:46', '0000-00-00 00:00:00'),
(511, 1, 1, 'Admin', 'admin#2021', '::1', '2021-06-27 19:31:33', 1, '2021-06-28 07:31:33', '0000-00-00 00:00:00'),
(512, 1, 1, 'Admin', 'admin#2021', '::1', '2021-06-27 19:31:42', 1, '2021-06-28 07:31:42', '0000-00-00 00:00:00'),
(513, 1, 1, 'Admin', 'admin#2021', '::1', '2021-06-27 19:31:49', 1, '2021-06-28 07:31:49', '0000-00-00 00:00:00'),
(514, 1, 1, 'Admin', 'admin#2021', '::1', '2021-06-27 19:45:53', 1, '2021-06-28 07:45:53', '0000-00-00 00:00:00'),
(515, 1, 1, 'Admin', 'admin#2021', '::1', '2021-06-27 20:11:49', 1, '2021-06-28 08:11:49', '0000-00-00 00:00:00'),
(516, 1, 1, 'Admin', 'admin#2021', '::1', '2021-06-27 21:38:59', 1, '2021-06-28 09:38:59', '0000-00-00 00:00:00'),
(517, 1, 1, 'Admin', 'admin#2021', '::1', '2021-06-27 21:43:49', 1, '2021-06-28 09:43:49', '0000-00-00 00:00:00'),
(518, 1, 1, 'Admin', 'admin#2021', '::1', '2021-06-27 21:43:56', 1, '2021-06-28 09:43:56', '0000-00-00 00:00:00'),
(519, 1, 1, 'Admin', 'admin#2021', '::1', '2021-06-27 21:44:04', 1, '2021-06-28 09:44:04', '0000-00-00 00:00:00'),
(520, 1, 1, 'Admin', 'admin#2021', '::1', '2021-06-27 21:44:09', 1, '2021-06-28 09:44:09', '0000-00-00 00:00:00'),
(521, 1, 1, 'Admin', 'admin#2021', '::1', '2021-06-27 21:44:23', 1, '2021-06-28 09:44:23', '0000-00-00 00:00:00'),
(522, 1, 1, 'Admin', 'admin#2021', '::1', '2021-06-27 22:17:06', 1, '2021-06-28 10:17:06', '0000-00-00 00:00:00'),
(523, 1, 1, 'Admin', 'admin#2021', '::1', '2021-06-28 00:29:54', 1, '2021-06-28 12:29:54', '0000-00-00 00:00:00'),
(524, 1, 1, 'Admin', 'admin#2021', '::1', '2021-06-28 00:37:18', 1, '2021-06-28 12:37:18', '0000-00-00 00:00:00'),
(525, 1, 1, 'Admin', 'admin#2021', '::1', '2021-06-28 00:45:01', 1, '2021-06-28 12:45:01', '0000-00-00 00:00:00'),
(526, 1, 1, 'Admin', 'admin#2021', '::1', '2021-06-28 04:54:21', 1, '2021-06-28 16:54:21', '0000-00-00 00:00:00'),
(527, 1, 1, 'Admin', 'admin#2021', '::1', '2021-06-29 03:02:08', 1, '2021-06-29 03:02:08', '0000-00-00 00:00:00'),
(528, 1, 1, 'Admin', 'admin#2021', '::1', '2021-06-29 03:03:41', 1, '2021-06-29 03:03:41', '0000-00-00 00:00:00'),
(529, 1, 1, 'Admin', 'admin#2021', '::1', '2021-06-29 03:04:13', 1, '2021-06-29 03:04:13', '0000-00-00 00:00:00'),
(530, 1, 1, 'Admin', 'admin#2021', '::1', '2021-06-29 05:59:55', 1, '2021-06-29 05:59:55', '0000-00-00 00:00:00'),
(531, 1, 1, 'Admin', 'admin#2021', '::1', '2021-06-29 06:00:12', 1, '2021-06-29 06:00:12', '0000-00-00 00:00:00'),
(532, 1, 1, 'Admin', 'admin#2021', '::1', '2021-06-29 06:46:45', 1, '2021-06-29 06:46:45', '0000-00-00 00:00:00'),
(533, 1, 1, 'Admin', 'admin#2021', '::1', '2021-06-29 07:05:28', 1, '2021-06-29 07:05:28', '0000-00-00 00:00:00'),
(534, 1, 1, 'Admin', 'admin#2021', '::1', '2021-06-28 21:31:19', 1, '2021-06-29 09:31:19', '0000-00-00 00:00:00'),
(535, 1, 1, 'Admin', 'admin#2021', '::1', '2021-06-28 22:42:02', 1, '2021-06-29 10:42:02', '0000-00-00 00:00:00'),
(536, 1, 1, 'Admin', 'admin#2021', '::1', '2021-06-28 22:42:44', 1, '2021-06-29 10:42:44', '0000-00-00 00:00:00'),
(537, 1, 1, 'Admin', 'admin#2021', '::1', '2021-06-28 22:42:51', 1, '2021-06-29 10:42:51', '0000-00-00 00:00:00'),
(538, 1, 1, 'Admin', 'admin#2021', '::1', '2021-06-29 04:23:48', 1, '2021-06-29 16:23:48', '0000-00-00 00:00:00'),
(539, 1, 1, 'Admin', 'admin#2021', '::1', '2021-06-30 05:35:55', 1, '2021-06-30 05:35:55', '0000-00-00 00:00:00'),
(540, 1, 1, 'Admin', 'admin#2021', '::1', '2021-06-29 22:00:38', 1, '2021-06-30 10:00:38', '0000-00-00 00:00:00'),
(541, 1, 1, 'Admin', 'admin#2021', '::1', '2021-07-01 03:25:35', 1, '2021-07-01 03:25:35', '0000-00-00 00:00:00'),
(542, 1, 1, 'Admin', 'admin#2021', '::1', '2021-07-01 04:03:02', 1, '2021-07-01 16:03:02', '0000-00-00 00:00:00'),
(543, 1, 1, 'Admin', 'admin#2021', '::1', '2021-07-01 06:09:17', 1, '2021-07-01 18:09:17', '0000-00-00 00:00:00'),
(544, 1, 1, 'Admin', 'admin#2021', '::1', '2021-07-02 03:33:30', 1, '2021-07-02 03:33:30', '0000-00-00 00:00:00'),
(545, 1, 1, 'Admin', 'admin#2021', '::1', '2021-07-02 00:43:13', 1, '2021-07-02 12:43:13', '0000-00-00 00:00:00'),
(546, 1, 1, 'Admin', 'admin#2021', '::1', '2021-07-03 01:47:29', 1, '2021-07-03 01:47:29', '0000-00-00 00:00:00'),
(547, 1, 1, 'Admin', 'admin#2021', '::1', '2021-07-02 23:44:37', 1, '2021-07-03 11:44:37', '0000-00-00 00:00:00'),
(548, 1, 1, 'Admin', 'admin#2021', '::1', '2021-07-03 02:54:40', 1, '2021-07-03 14:54:40', '0000-00-00 00:00:00'),
(549, 1, 1, 'admin', 'admin#2021', '157.51.149.115', '2021-07-04 10:14:15', 1, '2021-07-04 04:44:15', '0000-00-00 00:00:00'),
(550, 1, 1, 'admin', 'admin#2021', '157.49.92.171', '2021-07-05 08:57:55', 1, '2021-07-05 03:27:55', '0000-00-00 00:00:00'),
(551, 1, 1, 'admin', 'admin#2021', '157.49.92.171', '2021-07-05 09:00:56', 1, '2021-07-05 03:30:56', '0000-00-00 00:00:00'),
(552, 1, 1, 'admin', 'admin#2021', '157.49.92.171', '2021-07-05 08:14:40', 1, '2021-07-05 14:44:40', '0000-00-00 00:00:00'),
(553, 1, 1, 'admin', 'admin#2021', '157.51.79.231', '2021-07-06 04:16:55', 1, '2021-07-06 10:46:55', '0000-00-00 00:00:00'),
(554, 1, 1, 'admin', 'admin#2021', '157.51.95.72', '2021-07-07 09:43:44', 1, '2021-07-07 04:13:44', '0000-00-00 00:00:00'),
(555, 1, 1, 'admin', 'admin#2021', '157.51.95.72', '2021-07-07 11:41:43', 1, '2021-07-07 06:11:43', '0000-00-00 00:00:00'),
(556, 1, 1, 'admin', 'admin#2021', '210.16.85.222', '2021-07-07 11:51:21', 1, '2021-07-07 06:21:21', '0000-00-00 00:00:00'),
(557, 1, 1, 'admin', 'admin#2021', '157.51.95.72', '2021-07-07 04:48:07', 1, '2021-07-07 11:18:07', '0000-00-00 00:00:00'),
(558, 1, 1, 'admin', 'admin#2021', '210.16.85.222', '2021-07-07 06:49:41', 1, '2021-07-07 13:19:41', '0000-00-00 00:00:00'),
(559, 1, 1, 'admin', 'admin#2021', '157.51.93.242', '2021-07-08 10:15:25', 1, '2021-07-08 04:45:25', '0000-00-00 00:00:00'),
(560, 1, 1, 'admin', 'admin#2021', '157.51.145.233', '2021-07-09 09:03:01', 1, '2021-07-09 15:33:01', '0000-00-00 00:00:00'),
(561, 1, 1, 'admin', 'admin#2021', '157.46.65.50', '2021-07-10 05:13:27', 1, '2021-07-10 11:43:27', '0000-00-00 00:00:00'),
(562, 1, 1, 'admin', 'admin#2021', '157.46.65.50', '2021-07-10 05:24:06', 1, '2021-07-10 11:54:06', '0000-00-00 00:00:00'),
(563, 1, 1, 'admin', 'admin#2021', '157.46.65.50', '2021-07-10 08:42:46', 1, '2021-07-10 15:12:46', '0000-00-00 00:00:00'),
(564, 1, 1, 'admin', 'admin#2021', '157.46.73.16', '2021-07-11 08:35:28', 1, '2021-07-11 03:05:28', '0000-00-00 00:00:00'),
(565, 1, 1, 'admin', 'admin#2021', '157.46.95.117', '2021-07-11 04:00:14', 1, '2021-07-11 10:30:14', '0000-00-00 00:00:00'),
(566, 1, 1, 'admin', 'admin#2021', '157.46.95.117', '2021-07-11 08:36:13', 1, '2021-07-11 15:06:13', '0000-00-00 00:00:00'),
(567, 1, 1, 'admin', 'admin#2021', '49.206.200.249', '2021-07-12 11:50:14', 1, '2021-07-12 06:20:14', '0000-00-00 00:00:00'),
(568, 1, 1, 'admin', 'admin#2021', '137.97.109.115', '2021-07-12 01:26:09', 1, '2021-07-12 07:56:09', '0000-00-00 00:00:00'),
(569, 1, 1, 'admin', 'admin#2021', '49.206.200.249', '2021-07-12 02:23:17', 1, '2021-07-12 08:53:17', '0000-00-00 00:00:00'),
(570, 1, 1, 'admin', 'admin#2021', '157.51.179.14', '2021-07-12 09:06:15', 1, '2021-07-12 15:36:15', '0000-00-00 00:00:00'),
(571, 1, 1, 'admin', 'admin#2021', '49.206.200.249', '2021-07-13 08:47:06', 1, '2021-07-13 03:17:06', '0000-00-00 00:00:00'),
(572, 1, 1, 'admin', 'admin#2021', '137.97.64.89', '2021-07-13 05:18:42', 1, '2021-07-13 11:48:42', '0000-00-00 00:00:00'),
(573, 1, 1, 'admin', 'admin#2021', '49.206.200.249', '2021-07-14 12:32:59', 1, '2021-07-14 07:02:59', '0000-00-00 00:00:00'),
(574, 1, 1, 'admin', 'admin#2021', '157.44.204.171', '2021-07-14 03:20:50', 1, '2021-07-14 09:50:50', '0000-00-00 00:00:00'),
(575, 1, 1, 'admin', 'admin#2021', '49.205.83.104', '2021-07-14 07:16:36', 1, '2021-07-14 13:46:36', '0000-00-00 00:00:00'),
(576, 1, 1, 'admin', 'admin#2021', '49.206.200.249', '2021-07-16 03:00:48', 1, '2021-07-16 09:30:48', '0000-00-00 00:00:00'),
(577, 1, 1, 'admin', 'admin#2021', '157.49.68.104', '2021-07-16 09:01:54', 1, '2021-07-16 15:31:54', '0000-00-00 00:00:00'),
(578, 1, 1, 'admin', 'admin#2021', '49.206.200.249', '2021-07-17 10:32:42', 1, '2021-07-17 05:02:42', '0000-00-00 00:00:00'),
(579, 1, 1, 'admin', 'admin#2021', '157.46.114.14', '2021-07-19 02:32:58', 1, '2021-07-19 09:02:58', '0000-00-00 00:00:00'),
(580, 1, 1, 'admin', 'admin#2021', '49.206.200.249', '2021-07-19 03:50:28', 1, '2021-07-19 10:20:28', '0000-00-00 00:00:00'),
(581, 1, 1, 'admin', 'admin#2021', '157.46.208.62', '2021-07-21 12:18:00', 1, '2021-07-21 06:48:00', '0000-00-00 00:00:00'),
(582, 1, 1, 'admin', 'admin#2021', '49.206.200.249', '2021-07-21 01:24:52', 1, '2021-07-21 07:54:52', '0000-00-00 00:00:00'),
(583, 1, 1, 'admin', 'admin#2021', '157.46.212.245', '2021-07-21 02:30:40', 1, '2021-07-21 09:00:40', '0000-00-00 00:00:00'),
(584, 1, 1, 'admin', 'admin#2021', '157.46.214.255', '2021-07-21 04:25:03', 1, '2021-07-21 10:55:03', '0000-00-00 00:00:00'),
(585, 1, 1, 'admin', 'admin#2021', '157.44.206.35', '2021-07-22 06:53:38', 1, '2021-07-22 13:23:38', '0000-00-00 00:00:00'),
(586, 1, 1, 'admin', 'admin#2021', '49.206.200.249', '2021-07-23 11:57:01', 1, '2021-07-23 06:27:01', '0000-00-00 00:00:00'),
(587, 1, 1, 'admin', 'admin#2021', '49.205.84.153', '2021-07-23 06:33:43', 1, '2021-07-23 13:03:43', '0000-00-00 00:00:00'),
(588, 1, 1, 'admin', 'admin#2021', '49.205.84.153', '2021-07-23 06:35:27', 1, '2021-07-23 13:05:27', '0000-00-00 00:00:00'),
(589, 1, 1, 'admin', 'admin#2021', '49.205.84.153', '2021-07-23 10:36:05', 1, '2021-07-23 17:06:05', '0000-00-00 00:00:00'),
(590, 1, 1, 'admin', 'admin#2021', '137.97.86.49', '2021-07-24 12:00:48', 1, '2021-07-23 18:30:48', '0000-00-00 00:00:00'),
(591, 1, 1, 'admin', 'admin#2021', '157.46.109.44', '2021-07-24 11:12:05', 1, '2021-07-24 05:42:05', '0000-00-00 00:00:00'),
(592, 1, 1, 'admin', 'admin#2021', '157.46.109.44', '2021-07-24 03:21:23', 1, '2021-07-24 09:51:23', '0000-00-00 00:00:00'),
(593, 1, 1, 'admin', 'admin#2021', '157.46.109.44', '2021-07-24 05:27:06', 1, '2021-07-24 11:57:06', '0000-00-00 00:00:00'),
(594, 1, 1, 'admin', 'admin#2021', '49.206.200.249', '2021-07-24 05:32:38', 1, '2021-07-24 12:02:38', '0000-00-00 00:00:00'),
(595, 1, 1, 'admin', 'admin#2021', '49.206.200.249', '2021-07-24 05:45:25', 1, '2021-07-24 12:15:25', '0000-00-00 00:00:00'),
(596, 1, 1, 'admin', 'admin#2021', '49.205.84.153', '2021-07-24 07:36:54', 1, '2021-07-24 14:06:54', '0000-00-00 00:00:00'),
(597, 1, 1, 'admin', 'admin#2021', '157.46.109.44', '2021-07-24 10:17:17', 1, '2021-07-24 16:47:17', '0000-00-00 00:00:00'),
(598, 1, 1, 'admin', 'admin#2021', '157.46.109.44', '2021-07-24 10:44:58', 1, '2021-07-24 17:14:58', '0000-00-00 00:00:00'),
(599, 1, 1, 'admin', 'admin#2021', '157.46.116.247', '2021-07-25 08:52:34', 1, '2021-07-25 03:22:34', '0000-00-00 00:00:00'),
(600, 1, 1, 'admin', 'admin#2021', '157.46.116.247', '2021-07-25 09:56:06', 1, '2021-07-25 04:26:06', '0000-00-00 00:00:00'),
(601, 1, 1, 'admin', 'admin#2021', '59.93.158.214', '2021-07-25 11:42:51', 1, '2021-07-25 06:12:51', '0000-00-00 00:00:00'),
(602, 1, 1, 'admin', 'admin#2021', '27.59.237.36', '2021-07-25 12:01:13', 1, '2021-07-25 06:31:13', '0000-00-00 00:00:00'),
(603, 1, 1, 'admin', 'admin#2021', '157.46.116.247', '2021-07-25 02:30:25', 1, '2021-07-25 09:00:25', '0000-00-00 00:00:00'),
(604, 1, 1, 'admin', 'admin#2021', '157.46.116.247', '2021-07-25 05:10:54', 1, '2021-07-25 11:40:54', '0000-00-00 00:00:00'),
(605, 1, 1, 'admin', 'admin#2021', '49.205.84.153', '2021-07-25 05:13:45', 1, '2021-07-25 11:43:45', '0000-00-00 00:00:00'),
(606, 1, 1, 'admin', 'admin#2021', '49.205.84.153', '2021-07-25 05:16:45', 1, '2021-07-25 11:46:45', '0000-00-00 00:00:00'),
(607, 1, 1, 'admin', 'admin#2021', '49.206.200.249', '2021-07-26 08:44:03', 1, '2021-07-26 03:14:03', '0000-00-00 00:00:00'),
(608, 1, 1, 'admin', 'admin#2021', '49.206.200.249', '2021-07-26 01:01:02', 1, '2021-07-26 07:31:02', '0000-00-00 00:00:00'),
(609, 1, 1, 'admin', 'admin#2021', '49.206.200.249', '2021-07-26 05:05:14', 1, '2021-07-26 11:35:14', '0000-00-00 00:00:00'),
(610, 1, 1, 'admin', 'admin#2021', '49.206.200.249', '2021-07-26 05:17:54', 1, '2021-07-26 11:47:54', '0000-00-00 00:00:00'),
(611, 1, 1, 'admin', 'admin#2021', '106.208.142.253', '2021-07-26 05:24:40', 1, '2021-07-26 11:54:40', '0000-00-00 00:00:00'),
(612, 1, 1, 'admin', 'admin#2021', '137.97.77.141', '2021-07-27 06:45:11', 1, '2021-07-27 13:15:11', '0000-00-00 00:00:00'),
(613, 1, 1, 'admin', 'admin#2021', '137.97.77.141', '2021-07-27 06:49:50', 1, '2021-07-27 13:19:50', '0000-00-00 00:00:00'),
(614, 1, 1, 'admin', 'admin#2021', '137.97.77.141', '2021-07-27 07:40:45', 1, '2021-07-27 14:10:45', '0000-00-00 00:00:00'),
(615, 1, 1, 'admin', 'admin#2021', '157.44.169.227', '2021-07-28 07:45:11', 1, '2021-07-28 02:15:11', '0000-00-00 00:00:00'),
(616, 1, 1, 'admin', 'admin#2021', '49.206.200.249', '2021-07-28 10:55:48', 1, '2021-07-28 05:25:48', '0000-00-00 00:00:00'),
(617, 1, 1, 'admin', 'admin#2021', '49.206.200.249', '2021-07-28 10:55:58', 1, '2021-07-28 05:25:58', '0000-00-00 00:00:00'),
(618, 1, 1, 'admin', 'admin#2021', '49.206.200.249', '2021-07-28 10:58:29', 1, '2021-07-28 05:28:29', '0000-00-00 00:00:00'),
(619, 1, 1, 'admin', 'admin#2021', '157.44.204.238', '2021-07-28 08:26:20', 1, '2021-07-28 14:56:20', '0000-00-00 00:00:00'),
(620, 1, 1, 'admin', 'admin#2021', '49.206.200.249', '2021-07-29 02:44:55', 1, '2021-07-29 09:14:55', '0000-00-00 00:00:00'),
(621, 1, 1, 'admin', 'admin#2021', '49.206.200.249', '2021-07-29 03:58:51', 1, '2021-07-29 10:28:51', '0000-00-00 00:00:00'),
(622, 1, 1, 'admin', 'admin#2021', '157.51.80.210', '2021-07-30 09:17:28', 1, '2021-07-30 03:47:28', '0000-00-00 00:00:00'),
(623, 104, 2, 'con', '123', '157.51.80.210', '2021-07-30 09:28:32', 1, '2021-07-30 03:58:32', '0000-00-00 00:00:00'),
(624, 104, 2, 'con', '123', '157.51.80.210', '2021-07-30 09:33:50', 1, '2021-07-30 04:03:50', '0000-00-00 00:00:00'),
(625, 1, 1, 'admin', 'admin#2021', '157.51.80.210', '2021-07-30 09:35:15', 1, '2021-07-30 04:05:15', '0000-00-00 00:00:00'),
(626, 104, 2, 'con', '123', '157.51.80.210', '2021-07-30 09:36:28', 1, '2021-07-30 04:06:28', '0000-00-00 00:00:00'),
(627, 1, 1, 'admin', 'admin#2021', '157.51.80.210', '2021-07-30 09:36:55', 1, '2021-07-30 04:06:55', '0000-00-00 00:00:00'),
(628, 104, 2, 'con', '123', '157.51.80.210', '2021-07-30 09:37:59', 1, '2021-07-30 04:07:59', '0000-00-00 00:00:00'),
(629, 1, 1, 'admin', 'admin#2021', '49.206.200.249', '2021-07-31 09:18:24', 1, '2021-07-31 03:48:24', '0000-00-00 00:00:00'),
(630, 104, 2, 'con', '123', '49.206.200.249', '2021-07-31 09:18:50', 1, '2021-07-31 03:48:50', '0000-00-00 00:00:00'),
(631, 104, 2, 'con', '123', '49.206.200.249', '2021-07-31 12:04:14', 1, '2021-07-31 06:34:14', '0000-00-00 00:00:00'),
(632, 1, 1, 'admin', 'admin#2021', '157.49.210.210', '2021-07-31 03:31:03', 1, '2021-07-31 10:01:03', '0000-00-00 00:00:00'),
(633, 1, 1, 'admin', 'admin#2021', '106.208.26.71', '2021-08-01 12:31:39', 1, '2021-08-01 07:01:39', '0000-00-00 00:00:00'),
(634, 1, 1, 'admin', 'admin#2021', '106.208.136.136', '2021-08-01 12:43:43', 1, '2021-08-01 07:13:43', '0000-00-00 00:00:00'),
(635, 1, 1, 'admin', 'admin#2021', '49.205.83.204', '2021-08-01 02:11:49', 1, '2021-08-01 08:41:49', '0000-00-00 00:00:00'),
(636, 1, 1, 'admin', 'admin#2021', '157.49.207.235', '2021-08-01 03:22:56', 1, '2021-08-01 09:52:56', '0000-00-00 00:00:00'),
(637, 1, 1, 'admin', 'admin#2021', '49.205.83.204', '2021-08-01 05:41:28', 1, '2021-08-01 12:11:28', '0000-00-00 00:00:00'),
(638, 104, 2, 'con', '123', '49.206.200.249', '2021-08-02 12:01:29', 1, '2021-08-02 06:31:29', '0000-00-00 00:00:00'),
(639, 104, 2, 'con', '123', '49.206.200.249', '2021-08-02 03:37:22', 1, '2021-08-02 10:07:22', '0000-00-00 00:00:00'),
(640, 1, 1, 'admin', 'admin#2021', '49.206.200.249', '2021-08-02 03:37:42', 1, '2021-08-02 10:07:42', '0000-00-00 00:00:00'),
(641, 1, 1, 'admin', 'admin#2021', '157.44.154.146', '2021-08-02 07:33:00', 1, '2021-08-02 14:03:00', '0000-00-00 00:00:00'),
(642, 1, 1, 'admin', 'admin#2021', '157.46.213.82', '2021-08-03 09:41:04', 1, '2021-08-03 16:11:04', '0000-00-00 00:00:00'),
(643, 1, 1, 'admin', 'admin#2021', '137.97.72.84', '2021-08-03 10:59:48', 1, '2021-08-03 17:29:48', '0000-00-00 00:00:00'),
(644, 1, 1, 'admin', 'admin#2021', '137.97.72.84', '2021-08-03 11:14:54', 1, '2021-08-03 17:44:54', '0000-00-00 00:00:00'),
(645, 1, 1, 'admin', 'admin#2021', '137.97.81.30', '2021-08-04 02:49:15', 1, '2021-08-04 09:19:15', '0000-00-00 00:00:00'),
(646, 1, 1, 'admin', 'admin#2021', '49.206.200.249', '2021-08-04 04:10:26', 1, '2021-08-04 10:40:26', '0000-00-00 00:00:00'),
(647, 1, 1, 'admin', 'admin#2021', '137.97.81.30', '2021-08-04 04:30:58', 1, '2021-08-04 11:00:58', '0000-00-00 00:00:00'),
(648, 1, 1, 'admin', 'admin#2021', '137.97.81.30', '2021-08-04 09:11:22', 1, '2021-08-04 15:41:22', '0000-00-00 00:00:00'),
(649, 1, 1, 'admin', 'admin#2021', '49.205.85.111', '2021-08-06 08:15:45', 1, '2021-08-06 14:45:45', '0000-00-00 00:00:00'),
(650, 1, 1, 'admin', 'admin#2021', '157.46.90.12', '2021-08-06 11:02:28', 1, '2021-08-06 17:32:28', '0000-00-00 00:00:00'),
(651, 1, 1, 'admin', 'admin#2021', '157.51.41.100', '2021-08-08 02:52:35', 1, '2021-08-08 09:22:35', '0000-00-00 00:00:00'),
(652, 1, 1, 'admin', 'admin#2021', '157.51.41.100', '2021-08-08 05:01:08', 1, '2021-08-08 11:31:08', '0000-00-00 00:00:00'),
(653, 1, 1, 'admin', 'admin#2021', '49.206.200.249', '2021-08-09 01:22:36', 1, '2021-08-09 07:52:36', '0000-00-00 00:00:00'),
(654, 1, 1, 'admin', 'admin#2021', '137.97.103.57', '2021-08-09 08:24:15', 1, '2021-08-09 14:54:15', '0000-00-00 00:00:00'),
(655, 1, 1, 'admin', 'admin#2021', '49.206.200.249', '2021-08-10 12:21:43', 1, '2021-08-10 06:51:43', '0000-00-00 00:00:00'),
(656, 1, 1, 'admin', 'admin#2021', '157.44.137.31', '2021-08-10 06:29:45', 1, '2021-08-10 12:59:45', '0000-00-00 00:00:00'),
(657, 1, 1, 'admin', 'admin#2021', '157.44.137.31', '2021-08-10 06:40:45', 1, '2021-08-10 13:10:45', '0000-00-00 00:00:00'),
(658, 1, 1, 'admin', 'admin#2021', '157.44.137.31', '2021-08-10 09:28:56', 1, '2021-08-10 15:58:56', '0000-00-00 00:00:00'),
(659, 1, 1, 'admin', 'admin#2021', '49.206.200.249', '2021-08-11 10:47:59', 1, '2021-08-11 05:17:59', '0000-00-00 00:00:00'),
(660, 1, 1, 'admin', 'admin#2021', '157.44.163.45', '2021-08-11 09:48:32', 1, '2021-08-11 16:18:32', '0000-00-00 00:00:00'),
(661, 1, 1, 'admin', 'admin#2021', '157.44.163.45', '2021-08-11 10:00:26', 1, '2021-08-11 16:30:26', '0000-00-00 00:00:00'),
(662, 1, 1, 'admin', 'admin#2021', '49.206.200.249', '2021-08-12 09:45:14', 1, '2021-08-12 04:15:14', '0000-00-00 00:00:00'),
(663, 1, 1, 'admin', 'admin#2021', '49.206.200.249', '2021-08-12 02:29:29', 1, '2021-08-12 08:59:29', '0000-00-00 00:00:00'),
(664, 1, 1, 'admin', 'admin#2021', '137.97.96.111', '2021-08-12 07:11:47', 1, '2021-08-12 13:41:47', '0000-00-00 00:00:00'),
(665, 1, 1, 'admin', 'admin#2021', '137.97.96.26', '2021-08-12 09:17:26', 1, '2021-08-12 15:47:26', '0000-00-00 00:00:00'),
(666, 1, 1, 'admin', 'admin#2021', '49.206.200.249', '2021-08-13 10:56:44', 1, '2021-08-13 05:26:44', '0000-00-00 00:00:00'),
(667, 1, 1, 'admin', 'admin#2021', '157.51.103.127', '2021-08-13 09:45:03', 1, '2021-08-13 16:15:03', '0000-00-00 00:00:00'),
(668, 1, 1, 'admin', 'admin#2021', '157.49.237.209', '2021-08-14 03:29:19', 1, '2021-08-14 09:59:19', '0000-00-00 00:00:00'),
(669, 1, 1, 'admin', 'admin#2021', '157.49.237.209', '2021-08-14 07:27:17', 1, '2021-08-14 13:57:17', '0000-00-00 00:00:00'),
(670, 1, 1, 'admin', 'admin#2021', '183.82.191.157', '2021-08-14 08:10:33', 1, '2021-08-14 14:40:33', '0000-00-00 00:00:00'),
(671, 1, 1, 'admin', 'admin#2021', '157.49.237.209', '2021-08-14 08:19:13', 1, '2021-08-14 14:49:13', '0000-00-00 00:00:00'),
(672, 1, 1, 'admin', 'admin#2021', '157.49.237.209', '2021-08-14 10:43:21', 1, '2021-08-14 17:13:21', '0000-00-00 00:00:00'),
(673, 1, 1, 'admin', 'admin#2021', '157.49.251.0', '2021-08-15 10:54:53', 1, '2021-08-15 05:24:53', '0000-00-00 00:00:00'),
(674, 1, 1, 'admin', 'admin#2021', '157.49.251.0', '2021-08-15 03:42:48', 1, '2021-08-15 10:12:48', '0000-00-00 00:00:00'),
(675, 1, 1, 'admin', 'admin#2021', '137.97.107.168', '2021-08-15 03:46:49', 1, '2021-08-15 10:16:49', '0000-00-00 00:00:00'),
(676, 1, 1, 'admin', 'admin#2021', '157.49.251.0', '2021-08-15 06:12:31', 1, '2021-08-15 12:42:31', '0000-00-00 00:00:00'),
(677, 1, 1, 'admin', 'admin#2021', '49.205.86.15', '2021-08-15 07:30:10', 1, '2021-08-15 14:00:10', '0000-00-00 00:00:00'),
(678, 1, 1, 'admin', 'admin#2021', '157.49.251.0', '2021-08-15 09:09:26', 1, '2021-08-15 15:39:26', '0000-00-00 00:00:00'),
(679, 1, 1, 'admin', 'admin#2021', '49.206.200.249', '2021-08-16 04:06:58', 1, '2021-08-16 10:36:58', '0000-00-00 00:00:00'),
(680, 1, 1, 'admin', 'admin#2021', '157.49.76.123', '2021-08-16 04:19:57', 1, '2021-08-16 10:49:57', '0000-00-00 00:00:00'),
(681, 1, 1, 'admin', 'admin#2021', '157.49.76.123', '2021-08-16 04:45:02', 1, '2021-08-16 11:15:02', '0000-00-00 00:00:00'),
(682, 1, 1, 'admin', 'admin#2021', '157.46.133.97', '2021-08-16 06:10:16', 1, '2021-08-16 12:40:16', '0000-00-00 00:00:00'),
(683, 1, 1, 'admin', 'admin#2021', '157.49.76.123', '2021-08-16 06:28:58', 1, '2021-08-16 12:58:58', '0000-00-00 00:00:00'),
(684, 1, 1, 'admin', 'admin#2021', '157.49.76.123', '2021-08-16 08:24:18', 1, '2021-08-16 14:54:18', '0000-00-00 00:00:00'),
(685, 1, 1, 'admin', 'admin#2021', '49.206.200.249', '2021-08-17 08:47:23', 1, '2021-08-17 03:17:23', '0000-00-00 00:00:00'),
(686, 1, 1, 'admin', 'admin#2021', '157.44.152.244', '2021-08-17 12:06:02', 1, '2021-08-17 06:36:02', '0000-00-00 00:00:00'),
(687, 1, 1, 'admin', 'admin#2021', '49.206.200.249', '2021-08-17 12:13:27', 1, '2021-08-17 06:43:27', '0000-00-00 00:00:00'),
(688, 1, 1, 'admin', 'admin#2021', '103.155.32.28', '2021-08-18 03:02:04', 1, '2021-08-18 09:32:04', '0000-00-00 00:00:00'),
(689, 1, 1, 'admin', 'admin#2021', '183.82.189.183', '2021-08-18 07:52:27', 1, '2021-08-18 14:22:27', '0000-00-00 00:00:00'),
(690, 1, 1, 'admin', 'admin#2021', '157.51.173.84', '2021-08-19 08:34:35', 1, '2021-08-19 03:04:35', '0000-00-00 00:00:00'),
(691, 1, 1, 'admin', 'admin#2021', '49.206.200.249', '2021-08-19 11:25:56', 1, '2021-08-19 05:55:56', '0000-00-00 00:00:00'),
(692, 1, 1, 'admin', 'admin#2021', '106.208.67.51', '2021-08-19 11:55:03', 1, '2021-08-19 06:25:03', '0000-00-00 00:00:00'),
(693, 1, 1, 'admin', 'admin#2021', '117.208.199.234', '2021-08-19 12:03:15', 1, '2021-08-19 06:33:15', '0000-00-00 00:00:00'),
(694, 1, 1, 'admin', 'admin#2021', '117.208.199.234', '2021-08-19 01:23:44', 1, '2021-08-19 07:53:44', '0000-00-00 00:00:00'),
(695, 1, 1, 'admin', 'admin#2021', '157.51.166.180', '2021-08-20 08:05:23', 1, '2021-08-20 14:35:23', '0000-00-00 00:00:00'),
(696, 1, 1, 'admin', 'admin#2021', '157.51.160.153', '2021-08-21 04:05:47', 1, '2021-08-21 10:35:47', '0000-00-00 00:00:00'),
(697, 1, 1, 'admin', 'admin#2021', '157.51.160.153', '2021-08-21 04:37:29', 1, '2021-08-21 11:07:29', '0000-00-00 00:00:00'),
(698, 1, 1, 'admin', 'admin#2021', '157.51.160.153', '2021-08-21 04:53:59', 1, '2021-08-21 11:23:59', '0000-00-00 00:00:00'),
(699, 1, 1, 'admin', 'admin#2021', '49.205.87.149', '2021-08-23 01:11:14', 1, '2021-08-23 07:41:14', '0000-00-00 00:00:00'),
(700, 1, 1, 'admin', 'admin#2021', '137.97.71.225', '2021-08-25 10:24:38', 1, '2021-08-25 04:54:38', '0000-00-00 00:00:00'),
(701, 1, 1, 'admin', 'admin#2021', '49.206.200.249', '2021-08-25 02:32:18', 1, '2021-08-25 09:02:18', '0000-00-00 00:00:00'),
(702, 1, 1, 'admin', 'admin#2021', '49.206.200.249', '2021-08-26 12:49:18', 1, '2021-08-26 07:19:18', '0000-00-00 00:00:00'),
(703, 1, 1, 'admin', 'admin#2021', '106.208.112.7', '2021-08-26 03:43:32', 1, '2021-08-26 10:13:32', '0000-00-00 00:00:00'),
(704, 1, 1, 'admin', 'admin#2021', '49.206.200.249', '2021-08-26 03:48:47', 1, '2021-08-26 10:18:47', '0000-00-00 00:00:00'),
(705, 1, 1, 'admin', 'admin#2021', '137.97.93.44', '2021-08-26 08:16:37', 1, '2021-08-26 14:46:37', '0000-00-00 00:00:00'),
(706, 1, 1, 'admin', 'admin#2021', '49.205.87.149', '2021-08-26 08:17:14', 1, '2021-08-26 14:47:14', '0000-00-00 00:00:00'),
(707, 1, 1, 'admin', 'admin#2021', '49.205.87.149', '2021-08-26 08:23:01', 1, '2021-08-26 14:53:01', '0000-00-00 00:00:00'),
(708, 1, 1, 'admin', 'admin#2021', '157.51.24.198', '2021-08-27 09:55:05', 1, '2021-08-27 16:25:05', '0000-00-00 00:00:00'),
(709, 1, 1, 'admin', 'admin#2021', '157.46.154.111', '2021-08-28 12:45:04', 1, '2021-08-28 07:15:04', '0000-00-00 00:00:00'),
(710, 1, 1, 'admin', 'admin#2021', '157.51.8.99', '2021-08-28 01:33:17', 1, '2021-08-28 08:03:17', '0000-00-00 00:00:00'),
(711, 1, 1, 'admin', 'admin#2021', '49.206.200.249', '2021-08-28 02:28:30', 1, '2021-08-28 08:58:30', '0000-00-00 00:00:00'),
(712, 1, 1, 'admin', 'admin#2021', '157.51.8.99', '2021-08-28 05:09:03', 1, '2021-08-28 11:39:03', '0000-00-00 00:00:00'),
(713, 1, 1, 'admin', 'admin#2021', '157.51.8.99', '2021-08-28 08:53:55', 1, '2021-08-28 15:23:55', '0000-00-00 00:00:00'),
(714, 1, 1, 'admin', 'admin#2021', '157.51.140.48', '2021-08-29 09:18:01', 1, '2021-08-29 03:48:01', '0000-00-00 00:00:00'),
(715, 1, 1, 'admin', 'admin#2021', '106.208.90.65', '2021-08-29 02:53:30', 1, '2021-08-29 09:23:30', '0000-00-00 00:00:00'),
(716, 1, 1, 'admin', 'admin#2021', '157.46.144.186', '2021-08-29 05:56:43', 1, '2021-08-29 12:26:43', '0000-00-00 00:00:00'),
(717, 1, 1, 'admin', 'admin#2021', '157.49.201.221', '2021-08-29 07:11:59', 1, '2021-08-29 13:41:59', '0000-00-00 00:00:00'),
(718, 1, 1, 'admin', 'admin#2021', '157.49.201.221', '2021-08-29 07:39:36', 1, '2021-08-29 14:09:36', '0000-00-00 00:00:00'),
(719, 1, 1, 'admin', 'admin#2021', '157.49.201.221', '2021-08-29 08:09:19', 1, '2021-08-29 14:39:19', '0000-00-00 00:00:00'),
(720, 1, 1, 'admin', 'admin#2021', '106.208.90.65', '2021-08-29 08:13:04', 1, '2021-08-29 14:43:04', '0000-00-00 00:00:00'),
(721, 1, 1, 'admin', 'admin#2021', '157.49.201.221', '2021-08-29 09:37:42', 1, '2021-08-29 16:07:42', '0000-00-00 00:00:00'),
(722, 1, 1, 'admin', 'admin#2021', '157.49.216.140', '2021-08-30 09:24:15', 1, '2021-08-30 03:54:15', '0000-00-00 00:00:00'),
(723, 1, 1, 'admin', 'admin#2021', '157.49.156.25', '2021-08-30 11:59:31', 1, '2021-08-30 06:29:31', '0000-00-00 00:00:00'),
(724, 1, 1, 'admin', 'admin#2021', '49.206.200.249', '2021-08-30 04:31:03', 1, '2021-08-30 11:01:03', '0000-00-00 00:00:00'),
(725, 1, 1, 'admin', 'admin#2021', '106.208.82.118', '2021-08-30 04:39:51', 1, '2021-08-30 11:09:51', '0000-00-00 00:00:00'),
(726, 1, 1, 'admin', 'admin#2021', '157.49.156.25', '2021-08-30 04:56:23', 1, '2021-08-30 11:26:23', '0000-00-00 00:00:00'),
(727, 1, 1, 'admin', 'admin#2021', '157.49.156.25', '2021-08-30 06:54:26', 1, '2021-08-30 13:24:26', '0000-00-00 00:00:00'),
(728, 1, 1, 'admin', 'admin#2021', '157.49.156.25', '2021-08-30 07:08:46', 1, '2021-08-30 13:38:46', '0000-00-00 00:00:00'),
(729, 1, 1, 'admin', 'admin#2021', '157.49.156.25', '2021-08-30 10:12:27', 1, '2021-08-30 16:42:27', '0000-00-00 00:00:00'),
(730, 1, 1, 'admin', 'admin#2021', '157.49.156.73', '2021-08-31 08:47:44', 1, '2021-08-31 03:17:44', '0000-00-00 00:00:00'),
(731, 1, 1, 'admin', 'admin#2021', '49.206.200.249', '2021-08-31 12:16:51', 1, '2021-08-31 06:46:51', '0000-00-00 00:00:00'),
(732, 1, 1, 'admin', 'admin#2021', '157.49.156.73', '2021-08-31 06:26:02', 1, '2021-08-31 12:56:02', '0000-00-00 00:00:00'),
(733, 1, 1, 'admin', 'admin#2021', '49.206.200.249', '2021-09-01 12:17:05', 1, '2021-09-01 06:47:05', '0000-00-00 00:00:00'),
(734, 1, 1, 'admin', 'admin#2021', '157.49.142.70', '2021-09-01 12:45:11', 1, '2021-09-01 07:15:11', '0000-00-00 00:00:00'),
(735, 1, 1, 'admin', 'admin#2021', '49.206.200.249', '2021-09-01 03:39:58', 1, '2021-09-01 10:09:58', '0000-00-00 00:00:00'),
(736, 1, 1, 'admin', 'admin#2021', '106.208.56.44', '2021-09-01 07:49:58', 1, '2021-09-01 14:19:58', '0000-00-00 00:00:00'),
(737, 1, 1, 'admin', 'admin#2021', '106.208.56.44', '2021-09-01 07:52:25', 1, '2021-09-01 14:22:25', '0000-00-00 00:00:00'),
(738, 1, 1, 'admin', 'admin#2021', '157.49.142.70', '2021-09-01 08:58:08', 1, '2021-09-01 15:28:08', '0000-00-00 00:00:00'),
(739, 1, 1, 'admin', 'admin#2021', '157.49.142.70', '2021-09-01 09:17:34', 1, '2021-09-01 15:47:34', '0000-00-00 00:00:00'),
(740, 1, 1, 'admin', 'admin#2021', '157.46.87.220', '2021-09-05 08:43:23', 1, '2021-09-05 15:13:23', '0000-00-00 00:00:00'),
(741, 1, 1, 'admin', 'admin#2021', '106.208.123.169', '2021-09-06 09:22:25', 1, '2021-09-06 03:52:25', '0000-00-00 00:00:00'),
(742, 1, 1, 'admin', 'admin#2021', '157.44.218.75', '2021-09-06 06:28:17', 1, '2021-09-06 12:58:17', '0000-00-00 00:00:00'),
(743, 1, 1, 'admin', 'admin#2021', '137.97.108.57', '2021-09-06 06:56:56', 1, '2021-09-06 13:26:56', '0000-00-00 00:00:00'),
(744, 1, 1, 'admin', 'admin#2021', '157.44.218.75', '2021-09-06 08:46:44', 1, '2021-09-06 15:16:44', '0000-00-00 00:00:00'),
(745, 1, 1, 'admin', 'admin#2021', '137.97.108.57', '2021-09-06 08:53:25', 1, '2021-09-06 15:23:25', '0000-00-00 00:00:00'),
(746, 1, 1, 'admin', 'admin#2021', '137.97.108.57', '2021-09-06 08:57:58', 1, '2021-09-06 15:27:58', '0000-00-00 00:00:00'),
(747, 1, 1, 'admin', 'admin#2021', '49.205.81.220', '2021-09-06 09:08:47', 1, '2021-09-06 15:38:47', '0000-00-00 00:00:00'),
(748, 1, 1, 'admin', 'admin#2021', '137.97.108.57', '2021-09-06 09:17:18', 1, '2021-09-06 15:47:18', '0000-00-00 00:00:00'),
(749, 1, 1, 'admin', 'admin#2021', '137.97.108.57', '2021-09-06 09:26:25', 1, '2021-09-06 15:56:25', '0000-00-00 00:00:00'),
(750, 1, 1, 'admin', 'admin#2021', '137.97.108.57', '2021-09-06 11:51:59', 1, '2021-09-06 18:21:59', '0000-00-00 00:00:00'),
(751, 1, 1, 'admin', 'admin#2021', '137.97.108.57', '2021-09-07 12:36:37', 1, '2021-09-06 19:06:37', '0000-00-00 00:00:00'),
(752, 1, 1, 'admin', 'admin#2021', '137.97.108.57', '2021-09-07 12:42:27', 1, '2021-09-06 19:12:27', '0000-00-00 00:00:00'),
(753, 1, 1, 'admin', 'admin#2021', '137.97.111.96', '2021-09-07 06:19:06', 1, '2021-09-07 12:49:06', '0000-00-00 00:00:00'),
(754, 1, 1, 'admin', 'admin#2021', '137.97.111.96', '2021-09-07 07:25:55', 1, '2021-09-07 13:55:55', '0000-00-00 00:00:00'),
(755, 1, 1, 'admin', 'admin#2021', '49.206.200.249', '2021-09-08 04:10:15', 1, '2021-09-08 10:40:15', '0000-00-00 00:00:00'),
(756, 1, 1, 'admin', 'admin#2021', '183.82.191.226', '2021-09-13 08:06:07', 1, '2021-09-13 14:36:07', '0000-00-00 00:00:00'),
(757, 1, 1, 'admin', 'admin#2021', '157.51.28.116', '2021-09-20 10:49:57', 1, '2021-09-20 17:19:57', '0000-00-00 00:00:00'),
(758, 1, 1, 'admin', 'admin#2021', '157.51.25.151', '2021-09-21 09:24:54', 1, '2021-09-21 03:54:54', '0000-00-00 00:00:00'),
(759, 1, 1, 'admin', 'admin#2021', '157.51.18.15', '2021-09-21 01:49:15', 1, '2021-09-21 08:19:15', '0000-00-00 00:00:00'),
(760, 1, 1, 'admin', 'admin#2021', '157.44.216.178', '2021-09-22 07:36:13', 1, '2021-09-22 14:06:13', '0000-00-00 00:00:00'),
(761, 1, 1, 'admin', 'admin#2021', '157.44.216.178', '2021-09-22 07:42:06', 1, '2021-09-22 14:12:06', '0000-00-00 00:00:00'),
(762, 103, 4, 'admin1', 'admin1', '157.44.216.178', '2021-09-22 07:52:34', 1, '2021-09-22 14:22:34', '0000-00-00 00:00:00'),
(763, 104, 2, 'con', '123', '157.44.216.178', '2021-09-22 07:54:42', 1, '2021-09-22 14:24:42', '0000-00-00 00:00:00'),
(764, 104, 2, 'con', '123', '157.44.184.96', '2021-09-28 09:55:40', 1, '2021-09-28 16:25:40', '0000-00-00 00:00:00'),
(765, 104, 2, 'con', '123', '137.97.83.164', '2021-09-29 08:29:36', 1, '2021-09-29 14:59:36', '0000-00-00 00:00:00'),
(766, 104, 2, 'con', '123', '157.44.203.255', '2021-09-30 06:27:35', 1, '2021-09-30 12:57:35', '0000-00-00 00:00:00'),
(767, 104, 2, 'con', '123', '157.44.203.255', '2021-09-30 07:27:06', 1, '2021-09-30 13:57:06', '0000-00-00 00:00:00'),
(768, 104, 2, 'con', '123', '157.49.224.199', '2021-10-02 06:11:05', 1, '2021-10-02 12:41:05', '0000-00-00 00:00:00'),
(769, 104, 2, 'con', '123', '157.49.208.49', '2021-10-03 07:25:53', 1, '2021-10-03 13:55:53', '0000-00-00 00:00:00'),
(770, 104, 2, 'con', '123', '157.46.154.0', '2021-10-04 06:57:08', 1, '2021-10-04 13:27:08', '0000-00-00 00:00:00'),
(771, 1, 1, 'admin', 'admin#2021', '157.46.154.0', '2021-10-04 09:04:06', 1, '2021-10-04 15:34:06', '0000-00-00 00:00:00'),
(772, 104, 2, 'con', '123', '157.46.154.0', '2021-10-04 09:06:00', 1, '2021-10-04 15:36:00', '0000-00-00 00:00:00'),
(773, 104, 2, 'con', '123', '157.44.194.61', '2021-10-07 07:52:19', 1, '2021-10-07 14:22:19', '0000-00-00 00:00:00'),
(774, 104, 2, 'con', '123', '157.46.126.198', '2021-10-08 09:40:35', 1, '2021-10-08 16:10:35', '0000-00-00 00:00:00'),
(775, 104, 2, 'con', '123', '157.46.105.159', '2021-10-09 09:29:18', 1, '2021-10-09 03:59:18', '0000-00-00 00:00:00'),
(776, 104, 2, 'con', '123', '157.46.105.159', '2021-10-09 12:57:28', 1, '2021-10-09 07:27:28', '0000-00-00 00:00:00'),
(777, 104, 2, 'con', '123', '157.46.122.240', '2021-10-09 04:11:00', 1, '2021-10-09 10:41:00', '0000-00-00 00:00:00'),
(778, 104, 2, 'con', '123', '157.46.122.240', '2021-10-09 07:27:20', 1, '2021-10-09 13:57:20', '0000-00-00 00:00:00'),
(779, 104, 2, 'con', '123', '157.49.240.11', '2021-10-10 10:17:48', 1, '2021-10-10 04:47:48', '0000-00-00 00:00:00'),
(780, 104, 2, 'con', '123', '49.204.138.140', '2021-10-10 04:30:09', 1, '2021-10-10 11:00:09', '0000-00-00 00:00:00'),
(781, 104, 2, 'con', '123', '49.204.138.140', '2021-10-10 04:31:56', 1, '2021-10-10 11:01:56', '0000-00-00 00:00:00'),
(782, 104, 2, 'con', '123', '157.49.240.11', '2021-10-10 04:34:09', 1, '2021-10-10 11:04:09', '0000-00-00 00:00:00'),
(783, 104, 2, 'con', '123', '137.97.122.240', '2021-10-11 08:20:50', 1, '2021-10-11 14:50:50', '0000-00-00 00:00:00'),
(784, 104, 2, 'con', '123', '157.46.220.127', '2021-10-12 06:29:57', 1, '2021-10-12 12:59:57', '0000-00-00 00:00:00'),
(785, 104, 2, 'con', '123', '157.49.230.172', '2021-10-13 09:23:44', 1, '2021-10-13 15:53:44', '0000-00-00 00:00:00'),
(786, 104, 2, 'con', '123', '157.49.250.91', '2021-10-14 09:04:20', 1, '2021-10-14 03:34:20', '0000-00-00 00:00:00'),
(787, 104, 2, 'con', '123', '157.49.250.91', '2021-10-14 12:46:18', 1, '2021-10-14 07:16:18', '0000-00-00 00:00:00'),
(788, 1, 1, 'admin', 'admin#2021', '157.49.250.91', '2021-10-14 12:46:28', 1, '2021-10-14 07:16:28', '0000-00-00 00:00:00'),
(789, 104, 2, 'con', '123', '157.49.250.91', '2021-10-14 12:48:48', 1, '2021-10-14 07:18:48', '0000-00-00 00:00:00'),
(790, 104, 2, 'con', '123', '157.49.71.222', '2021-10-15 09:26:29', 1, '2021-10-15 03:56:29', '0000-00-00 00:00:00'),
(791, 104, 2, 'con', '123', '157.49.71.222', '2021-10-15 10:11:13', 1, '2021-10-15 04:41:13', '0000-00-00 00:00:00'),
(792, 1, 1, 'admin', 'admin#2021', '157.49.71.222', '2021-10-15 10:45:06', 1, '2021-10-15 05:15:06', '0000-00-00 00:00:00'),
(793, 104, 2, 'con', '123', '157.49.71.222', '2021-10-15 11:10:21', 1, '2021-10-15 05:40:21', '0000-00-00 00:00:00'),
(794, 104, 2, 'con', '123', '157.49.71.222', '2021-10-15 04:49:00', 1, '2021-10-15 11:19:00', '0000-00-00 00:00:00'),
(795, 104, 2, 'con', '123', '157.49.71.222', '2021-10-15 05:46:28', 1, '2021-10-15 12:16:28', '0000-00-00 00:00:00'),
(796, 104, 2, 'con', '123', '137.97.90.72', '2021-10-16 08:03:45', 1, '2021-10-16 02:33:45', '0000-00-00 00:00:00'),
(797, 104, 2, 'con', '123', '137.97.90.72', '2021-10-16 08:04:10', 1, '2021-10-16 02:34:10', '0000-00-00 00:00:00'),
(798, 1, 1, 'admin', 'admin#2021', '137.97.90.72', '2021-10-16 08:04:38', 1, '2021-10-16 02:34:38', '0000-00-00 00:00:00'),
(799, 104, 2, 'con', '123', '157.46.86.217', '2021-10-16 08:34:29', 1, '2021-10-16 15:04:29', '0000-00-00 00:00:00'),
(800, 104, 2, 'con', '123', '49.205.82.195', '2021-10-16 09:10:29', 1, '2021-10-16 15:40:29', '0000-00-00 00:00:00'),
(801, 1, 1, 'admin', 'admin#2021', '49.205.82.195', '2021-10-16 09:11:00', 1, '2021-10-16 15:41:00', '0000-00-00 00:00:00'),
(802, 104, 2, 'con', '123', '157.49.248.241', '2021-10-17 10:01:24', 1, '2021-10-17 04:31:24', '0000-00-00 00:00:00'),
(803, 1, 1, 'admin', 'admin#2021', '49.205.81.35', '2021-10-17 09:20:06', 1, '2021-10-17 15:50:06', '0000-00-00 00:00:00'),
(804, 104, 2, 'con', '123', '49.205.81.35', '2021-10-17 09:21:10', 1, '2021-10-17 15:51:10', '0000-00-00 00:00:00'),
(805, 104, 2, 'Con', '123', '49.205.81.35', '2021-10-17 09:51:01', 1, '2021-10-17 16:21:01', '0000-00-00 00:00:00'),
(806, 104, 2, 'Con', '123', '49.205.81.35', '2021-10-17 09:52:44', 1, '2021-10-17 16:22:44', '0000-00-00 00:00:00'),
(807, 104, 2, 'con', '123', '157.49.241.247', '2021-10-18 10:20:49', 1, '2021-10-18 04:50:49', '0000-00-00 00:00:00'),
(808, 104, 2, 'con', '123', '157.49.241.247', '2021-10-18 02:33:32', 1, '2021-10-18 09:03:32', '0000-00-00 00:00:00'),
(809, 1, 1, 'admin', 'admin#2021', '183.83.185.240', '2021-10-18 03:29:54', 1, '2021-10-18 09:59:54', '0000-00-00 00:00:00'),
(810, 104, 2, 'con', '123', '183.83.185.240', '2021-10-18 03:31:08', 1, '2021-10-18 10:01:08', '0000-00-00 00:00:00'),
(811, 104, 2, 'con', '123', '183.83.185.240', '2021-10-18 04:41:21', 1, '2021-10-18 11:11:21', '0000-00-00 00:00:00'),
(812, 104, 2, 'con', '123', '157.49.241.247', '2021-10-18 04:54:54', 1, '2021-10-18 11:24:54', '0000-00-00 00:00:00'),
(813, 104, 2, 'con', '123', '157.49.241.247', '2021-10-18 09:16:35', 1, '2021-10-18 15:46:35', '0000-00-00 00:00:00'),
(814, 104, 2, 'Con', '123', '106.208.33.12', '2021-10-19 09:06:59', 1, '2021-10-19 03:36:59', '0000-00-00 00:00:00'),
(815, 104, 2, 'con', '123', '157.49.95.181', '2021-10-19 01:42:49', 1, '2021-10-19 08:12:49', '0000-00-00 00:00:00'),
(816, 104, 2, 'con', '123', '49.205.84.15', '2021-10-21 08:58:43', 1, '2021-10-21 15:28:43', '0000-00-00 00:00:00'),
(817, 104, 2, 'con', '123', '49.204.113.253', '2021-10-26 07:06:15', 1, '2021-10-26 13:36:15', '0000-00-00 00:00:00'),
(818, 1, 1, 'admin', 'admin#2021', '49.204.113.253', '2021-10-26 07:07:13', 1, '2021-10-26 13:37:13', '0000-00-00 00:00:00'),
(819, 104, 2, 'con', '123', '49.204.113.253', '2021-10-26 07:08:09', 1, '2021-10-26 13:38:09', '0000-00-00 00:00:00'),
(820, 104, 2, 'con', '123', '49.204.113.253', '2021-10-26 07:45:37', 1, '2021-10-26 14:15:37', '0000-00-00 00:00:00');
INSERT INTO `user_log_book` (`log_id`, `user_id`, `usertype`, `username`, `password`, `ipaddress`, `logintime`, `office_id`, `created_date`, `updated_time`) VALUES
(821, 104, 2, 'con', '123', '157.46.163.151', '2021-10-30 07:15:33', 1, '2021-10-30 13:45:33', '0000-00-00 00:00:00'),
(822, 104, 2, 'con', '123', '157.46.163.151', '2021-10-30 08:44:08', 1, '2021-10-30 15:14:08', '0000-00-00 00:00:00'),
(823, 1, 1, 'Admin', 'admin#2021', '106.195.46.175', '2021-10-31 12:30:03', 1, '2021-10-31 07:00:03', '0000-00-00 00:00:00'),
(824, 1, 1, 'Admin', 'admin#2021', '223.182.193.184', '2021-10-31 12:30:28', 1, '2021-10-31 07:00:28', '0000-00-00 00:00:00'),
(825, 104, 2, 'Con', '123', '223.182.193.184', '2021-10-31 01:04:19', 1, '2021-10-31 07:34:19', '0000-00-00 00:00:00'),
(826, 104, 2, 'con', '123', '157.44.137.216', '2021-10-31 08:35:01', 1, '2021-10-31 15:05:01', '0000-00-00 00:00:00'),
(827, 104, 2, 'con', '123', '137.97.88.27', '2021-11-01 07:10:37', 1, '2021-11-01 13:40:37', '0000-00-00 00:00:00'),
(828, 1, 1, 'Admin', 'admin#2021', '137.97.88.27', '2021-11-01 07:11:57', 1, '2021-11-01 13:41:57', '0000-00-00 00:00:00'),
(829, 104, 2, 'con', '123', '137.97.88.27', '2021-11-01 07:17:39', 1, '2021-11-01 13:47:39', '0000-00-00 00:00:00'),
(830, 104, 2, 'con', '123', '49.204.137.40', '2021-11-03 10:01:23', 1, '2021-11-03 16:31:23', '0000-00-00 00:00:00'),
(831, 1, 1, 'ADMIN', 'ADMIN#2021', '49.204.137.40', '2021-11-03 10:01:53', 1, '2021-11-03 16:31:53', '0000-00-00 00:00:00'),
(832, 104, 2, 'con', '123', '157.49.253.158', '2021-11-04 09:45:57', 1, '2021-11-04 04:15:57', '0000-00-00 00:00:00'),
(833, 104, 2, 'con', '123', '157.46.70.178', '2021-11-04 06:42:53', 1, '2021-11-04 13:12:53', '0000-00-00 00:00:00'),
(834, 1, 1, 'Admin', 'admin#2021', '157.46.70.178', '2021-11-04 08:52:57', 1, '2021-11-04 15:22:57', '0000-00-00 00:00:00'),
(835, 1, 1, 'Admin', 'admin#2021', '137.97.115.199', '2021-11-05 06:43:18', 1, '2021-11-05 13:13:18', '0000-00-00 00:00:00'),
(836, 104, 2, 'con', '123', '137.97.115.199', '2021-11-05 07:40:56', 1, '2021-11-05 14:10:56', '0000-00-00 00:00:00'),
(837, 104, 2, 'con', '123', '49.204.112.141', '2021-11-05 07:42:39', 1, '2021-11-05 14:12:39', '0000-00-00 00:00:00'),
(838, 104, 2, 'con', '123', '157.46.109.189', '2021-11-06 08:15:07', 1, '2021-11-06 14:45:07', '0000-00-00 00:00:00'),
(839, 1, 1, 'Admin', 'admin#2021', '157.46.109.189', '2021-11-06 08:17:20', 1, '2021-11-06 14:47:20', '0000-00-00 00:00:00'),
(840, 104, 2, 'con', '123', '157.46.109.189', '2021-11-06 08:48:14', 1, '2021-11-06 15:18:14', '0000-00-00 00:00:00'),
(841, 1, 1, 'Admin', 'admin#2021', '157.46.109.189', '2021-11-06 10:06:55', 1, '2021-11-06 16:36:55', '0000-00-00 00:00:00'),
(842, 1, 1, 'Admin', 'admin#2021', '157.46.100.244', '2021-11-07 10:07:40', 1, '2021-11-07 04:37:40', '0000-00-00 00:00:00'),
(843, 104, 2, 'con', '123', '157.46.100.244', '2021-11-07 10:07:50', 1, '2021-11-07 04:37:50', '0000-00-00 00:00:00'),
(844, 1, 1, 'Admin', 'admin#2021', '157.46.100.244', '2021-11-07 10:52:30', 1, '2021-11-07 05:22:30', '0000-00-00 00:00:00'),
(845, 1, 1, 'Admin', 'admin#2021', '157.46.100.244', '2021-11-07 11:04:18', 1, '2021-11-07 05:34:18', '0000-00-00 00:00:00'),
(846, 104, 3, 'con', '123', '157.46.100.244', '2021-11-07 11:04:48', 1, '2021-11-07 05:34:48', '0000-00-00 00:00:00'),
(847, 104, 3, 'con', '123', '157.46.100.244', '2021-11-07 11:06:12', 1, '2021-11-07 05:36:12', '0000-00-00 00:00:00'),
(848, 1, 1, 'Admin', 'admin#2021', '157.46.100.244', '2021-11-07 11:24:43', 1, '2021-11-07 05:54:43', '0000-00-00 00:00:00'),
(849, 105, 2, 'doctor', 'doctor', '157.46.100.244', '2021-11-07 11:25:22', 1, '2021-11-07 05:55:22', '0000-00-00 00:00:00'),
(850, 104, 3, 'con', '123', '157.46.100.244', '2021-11-07 11:33:46', 1, '2021-11-07 06:03:46', '0000-00-00 00:00:00'),
(851, 105, 2, 'doctor', 'doctor', '157.46.100.244', '2021-11-07 11:41:31', 1, '2021-11-07 06:11:31', '0000-00-00 00:00:00'),
(852, 104, 3, 'con', '123', '157.46.100.244', '2021-11-07 11:46:56', 1, '2021-11-07 06:16:56', '0000-00-00 00:00:00'),
(853, 105, 2, 'doctor', 'doctor', '157.46.100.244', '2021-11-07 11:48:54', 1, '2021-11-07 06:18:54', '0000-00-00 00:00:00'),
(854, 105, 2, 'doctor', 'doctor', '157.46.100.244', '2021-11-07 01:26:24', 1, '2021-11-07 07:56:24', '0000-00-00 00:00:00'),
(855, 104, 3, 'con', '123', '157.46.100.244', '2021-11-07 05:36:39', 1, '2021-11-07 12:06:39', '0000-00-00 00:00:00'),
(856, 105, 2, 'doctor', 'doctor', '157.46.100.244', '2021-11-07 05:37:19', 1, '2021-11-07 12:07:19', '0000-00-00 00:00:00'),
(857, 1, 1, 'Admin', 'admin#2021', '157.46.100.244', '2021-11-07 05:48:51', 1, '2021-11-07 12:18:51', '0000-00-00 00:00:00'),
(858, 1, 1, 'ADMIN', 'ADMIN#2021', '49.204.134.0', '2021-11-07 07:20:40', 1, '2021-11-07 13:50:40', '0000-00-00 00:00:00'),
(859, 104, 3, 'con', '123', '49.204.134.0', '2021-11-07 07:22:59', 1, '2021-11-07 13:52:59', '0000-00-00 00:00:00'),
(860, 1, 1, 'Admin', 'admin#2021', '157.49.66.39', '2021-11-08 09:54:07', 1, '2021-11-08 16:24:07', '0000-00-00 00:00:00'),
(861, 1, 1, 'Admin', 'admin#2021', '106.208.107.172', '2021-11-10 01:40:57', 1, '2021-11-10 08:10:57', '0000-00-00 00:00:00'),
(862, 1, 1, 'admin', 'admin#2021', '106.198.29.53', '2021-11-10 01:42:10', 1, '2021-11-10 08:12:10', '0000-00-00 00:00:00'),
(863, 1, 1, 'admin', 'admin#2021', '106.198.29.53', '2021-11-10 01:42:16', 1, '2021-11-10 08:12:16', '0000-00-00 00:00:00'),
(864, 1, 1, 'Admin', 'admin#2021', '157.44.216.243', '2021-11-11 08:21:25', 1, '2021-11-11 14:51:25', '0000-00-00 00:00:00'),
(865, 1, 1, 'Admin', 'admin#2021', '157.46.77.233', '2021-11-12 06:44:36', 1, '2021-11-12 13:14:36', '0000-00-00 00:00:00'),
(866, 105, 2, 'doctor', 'doctor', '157.46.77.233', '2021-11-12 09:47:44', 1, '2021-11-12 16:17:44', '0000-00-00 00:00:00'),
(867, 105, 2, 'doctor', 'doctor', '157.49.218.48', '2021-11-13 09:30:44', 1, '2021-11-13 04:00:44', '0000-00-00 00:00:00'),
(868, 1, 1, 'Admin', 'admin#2021', '157.49.218.48', '2021-11-13 02:14:19', 1, '2021-11-13 08:44:19', '0000-00-00 00:00:00'),
(869, 105, 2, 'doctor', 'doctor', '157.49.218.48', '2021-11-13 02:15:44', 1, '2021-11-13 08:45:44', '0000-00-00 00:00:00'),
(870, 105, 2, 'doctor', 'doctor', '157.49.242.19', '2021-11-13 04:34:47', 1, '2021-11-13 11:04:47', '0000-00-00 00:00:00'),
(871, 105, 2, 'doctor', 'doctor', '157.49.84.132', '2021-11-14 03:30:40', 1, '2021-11-14 10:00:40', '0000-00-00 00:00:00'),
(872, 105, 2, 'doctor', 'doctor', '157.49.84.132', '2021-11-14 07:39:42', 1, '2021-11-14 14:09:42', '0000-00-00 00:00:00'),
(873, 1, 1, 'admin', 'admin#2021', '157.49.84.132', '2021-11-14 07:45:56', 1, '2021-11-14 14:15:56', '0000-00-00 00:00:00'),
(874, 104, 3, 'con', '123', '157.49.84.132', '2021-11-14 07:48:38', 1, '2021-11-14 14:18:38', '0000-00-00 00:00:00'),
(875, 105, 2, 'doctor', 'doctor', '157.49.84.132', '2021-11-14 07:50:34', 1, '2021-11-14 14:20:34', '0000-00-00 00:00:00'),
(876, 104, 3, 'con', '123', '157.49.84.132', '2021-11-14 07:51:10', 1, '2021-11-14 14:21:10', '0000-00-00 00:00:00'),
(877, 105, 2, 'doctor', 'doctor', '157.49.84.132', '2021-11-14 08:10:33', 1, '2021-11-14 14:40:33', '0000-00-00 00:00:00'),
(878, 104, 3, 'con', '123', '157.49.84.132', '2021-11-14 08:10:46', 1, '2021-11-14 14:40:46', '0000-00-00 00:00:00'),
(879, 105, 2, 'doctor', 'doctor', '157.49.84.132', '2021-11-14 08:13:39', 1, '2021-11-14 14:43:39', '0000-00-00 00:00:00'),
(880, 104, 3, 'con', '123', '157.49.84.132', '2021-11-14 08:30:23', 1, '2021-11-14 15:00:23', '0000-00-00 00:00:00'),
(881, 105, 2, 'doctor', 'doctor', '157.49.84.132', '2021-11-14 08:30:51', 1, '2021-11-14 15:00:51', '0000-00-00 00:00:00'),
(882, 105, 2, 'doctor', 'doctor', '157.49.70.3', '2021-11-15 07:35:39', 1, '2021-11-15 02:05:39', '0000-00-00 00:00:00'),
(883, 1, 1, 'admin', 'admin#2021', '183.83.185.240', '2021-11-15 03:07:04', 1, '2021-11-15 09:37:04', '0000-00-00 00:00:00'),
(884, 104, 3, 'CON', '123', '183.83.185.240', '2021-11-15 03:08:40', 1, '2021-11-15 09:38:40', '0000-00-00 00:00:00'),
(885, 105, 2, 'DOCTOR', 'DOCTOR', '183.83.185.240', '2021-11-15 03:15:09', 1, '2021-11-15 09:45:09', '0000-00-00 00:00:00'),
(886, 1, 1, 'admin', 'admin#2021', '183.83.185.240', '2021-11-15 03:20:54', 1, '2021-11-15 09:50:54', '0000-00-00 00:00:00'),
(887, 105, 2, 'DOCTOR', 'DOCTOR', '183.83.185.240', '2021-11-15 03:29:05', 1, '2021-11-15 09:59:05', '0000-00-00 00:00:00'),
(888, 105, 2, 'DOCTOR', 'DOCTOR', '183.83.185.240', '2021-11-15 03:31:45', 1, '2021-11-15 10:01:45', '0000-00-00 00:00:00'),
(889, 105, 2, 'doctor', 'doctor', '157.44.169.24', '2021-11-15 05:46:55', 1, '2021-11-15 12:16:55', '0000-00-00 00:00:00'),
(890, 105, 2, 'doctor', 'doctor', '157.44.182.49', '2021-11-15 07:50:55', 1, '2021-11-15 14:20:55', '0000-00-00 00:00:00'),
(891, 1, 1, 'admin', 'admin#2021', '49.205.81.235', '2021-11-15 08:07:56', 1, '2021-11-15 14:37:56', '0000-00-00 00:00:00'),
(892, 104, 3, 'con', '123', '49.205.81.235', '2021-11-15 08:08:24', 1, '2021-11-15 14:38:24', '0000-00-00 00:00:00'),
(893, 104, 3, 'con', '123', '49.205.81.235', '2021-11-15 08:24:02', 1, '2021-11-15 14:54:02', '0000-00-00 00:00:00'),
(894, 1, 1, 'ADMIN', 'ADMIN#2021', '49.205.81.235', '2021-11-15 08:25:26', 1, '2021-11-15 14:55:26', '0000-00-00 00:00:00'),
(895, 104, 3, 'CON', '123', '49.205.81.235', '2021-11-15 08:27:16', 1, '2021-11-15 14:57:16', '0000-00-00 00:00:00'),
(896, 105, 2, 'doctor', 'doctor', '49.205.81.235', '2021-11-15 08:40:39', 1, '2021-11-15 15:10:39', '0000-00-00 00:00:00'),
(897, 105, 2, 'doctor', 'doctor', '49.205.81.235', '2021-11-15 08:47:23', 1, '2021-11-15 15:17:23', '0000-00-00 00:00:00'),
(898, 1, 1, 'admin', 'admin#2021', '49.205.81.235', '2021-11-15 08:48:32', 1, '2021-11-15 15:18:32', '0000-00-00 00:00:00'),
(899, 105, 2, 'doctor', 'doctor', '137.97.118.2', '2021-11-16 06:42:21', 1, '2021-11-16 13:12:21', '0000-00-00 00:00:00'),
(900, 105, 2, 'doctor', 'doctor', '157.44.180.172', '2021-11-17 06:44:49', 1, '2021-11-17 13:14:49', '0000-00-00 00:00:00'),
(901, 105, 2, 'doctor', 'doctor', '157.44.180.172', '2021-11-17 09:52:34', 1, '2021-11-17 16:22:34', '0000-00-00 00:00:00'),
(902, 1, 1, 'Admin', 'admin#2021', '157.44.180.172', '2021-11-17 09:52:44', 1, '2021-11-17 16:22:44', '0000-00-00 00:00:00'),
(903, 105, 2, 'doctor', 'doctor', '157.44.180.172', '2021-11-17 10:17:07', 1, '2021-11-17 16:47:07', '0000-00-00 00:00:00'),
(904, 105, 2, 'doctor', 'doctor', '157.44.196.224', '2021-11-18 07:40:52', 1, '2021-11-18 14:10:52', '0000-00-00 00:00:00'),
(905, 1, 1, 'Admin', 'admin#2021', '157.44.196.224', '2021-11-18 07:41:06', 1, '2021-11-18 14:11:06', '0000-00-00 00:00:00'),
(906, 105, 2, 'doctor', 'doctor', '157.44.196.224', '2021-11-18 07:46:23', 1, '2021-11-18 14:16:23', '0000-00-00 00:00:00'),
(907, 105, 2, 'doctor', 'doctor', '49.204.113.199', '2021-11-18 08:53:59', 1, '2021-11-18 15:23:59', '0000-00-00 00:00:00'),
(908, 105, 2, 'doctor', 'doctor', '157.46.175.195', '2021-11-19 08:57:56', 1, '2021-11-19 15:27:56', '0000-00-00 00:00:00'),
(909, 105, 2, 'doctor', 'doctor', '157.46.175.195', '2021-11-19 09:27:37', 1, '2021-11-19 15:57:37', '0000-00-00 00:00:00'),
(910, 1, 1, 'Admin', 'admin#2021', '157.46.175.195', '2021-11-19 09:27:57', 1, '2021-11-19 15:57:57', '0000-00-00 00:00:00'),
(911, 105, 2, 'doctor', 'doctor', '157.46.175.195', '2021-11-19 09:32:27', 1, '2021-11-19 16:02:27', '0000-00-00 00:00:00'),
(912, 105, 2, 'doctor', 'doctor', '157.46.76.189', '2021-11-20 11:12:46', 1, '2021-11-20 17:42:46', '0000-00-00 00:00:00'),
(913, 105, 2, 'doctor', 'doctor', '157.46.95.99', '2021-11-21 08:52:31', 1, '2021-11-21 03:22:31', '0000-00-00 00:00:00'),
(914, 1, 1, 'admin', 'admin#2021', '49.204.114.149', '2021-11-21 09:33:44', 1, '2021-11-21 04:03:44', '0000-00-00 00:00:00'),
(915, 104, 3, 'con', '123', '157.46.95.99', '2021-11-21 10:34:40', 1, '2021-11-21 05:04:40', '0000-00-00 00:00:00'),
(916, 1, 1, 'admin', 'admin#2021', '49.204.114.149', '2021-11-21 10:35:11', 1, '2021-11-21 05:05:11', '0000-00-00 00:00:00'),
(917, 105, 2, 'doctor', 'doctor', '157.46.95.99', '2021-11-21 10:37:51', 1, '2021-11-21 05:07:51', '0000-00-00 00:00:00'),
(918, 104, 3, 'con', '123', '49.204.114.149', '2021-11-21 10:44:35', 1, '2021-11-21 05:14:35', '0000-00-00 00:00:00'),
(919, 105, 2, 'DOCTOR', 'DOCTOR', '49.204.114.149', '2021-11-21 10:55:40', 1, '2021-11-21 05:25:40', '0000-00-00 00:00:00'),
(920, 104, 3, 'con', '123', '49.204.114.149', '2021-11-21 11:03:00', 1, '2021-11-21 05:33:00', '0000-00-00 00:00:00'),
(921, 105, 2, 'doctor', 'doctor', '49.204.114.149', '2021-11-21 11:03:14', 1, '2021-11-21 05:33:14', '0000-00-00 00:00:00'),
(922, 1, 1, 'admin', 'admin#2021', '49.204.114.149', '2021-11-21 11:03:18', 1, '2021-11-21 05:33:18', '0000-00-00 00:00:00'),
(923, 105, 2, 'doctor', 'doctor', '157.46.95.99', '2021-11-21 11:26:24', 1, '2021-11-21 05:56:24', '0000-00-00 00:00:00'),
(924, 104, 3, 'con', '123', '157.46.95.99', '2021-11-21 11:45:07', 1, '2021-11-21 06:15:07', '0000-00-00 00:00:00'),
(925, 105, 2, 'doctor', 'doctor', '157.46.95.99', '2021-11-21 11:57:24', 1, '2021-11-21 06:27:24', '0000-00-00 00:00:00'),
(926, 104, 3, 'con', '123', '157.46.95.99', '2021-11-21 12:05:59', 1, '2021-11-21 06:35:59', '0000-00-00 00:00:00'),
(927, 1, 1, 'admin', 'admin#2021', '157.46.95.99', '2021-11-21 12:06:19', 1, '2021-11-21 06:36:19', '0000-00-00 00:00:00'),
(928, 1, 1, 'admin', 'admin#2021', '157.46.95.99', '2021-11-21 12:17:27', 1, '2021-11-21 06:47:27', '0000-00-00 00:00:00'),
(929, 1, 1, 'admin', 'admin#2021', '157.46.95.99', '2021-11-21 01:06:01', 1, '2021-11-21 07:36:01', '0000-00-00 00:00:00'),
(930, 105, 2, 'DOCTOR', 'DOCTOR', '49.204.114.149', '2021-11-21 03:04:33', 1, '2021-11-21 09:34:33', '0000-00-00 00:00:00'),
(931, 1, 1, 'ADMIN', 'ADMIN#2021', '49.204.114.149', '2021-11-21 03:29:41', 1, '2021-11-21 09:59:41', '0000-00-00 00:00:00'),
(932, 104, 3, 'CON', '123', '49.204.114.149', '2021-11-21 03:30:43', 1, '2021-11-21 10:00:43', '0000-00-00 00:00:00'),
(933, 105, 2, 'DOCTOR', 'DOCTOR', '49.204.114.149', '2021-11-21 03:31:05', 1, '2021-11-21 10:01:05', '0000-00-00 00:00:00'),
(934, 1, 1, 'ADMIN', 'admin#2021', '49.204.114.149', '2021-11-21 03:43:26', 1, '2021-11-21 10:13:26', '0000-00-00 00:00:00'),
(935, 104, 3, 'con', '123', '49.204.114.149', '2021-11-21 03:43:40', 1, '2021-11-21 10:13:40', '0000-00-00 00:00:00'),
(936, 105, 2, 'doctor', 'doctor', '49.204.114.149', '2021-11-21 03:43:51', 1, '2021-11-21 10:13:51', '0000-00-00 00:00:00'),
(937, 1, 1, 'ADMIN', 'ADMIN#2021', '49.204.114.149', '2021-11-21 03:57:32', 1, '2021-11-21 10:27:32', '0000-00-00 00:00:00'),
(938, 105, 2, 'doctor', 'doctor', '49.204.114.149', '2021-11-21 04:01:51', 1, '2021-11-21 10:31:51', '0000-00-00 00:00:00'),
(939, 104, 3, 'con', '123', '49.204.114.149', '2021-11-21 04:02:19', 1, '2021-11-21 10:32:19', '0000-00-00 00:00:00'),
(940, 105, 2, 'doctor', 'doctor', '49.204.114.149', '2021-11-21 04:04:11', 1, '2021-11-21 10:34:11', '0000-00-00 00:00:00'),
(941, 105, 2, 'doctor', 'doctor', '49.204.114.149', '2021-11-21 04:13:02', 1, '2021-11-21 10:43:02', '0000-00-00 00:00:00'),
(942, 1, 1, 'admin', 'admin#2021', '157.46.95.99', '2021-11-21 08:06:16', 1, '2021-11-21 14:36:16', '0000-00-00 00:00:00'),
(943, 105, 2, 'doctor', 'doctor', '157.46.95.99', '2021-11-21 08:06:27', 1, '2021-11-21 14:36:27', '0000-00-00 00:00:00'),
(944, 105, 2, 'doctor', 'doctor', '49.204.114.149', '2021-11-21 08:09:43', 1, '2021-11-21 14:39:43', '0000-00-00 00:00:00'),
(945, 1, 1, 'admin', 'admin#2021', '49.204.114.149', '2021-11-21 08:10:16', 1, '2021-11-21 14:40:16', '0000-00-00 00:00:00'),
(946, 104, 3, 'CON', '123', '49.204.114.149', '2021-11-21 08:11:41', 1, '2021-11-21 14:41:41', '0000-00-00 00:00:00'),
(947, 1, 1, 'ADMIN', 'ADMIN#2021', '49.204.114.149', '2021-11-21 09:16:30', 1, '2021-11-21 15:46:30', '0000-00-00 00:00:00'),
(948, 1, 1, 'admin', 'admin#2021', '157.46.181.43', '2021-11-22 08:01:34', 1, '2021-11-22 14:31:34', '0000-00-00 00:00:00'),
(949, 104, 3, 'con', '123', '157.46.181.43', '2021-11-22 08:01:52', 1, '2021-11-22 14:31:52', '0000-00-00 00:00:00'),
(950, 1, 1, 'admin', 'admin#2021', '59.99.91.160', '2021-11-23 11:44:42', 1, '2021-11-23 06:14:42', '0000-00-00 00:00:00'),
(951, 104, 3, 'con', '123', '59.99.91.160', '2021-11-23 11:49:26', 1, '2021-11-23 06:19:26', '0000-00-00 00:00:00'),
(952, 105, 2, 'doctor', 'doctor', '59.99.91.160', '2021-11-23 11:51:40', 1, '2021-11-23 06:21:40', '0000-00-00 00:00:00'),
(953, 105, 2, 'doctor', 'doctor', '59.99.91.160', '2021-11-23 11:52:15', 1, '2021-11-23 06:22:15', '0000-00-00 00:00:00'),
(954, 1, 1, 'admin', 'admin#2021', '59.99.91.160', '2021-11-23 11:52:54', 1, '2021-11-23 06:22:54', '0000-00-00 00:00:00'),
(955, 104, 3, 'con', '123', '59.99.91.160', '2021-11-23 11:54:36', 1, '2021-11-23 06:24:36', '0000-00-00 00:00:00'),
(956, 105, 2, 'doctor', 'doctor', '59.99.91.160', '2021-11-23 11:56:55', 1, '2021-11-23 06:26:55', '0000-00-00 00:00:00'),
(957, 1, 1, 'admin', 'admin#2021', '59.99.91.160', '2021-11-23 11:59:38', 1, '2021-11-23 06:29:38', '0000-00-00 00:00:00'),
(958, 104, 3, 'con', '123', '137.97.121.220', '2021-11-24 06:46:51', 1, '2021-11-24 13:16:51', '0000-00-00 00:00:00'),
(959, 1, 1, 'Admin', 'admin#2021', '137.97.121.220', '2021-11-24 07:05:53', 1, '2021-11-24 13:35:53', '0000-00-00 00:00:00'),
(960, 104, 3, 'con', '123', '137.97.121.220', '2021-11-24 07:06:37', 1, '2021-11-24 13:36:37', '0000-00-00 00:00:00'),
(961, 1, 1, 'Admin', 'admin#2021', '137.97.121.220', '2021-11-24 07:11:37', 1, '2021-11-24 13:41:37', '0000-00-00 00:00:00'),
(962, 1, 1, 'Admin', 'admin#2021', '137.97.121.220', '2021-11-24 07:12:20', 1, '2021-11-24 13:42:20', '0000-00-00 00:00:00'),
(963, 104, 3, 'con', '123', '137.97.121.220', '2021-11-24 07:12:29', 1, '2021-11-24 13:42:29', '0000-00-00 00:00:00'),
(964, 105, 2, 'doctor', 'doctor', '137.97.121.220', '2021-11-24 07:14:32', 1, '2021-11-24 13:44:32', '0000-00-00 00:00:00'),
(965, 1, 1, 'Admin', 'admin#2021', '106.208.98.145', '2021-11-25 08:44:29', 1, '2021-11-25 03:14:29', '0000-00-00 00:00:00'),
(966, 1, 1, 'admin', 'admin#2021', '223.187.125.73', '2021-11-25 09:07:28', 1, '2021-11-25 03:37:28', '0000-00-00 00:00:00'),
(967, 1, 1, 'admin', 'admin#2021', '183.83.185.240', '2021-11-25 12:36:44', 1, '2021-11-25 07:06:44', '0000-00-00 00:00:00'),
(968, 104, 3, 'con', '123', '183.83.185.240', '2021-11-25 12:38:00', 1, '2021-11-25 07:08:00', '0000-00-00 00:00:00'),
(969, 105, 2, 'DOCTOR', 'doctor', '183.83.185.240', '2021-11-25 12:47:43', 1, '2021-11-25 07:17:43', '0000-00-00 00:00:00'),
(970, 1, 1, 'admin', 'admin#2021', '183.83.185.240', '2021-11-25 12:53:51', 1, '2021-11-25 07:23:51', '0000-00-00 00:00:00'),
(971, 104, 3, 'con', '123', '183.83.185.240', '2021-11-25 12:55:37', 1, '2021-11-25 07:25:37', '0000-00-00 00:00:00'),
(972, 105, 2, 'doctor', 'doctor', '183.83.185.240', '2021-11-25 01:05:36', 1, '2021-11-25 07:35:36', '0000-00-00 00:00:00'),
(973, 105, 2, 'doctor', 'doctor', '103.147.208.201', '2021-11-25 09:41:00', 1, '2021-11-25 16:11:00', '0000-00-00 00:00:00'),
(974, 105, 2, 'doctor', 'doctor', '157.46.102.177', '2021-11-25 09:54:29', 1, '2021-11-25 16:24:29', '0000-00-00 00:00:00'),
(975, 105, 2, 'doctor', 'doctor', '117.215.136.138', '2021-11-26 12:57:20', 1, '2021-11-26 07:27:20', '0000-00-00 00:00:00'),
(976, 1, 1, 'ADMIN', 'ADMIN#2021', '117.215.136.138', '2021-11-26 01:01:39', 1, '2021-11-26 07:31:39', '0000-00-00 00:00:00'),
(977, 104, 3, 'CON', '123', '117.215.136.138', '2021-11-26 01:06:00', 1, '2021-11-26 07:36:00', '0000-00-00 00:00:00'),
(978, 105, 2, 'DOCTOR', 'DOCTOR', '117.215.136.138', '2021-11-26 01:08:30', 1, '2021-11-26 07:38:30', '0000-00-00 00:00:00'),
(979, 105, 2, 'doctor', 'doctor', '183.83.185.240', '2021-11-26 02:59:21', 1, '2021-11-26 09:29:21', '0000-00-00 00:00:00'),
(980, 1, 1, 'admin', 'admin#2021', '183.83.185.240', '2021-11-26 03:03:26', 1, '2021-11-26 09:33:26', '0000-00-00 00:00:00'),
(981, 105, 2, 'doctor', 'doctor', '157.46.72.192', '2021-11-26 08:30:04', 1, '2021-11-26 15:00:04', '0000-00-00 00:00:00'),
(982, 105, 2, 'doctor', 'doctor', '157.49.94.184', '2021-11-27 11:55:34', 1, '2021-11-27 06:25:34', '0000-00-00 00:00:00'),
(983, 1, 1, 'admin', 'admin#2021', '171.76.46.8', '2021-11-27 03:31:40', 1, '2021-11-27 10:01:40', '0000-00-00 00:00:00'),
(984, 105, 2, 'doctor', 'doctor', '157.49.195.151', '2021-11-27 08:42:42', 1, '2021-11-27 15:12:42', '0000-00-00 00:00:00'),
(985, 105, 2, 'doctor', 'doctor', '157.49.195.151', '2021-11-27 10:53:45', 1, '2021-11-27 17:23:45', '0000-00-00 00:00:00'),
(986, 104, 3, 'con', '123', '49.204.131.224', '2021-11-28 09:51:43', 1, '2021-11-28 04:21:43', '0000-00-00 00:00:00'),
(987, 1, 1, 'admin', 'admin#2021', '49.204.131.224', '2021-11-28 09:52:15', 1, '2021-11-28 04:22:15', '0000-00-00 00:00:00'),
(988, 104, 3, 'con', '123', '49.204.131.224', '2021-11-28 09:53:25', 1, '2021-11-28 04:23:25', '0000-00-00 00:00:00'),
(989, 105, 2, 'DOCTOR', 'DOCTOR', '49.204.131.224', '2021-11-28 09:59:06', 1, '2021-11-28 04:29:06', '0000-00-00 00:00:00'),
(990, 105, 2, 'doctor', 'doctor', '157.49.210.138', '2021-11-28 11:01:07', 1, '2021-11-28 05:31:07', '0000-00-00 00:00:00'),
(991, 104, 3, 'con', '123', '157.49.210.138', '2021-11-28 11:24:25', 1, '2021-11-28 05:54:25', '0000-00-00 00:00:00'),
(992, 104, 3, 'con', '123', '157.46.120.202', '2021-11-28 06:02:14', 1, '2021-11-28 12:32:14', '0000-00-00 00:00:00'),
(993, 105, 2, 'doctor', 'doctor', '157.46.120.202', '2021-11-28 06:02:28', 1, '2021-11-28 12:32:28', '0000-00-00 00:00:00'),
(994, 105, 2, 'doctor', 'doctor', '157.49.201.17', '2021-11-28 09:15:14', 1, '2021-11-28 15:45:14', '0000-00-00 00:00:00'),
(995, 1, 1, 'admin', 'admin#2021', '137.97.81.86', '2021-11-29 01:30:24', 1, '2021-11-29 08:00:24', '0000-00-00 00:00:00'),
(996, 104, 3, 'con', '123', '137.97.81.86', '2021-11-29 01:34:37', 1, '2021-11-29 08:04:37', '0000-00-00 00:00:00'),
(997, 105, 2, 'doctor', 'doctor', '137.97.81.86', '2021-11-29 01:35:04', 1, '2021-11-29 08:05:04', '0000-00-00 00:00:00'),
(998, 1, 1, 'admin', 'admin#2021', '183.83.185.240', '2021-11-29 03:19:16', 1, '2021-11-29 09:49:16', '0000-00-00 00:00:00'),
(999, 1, 1, 'ADMIN', 'ADMIN#2021', '49.204.139.8', '2021-11-29 09:28:36', 1, '2021-11-29 15:58:36', '0000-00-00 00:00:00'),
(1000, 104, 3, 'CON', '123', '49.204.139.8', '2021-11-29 09:38:15', 1, '2021-11-29 16:08:15', '0000-00-00 00:00:00'),
(1001, 1, 1, 'ADMIN', 'ADMIN#2021', '49.204.139.8', '2021-11-29 09:39:29', 1, '2021-11-29 16:09:29', '0000-00-00 00:00:00'),
(1002, 104, 3, 'CON', '123', '49.204.139.8', '2021-11-29 09:44:58', 1, '2021-11-29 16:14:58', '0000-00-00 00:00:00'),
(1003, 105, 2, 'DOCTOR', 'DOCTOR', '49.204.139.8', '2021-11-29 09:47:40', 1, '2021-11-29 16:17:40', '0000-00-00 00:00:00'),
(1004, 105, 2, 'doctor', 'doctor', '157.44.178.221', '2021-11-30 07:35:06', 1, '2021-11-30 14:05:06', '0000-00-00 00:00:00'),
(1005, 105, 2, 'doctor', 'doctor', '157.44.210.70', '2021-12-01 06:45:49', 1, '2021-12-01 13:15:49', '0000-00-00 00:00:00'),
(1006, 105, 2, 'doctor', 'doctor', '157.44.210.70', '2021-12-01 08:53:54', 1, '2021-12-01 15:23:54', '0000-00-00 00:00:00'),
(1007, 105, 2, 'doctor', 'doctor', '157.46.104.232', '2021-12-02 08:58:28', 1, '2021-12-02 15:28:28', '0000-00-00 00:00:00'),
(1008, 1, 1, 'admin', 'admin#2021', '49.204.135.254', '2021-12-02 10:55:12', 1, '2021-12-02 17:25:12', '0000-00-00 00:00:00'),
(1009, 1, 1, 'Admin', 'admin#2021', '106.208.120.85', '2021-12-03 03:07:26', 1, '2021-12-03 09:37:26', '0000-00-00 00:00:00'),
(1010, 1, 1, 'admin', 'admin#2021', '49.204.130.48', '2021-12-03 07:04:49', 1, '2021-12-03 13:34:49', '0000-00-00 00:00:00'),
(1011, 1, 1, 'admin', 'admin#2021', '106.208.67.195', '2021-12-05 12:34:38', 1, '2021-12-05 07:04:38', '0000-00-00 00:00:00'),
(1012, 105, 2, 'doctor', 'doctor', '157.49.198.234', '2021-12-05 12:38:02', 1, '2021-12-05 07:08:02', '0000-00-00 00:00:00'),
(1013, 1, 1, 'Admin', 'admin#2021', '106.208.67.195', '2021-12-05 12:56:38', 1, '2021-12-05 07:26:38', '0000-00-00 00:00:00'),
(1014, 1, 1, 'admin', 'admin#2021', '157.49.198.234', '2021-12-05 04:20:38', 1, '2021-12-05 10:50:38', '0000-00-00 00:00:00'),
(1015, 1, 1, 'admin', 'admin#2021', '157.49.198.234', '2021-12-05 06:18:58', 1, '2021-12-05 12:48:58', '0000-00-00 00:00:00'),
(1016, 1, 1, 'admin', 'admin#2021', '157.49.198.234', '2021-12-05 06:20:37', 1, '2021-12-05 12:50:37', '0000-00-00 00:00:00'),
(1017, 1, 1, 'admin', 'admin#2021', '49.205.85.89', '2021-12-05 08:43:37', 1, '2021-12-05 15:13:37', '0000-00-00 00:00:00'),
(1018, 1, 1, 'admin', 'admin#2021', '49.205.85.89', '2021-12-05 10:14:40', 1, '2021-12-05 16:44:40', '0000-00-00 00:00:00'),
(1019, 1, 1, 'admin', 'admin#2021', '157.46.112.252', '2021-12-06 08:52:52', 1, '2021-12-06 15:22:52', '0000-00-00 00:00:00'),
(1020, 1, 1, 'admin', 'admin#2021', '157.46.112.252', '2021-12-06 08:53:55', 1, '2021-12-06 15:23:55', '0000-00-00 00:00:00'),
(1021, 1, 1, 'admin', 'admin#2021', '157.46.83.1', '2021-12-07 08:35:20', 1, '2021-12-07 15:05:20', '0000-00-00 00:00:00'),
(1022, 1, 1, 'admin', 'admin#2021', '157.49.88.95', '2021-12-08 09:55:02', 1, '2021-12-08 16:25:02', '0000-00-00 00:00:00'),
(1023, 1, 1, 'admin', 'admin#2021', '157.49.92.144', '2021-12-09 09:25:12', 1, '2021-12-09 15:55:12', '0000-00-00 00:00:00'),
(1024, 105, 2, 'doctor', 'doctor', '157.44.194.80', '2021-12-10 03:05:04', 1, '2021-12-10 09:35:04', '0000-00-00 00:00:00'),
(1025, 1, 1, 'admin', 'admin#2021', '157.46.115.230', '2021-12-10 09:35:13', 1, '2021-12-10 16:05:13', '0000-00-00 00:00:00'),
(1026, 1, 1, 'admin', 'admin#2021', '157.49.248.195', '2021-12-11 05:09:15', 1, '2021-12-11 11:39:15', '0000-00-00 00:00:00'),
(1027, 1, 1, 'admin', 'admin#2021', '157.49.248.195', '2021-12-11 05:09:23', 1, '2021-12-11 11:39:23', '0000-00-00 00:00:00'),
(1028, 1, 1, 'admin', 'admin#2021', '106.208.107.119', '2021-12-12 09:50:49', 1, '2021-12-12 04:20:49', '0000-00-00 00:00:00'),
(1029, 104, 3, 'con', '123', '106.208.107.119', '2021-12-12 09:54:09', 1, '2021-12-12 04:24:09', '0000-00-00 00:00:00'),
(1030, 105, 2, 'doctor', 'doctor', '106.208.107.119', '2021-12-12 09:56:17', 1, '2021-12-12 04:26:17', '0000-00-00 00:00:00'),
(1031, 1, 1, 'admin', 'admin#2021', '157.49.84.224', '2021-12-12 09:53:33', 1, '2021-12-12 16:23:33', '0000-00-00 00:00:00'),
(1032, 104, 3, 'con', '123', '157.49.84.224', '2021-12-12 09:54:11', 1, '2021-12-12 16:24:11', '0000-00-00 00:00:00'),
(1033, 105, 2, 'doctor', 'doctor', '157.49.84.224', '2021-12-12 09:54:25', 1, '2021-12-12 16:24:25', '0000-00-00 00:00:00'),
(1034, 105, 2, 'doctor', 'doctor', '157.49.85.129', '2021-12-13 08:57:00', 1, '2021-12-13 15:27:00', '0000-00-00 00:00:00'),
(1035, 1, 1, 'Admin', 'admin#2021', '157.49.85.129', '2021-12-13 08:57:13', 1, '2021-12-13 15:27:13', '0000-00-00 00:00:00'),
(1036, 1, 1, 'Admin', 'admin#2021', '157.49.243.2', '2021-12-15 08:04:47', 1, '2021-12-15 14:34:47', '0000-00-00 00:00:00'),
(1037, 1, 1, 'Admin', 'admin#2021', '157.49.248.71', '2021-12-16 09:04:49', 1, '2021-12-16 15:34:49', '0000-00-00 00:00:00'),
(1038, 1, 1, 'Admin', 'admin#2021', '157.49.248.71', '2021-12-16 09:05:56', 1, '2021-12-16 15:35:56', '0000-00-00 00:00:00'),
(1039, 1, 1, 'ADMIN', 'ADMIN#2021', '59.99.107.24', '2021-12-17 10:46:06', 1, '2021-12-17 05:16:06', '0000-00-00 00:00:00'),
(1040, 104, 3, 'CON', '123', '59.99.107.24', '2021-12-17 10:46:59', 1, '2021-12-17 05:16:59', '0000-00-00 00:00:00'),
(1041, 105, 2, 'Doctor', 'doctor', '106.66.131.113', '2021-12-17 02:59:28', 1, '2021-12-17 09:29:28', '0000-00-00 00:00:00'),
(1042, 1, 1, 'Admin', 'admin#2021', '106.66.131.113', '2021-12-17 03:00:27', 1, '2021-12-17 09:30:27', '0000-00-00 00:00:00'),
(1043, 104, 3, 'Con', '123', '106.66.131.113', '2021-12-17 03:01:27', 1, '2021-12-17 09:31:27', '0000-00-00 00:00:00'),
(1044, 105, 2, 'Doctor', 'doctor', '106.66.131.113', '2021-12-17 03:02:56', 1, '2021-12-17 09:32:56', '0000-00-00 00:00:00'),
(1045, 105, 2, 'Doctor', 'doctor', '106.76.46.185', '2021-12-17 04:55:34', 1, '2021-12-17 11:25:34', '0000-00-00 00:00:00'),
(1046, 1, 1, 'Admin', 'admin#2021', '61.1.199.52', '2021-12-17 05:30:31', 1, '2021-12-17 12:00:31', '0000-00-00 00:00:00'),
(1047, 104, 3, 'con', '123', '61.1.199.52', '2021-12-17 05:32:00', 1, '2021-12-17 12:02:00', '0000-00-00 00:00:00'),
(1048, 105, 2, 'DOCTOR', 'DOCTOR', '61.1.199.52', '2021-12-17 05:34:16', 1, '2021-12-17 12:04:16', '0000-00-00 00:00:00'),
(1049, 1, 1, 'Admin', 'admin#2021', '157.46.106.117', '2021-12-17 08:44:33', 1, '2021-12-17 15:14:33', '0000-00-00 00:00:00'),
(1050, 104, 3, 'con', '123', '157.46.106.117', '2021-12-17 08:44:43', 1, '2021-12-17 15:14:43', '0000-00-00 00:00:00'),
(1051, 1, 1, 'admin', 'admin#2021', '27.61.35.221', '2021-12-17 08:48:11', 1, '2021-12-17 15:18:11', '0000-00-00 00:00:00'),
(1052, 104, 3, 'con', '123', '157.46.106.117', '2021-12-17 08:49:26', 1, '2021-12-17 15:19:26', '0000-00-00 00:00:00'),
(1053, 1, 1, 'admin', 'admin#2021', '27.61.35.221', '2021-12-17 08:55:31', 1, '2021-12-17 15:25:31', '0000-00-00 00:00:00'),
(1054, 1, 1, 'Admin', 'admin#2021', '137.97.94.214', '2021-12-20 10:03:59', 1, '2021-12-20 04:33:59', '0000-00-00 00:00:00'),
(1055, 1, 1, 'admin', 'admin#2021', '157.46.111.87', '2021-12-20 08:27:51', 1, '2021-12-20 14:57:51', '0000-00-00 00:00:00'),
(1056, 1, 1, 'admin', 'admin#2021', '157.49.67.132', '2021-12-21 08:21:35', 1, '2021-12-21 14:51:35', '0000-00-00 00:00:00'),
(1057, 104, 3, 'con', '123', '157.49.67.132', '2021-12-21 08:22:53', 1, '2021-12-21 14:52:53', '0000-00-00 00:00:00'),
(1058, 105, 2, 'doctor', 'doctor', '157.49.67.132', '2021-12-21 08:42:27', 1, '2021-12-21 15:12:27', '0000-00-00 00:00:00'),
(1059, 104, 3, 'con', '123', '157.49.67.132', '2021-12-21 08:42:37', 1, '2021-12-21 15:12:37', '0000-00-00 00:00:00'),
(1060, 105, 2, 'doctor', 'doctor', '157.49.67.132', '2021-12-21 09:14:24', 1, '2021-12-21 15:44:24', '0000-00-00 00:00:00'),
(1061, 104, 3, 'con', '123', '157.49.67.132', '2021-12-21 09:15:45', 1, '2021-12-21 15:45:45', '0000-00-00 00:00:00'),
(1062, 105, 2, 'doctor', 'doctor', '157.49.67.132', '2021-12-21 09:25:30', 1, '2021-12-21 15:55:30', '0000-00-00 00:00:00'),
(1063, 105, 2, 'doctor', 'doctor', '157.49.67.132', '2021-12-21 09:27:48', 1, '2021-12-21 15:57:48', '0000-00-00 00:00:00'),
(1064, 105, 2, 'doctor', 'doctor', '157.49.67.132', '2021-12-21 09:32:38', 1, '2021-12-21 16:02:38', '0000-00-00 00:00:00'),
(1065, 104, 3, 'con', '123', '157.49.67.132', '2021-12-21 09:51:50', 1, '2021-12-21 16:21:50', '0000-00-00 00:00:00'),
(1066, 104, 3, 'con', '123', '157.49.67.132', '2021-12-21 10:01:11', 1, '2021-12-21 16:31:11', '0000-00-00 00:00:00'),
(1067, 104, 3, 'con', '123', '157.46.127.174', '2021-12-22 07:48:48', 1, '2021-12-22 14:18:48', '0000-00-00 00:00:00'),
(1068, 1, 1, 'Admin', 'admin#2021', '157.46.127.174', '2021-12-22 08:24:23', 1, '2021-12-22 14:54:23', '0000-00-00 00:00:00'),
(1069, 104, 3, 'con', '123', '157.46.127.174', '2021-12-22 08:25:25', 1, '2021-12-22 14:55:25', '0000-00-00 00:00:00'),
(1070, 105, 2, 'doctor', 'doctor', '157.46.127.174', '2021-12-22 08:37:42', 1, '2021-12-22 15:07:42', '0000-00-00 00:00:00'),
(1071, 104, 3, 'con', '123', '157.46.127.174', '2021-12-22 08:40:39', 1, '2021-12-22 15:10:39', '0000-00-00 00:00:00'),
(1072, 105, 2, 'doctor', 'doctor', '157.46.127.174', '2021-12-22 08:45:45', 1, '2021-12-22 15:15:45', '0000-00-00 00:00:00'),
(1073, 1, 1, 'admin', 'admin#2021', '183.83.185.240', '2021-12-23 12:50:00', 1, '2021-12-23 07:20:00', '0000-00-00 00:00:00'),
(1074, 1, 1, 'admin', 'admin#2021', '183.83.185.240', '2021-12-23 12:50:10', 1, '2021-12-23 07:20:10', '0000-00-00 00:00:00'),
(1075, 104, 3, 'con', '123', '183.83.185.240', '2021-12-23 12:52:26', 1, '2021-12-23 07:22:26', '0000-00-00 00:00:00'),
(1076, 104, 3, 'con', '123', '183.83.185.240', '2021-12-23 03:41:17', 1, '2021-12-23 10:11:17', '0000-00-00 00:00:00'),
(1077, 105, 2, 'doctor', 'doctor', '183.83.185.240', '2021-12-23 03:41:50', 1, '2021-12-23 10:11:50', '0000-00-00 00:00:00'),
(1078, 104, 3, 'con', '123', '183.83.185.240', '2021-12-23 03:42:48', 1, '2021-12-23 10:12:48', '0000-00-00 00:00:00'),
(1079, 105, 2, 'doctor', 'doctor', '183.83.185.240', '2021-12-23 03:43:24', 1, '2021-12-23 10:13:24', '0000-00-00 00:00:00'),
(1080, 104, 3, 'con', '123', '183.83.185.240', '2021-12-23 03:44:00', 1, '2021-12-23 10:14:00', '0000-00-00 00:00:00'),
(1081, 1, 1, 'admin', 'admin#2021', '183.83.185.240', '2021-12-23 04:29:54', 1, '2021-12-23 10:59:54', '0000-00-00 00:00:00'),
(1082, 104, 3, 'con', '123', '183.83.185.240', '2021-12-23 04:30:42', 1, '2021-12-23 11:00:42', '0000-00-00 00:00:00'),
(1083, 105, 2, 'doctor', 'doctor', '183.83.185.240', '2021-12-23 04:34:05', 1, '2021-12-23 11:04:05', '0000-00-00 00:00:00'),
(1084, 104, 3, 'con', '123', '183.83.185.240', '2021-12-23 04:34:47', 1, '2021-12-23 11:04:47', '0000-00-00 00:00:00'),
(1085, 105, 2, 'doctor', 'doctor', '157.49.192.51', '2021-12-23 08:22:42', 1, '2021-12-23 14:52:42', '0000-00-00 00:00:00'),
(1086, 105, 2, 'doctor', 'doctor', '157.49.192.51', '2021-12-23 08:47:54', 1, '2021-12-23 15:17:54', '0000-00-00 00:00:00'),
(1087, 1, 1, 'Admin', 'admin#2021', '157.49.192.51', '2021-12-23 08:48:09', 1, '2021-12-23 15:18:09', '0000-00-00 00:00:00'),
(1088, 104, 3, 'con', '123', '157.49.192.51', '2021-12-23 08:48:41', 1, '2021-12-23 15:18:41', '0000-00-00 00:00:00'),
(1089, 105, 2, 'doctor', 'doctor', '157.49.192.51', '2021-12-23 08:49:11', 1, '2021-12-23 15:19:11', '0000-00-00 00:00:00'),
(1090, 104, 3, 'con', '123', '157.49.192.51', '2021-12-23 08:49:21', 1, '2021-12-23 15:19:21', '0000-00-00 00:00:00'),
(1091, 105, 2, 'doctor', 'doctor', '157.49.192.51', '2021-12-23 08:50:47', 1, '2021-12-23 15:20:47', '0000-00-00 00:00:00'),
(1092, 104, 3, 'con', '123', '157.49.192.51', '2021-12-23 08:52:38', 1, '2021-12-23 15:22:38', '0000-00-00 00:00:00'),
(1093, 1, 1, 'admin', 'admin#2021', '157.49.192.51', '2021-12-23 08:52:56', 1, '2021-12-23 15:22:56', '0000-00-00 00:00:00'),
(1094, 104, 3, 'con', '123', '183.83.185.240', '2021-12-24 11:24:54', 1, '2021-12-24 05:54:54', '0000-00-00 00:00:00'),
(1095, 105, 2, 'doctor', 'doctor', '183.83.185.240', '2021-12-24 11:25:39', 1, '2021-12-24 05:55:39', '0000-00-00 00:00:00'),
(1096, 1, 1, 'admin', 'admin#2021', '183.83.185.240', '2021-12-24 11:26:05', 1, '2021-12-24 05:56:05', '0000-00-00 00:00:00'),
(1097, 104, 3, 'con', '123', '183.83.185.240', '2021-12-24 11:27:03', 1, '2021-12-24 05:57:03', '0000-00-00 00:00:00'),
(1098, 105, 2, 'doctor', 'doctor', '183.83.185.240', '2021-12-24 11:29:22', 1, '2021-12-24 05:59:22', '0000-00-00 00:00:00'),
(1099, 1, 1, 'admin', 'admin#2021', '183.83.185.240', '2021-12-24 11:37:27', 1, '2021-12-24 06:07:27', '0000-00-00 00:00:00'),
(1100, 104, 3, 'con', '123', '183.83.185.240', '2021-12-24 11:39:41', 1, '2021-12-24 06:09:41', '0000-00-00 00:00:00'),
(1101, 105, 2, 'doctor', 'doctor', '183.83.185.240', '2021-12-24 11:43:04', 1, '2021-12-24 06:13:04', '0000-00-00 00:00:00'),
(1102, 104, 3, 'con', '123', '183.83.185.240', '2021-12-24 11:45:21', 1, '2021-12-24 06:15:21', '0000-00-00 00:00:00'),
(1103, 104, 3, 'con', '123', '183.83.185.240', '2021-12-24 11:45:50', 1, '2021-12-24 06:15:50', '0000-00-00 00:00:00'),
(1104, 1, 1, 'admin', 'admin#2021', '157.46.84.16', '2021-12-24 08:07:29', 1, '2021-12-24 14:37:29', '0000-00-00 00:00:00'),
(1105, 105, 2, 'doctor', 'doctor', '157.46.84.16', '2021-12-24 08:08:05', 1, '2021-12-24 14:38:05', '0000-00-00 00:00:00'),
(1106, 105, 2, 'doctor', 'doctor', '157.46.99.158', '2021-12-25 09:36:29', 1, '2021-12-25 04:06:29', '0000-00-00 00:00:00'),
(1107, 1, 1, 'Admin', 'admin#2021', '157.46.99.158', '2021-12-25 09:36:50', 1, '2021-12-25 04:06:50', '0000-00-00 00:00:00'),
(1108, 104, 3, 'con', '123', '157.46.99.158', '2021-12-25 09:37:24', 1, '2021-12-25 04:07:24', '0000-00-00 00:00:00'),
(1109, 1, 1, 'admin', 'admin#2021', '117.203.74.57', '2021-12-25 11:37:08', 1, '2021-12-25 06:07:08', '0000-00-00 00:00:00'),
(1110, 1, 1, 'admin', 'admin#2021', '157.46.99.158', '2021-12-25 04:17:22', 1, '2021-12-25 10:47:22', '0000-00-00 00:00:00'),
(1111, 1, 1, 'Admin', 'admin#2021', '106.195.39.68', '2021-12-25 05:26:07', 1, '2021-12-25 11:56:07', '0000-00-00 00:00:00'),
(1112, 1, 1, 'admin', 'admin#2021', '157.46.127.105', '2021-12-25 09:25:29', 1, '2021-12-25 15:55:29', '0000-00-00 00:00:00'),
(1113, 1, 1, 'admin', 'admin#2021', '157.46.106.35', '2021-12-26 09:19:31', 1, '2021-12-26 03:49:31', '0000-00-00 00:00:00'),
(1114, 1, 1, 'admin', 'admin#2021', '157.46.106.35', '2021-12-26 09:29:14', 1, '2021-12-26 03:59:14', '0000-00-00 00:00:00'),
(1115, 106, 4, 'reception', '123', '157.46.106.35', '2021-12-26 09:29:50', 1, '2021-12-26 03:59:50', '0000-00-00 00:00:00'),
(1116, 104, 3, 'con', '123', '157.46.106.35', '2021-12-26 09:38:22', 1, '2021-12-26 04:08:22', '0000-00-00 00:00:00'),
(1117, 106, 4, 'reception', '123', '157.46.106.35', '2021-12-26 09:38:41', 1, '2021-12-26 04:08:41', '0000-00-00 00:00:00'),
(1118, 1, 1, 'Admin', 'admin#2021', '157.46.106.35', '2021-12-26 09:45:14', 1, '2021-12-26 04:15:14', '0000-00-00 00:00:00'),
(1119, 106, 4, 'reception', '123', '157.46.106.35', '2021-12-26 09:45:41', 1, '2021-12-26 04:15:41', '0000-00-00 00:00:00'),
(1120, 106, 4, 'reception', '123', '157.46.106.35', '2021-12-26 09:59:27', 1, '2021-12-26 04:29:27', '0000-00-00 00:00:00'),
(1121, 1, 1, 'admin', 'admin#2021', '157.46.106.35', '2021-12-26 09:59:51', 1, '2021-12-26 04:29:51', '0000-00-00 00:00:00'),
(1122, 1, 1, 'admin', 'admin#2021', '106.208.120.108', '2021-12-26 11:54:23', 1, '2021-12-26 06:24:23', '0000-00-00 00:00:00'),
(1123, 106, 4, 'RECEPTION', '123', '106.208.120.108', '2021-12-26 11:54:53', 1, '2021-12-26 06:24:53', '0000-00-00 00:00:00'),
(1124, 1, 1, 'ADMIN', 'ADMIN#2021', '106.208.120.108', '2021-12-26 11:58:58', 1, '2021-12-26 06:28:58', '0000-00-00 00:00:00'),
(1125, 106, 4, 'RECEPTION', '123', '106.208.120.108', '2021-12-26 12:00:04', 1, '2021-12-26 06:30:04', '0000-00-00 00:00:00'),
(1126, 104, 3, 'CON', '123', '106.208.120.108', '2021-12-26 12:02:20', 1, '2021-12-26 06:32:20', '0000-00-00 00:00:00'),
(1127, 105, 2, 'DOCTOR', 'DOCTOR', '106.208.120.108', '2021-12-26 12:08:25', 1, '2021-12-26 06:38:25', '0000-00-00 00:00:00'),
(1128, 104, 3, 'CON', '123', '106.208.120.108', '2021-12-26 12:10:01', 1, '2021-12-26 06:40:01', '0000-00-00 00:00:00'),
(1129, 106, 4, 'RECEPTION', '123', '106.208.120.108', '2021-12-26 12:10:39', 1, '2021-12-26 06:40:39', '0000-00-00 00:00:00'),
(1130, 106, 4, 'RECEPTION', '123', '106.208.120.108', '2021-12-26 12:11:40', 1, '2021-12-26 06:41:40', '0000-00-00 00:00:00'),
(1131, 106, 4, 'RECEPTION', '123', '106.208.120.108', '2021-12-26 12:12:45', 1, '2021-12-26 06:42:45', '0000-00-00 00:00:00'),
(1132, 104, 3, 'CON', '123', '106.208.120.108', '2021-12-26 12:18:39', 1, '2021-12-26 06:48:39', '0000-00-00 00:00:00'),
(1133, 106, 4, 'RECEPTION', '123', '106.208.120.108', '2021-12-26 12:21:39', 1, '2021-12-26 06:51:39', '0000-00-00 00:00:00'),
(1134, 105, 2, 'DOCTOR', 'DOCTOR', '106.208.120.108', '2021-12-26 12:22:56', 1, '2021-12-26 06:52:56', '0000-00-00 00:00:00'),
(1135, 105, 2, 'DOCTOR', 'DOCTOR', '106.208.120.108', '2021-12-26 12:24:20', 1, '2021-12-26 06:54:20', '0000-00-00 00:00:00'),
(1136, 1, 1, 'ADMIN', 'ADMIN#2021', '106.208.120.108', '2021-12-26 12:24:44', 1, '2021-12-26 06:54:44', '0000-00-00 00:00:00'),
(1137, 1, 1, 'ADMIN', 'ADMIN#2021', '106.208.120.108', '2021-12-26 12:26:23', 1, '2021-12-26 06:56:23', '0000-00-00 00:00:00'),
(1138, 104, 3, 'CON', '123', '106.208.120.108', '2021-12-26 12:27:06', 1, '2021-12-26 06:57:06', '0000-00-00 00:00:00'),
(1139, 104, 3, 'CON', '123', '106.208.120.108', '2021-12-26 12:32:28', 1, '2021-12-26 07:02:28', '0000-00-00 00:00:00'),
(1140, 104, 3, 'CON', '123', '106.208.120.108', '2021-12-26 12:32:49', 1, '2021-12-26 07:02:49', '0000-00-00 00:00:00'),
(1141, 1, 1, 'admin', 'admin#2021', '157.46.106.35', '2021-12-26 01:04:48', 1, '2021-12-26 07:34:48', '0000-00-00 00:00:00'),
(1142, 1, 1, 'admin', 'admin#2021', '157.46.106.35', '2021-12-26 06:41:30', 1, '2021-12-26 13:11:30', '0000-00-00 00:00:00'),
(1143, 1, 1, 'admin', 'admin#2021', '157.46.106.35', '2021-12-26 06:57:15', 1, '2021-12-26 13:27:15', '0000-00-00 00:00:00'),
(1144, 106, 4, 'reception', '123', '157.46.106.35', '2021-12-26 06:57:38', 1, '2021-12-26 13:27:38', '0000-00-00 00:00:00'),
(1145, 1, 1, 'admin', 'admin#2021', '157.49.203.193', '2021-12-27 10:18:00', 1, '2021-12-27 04:48:00', '0000-00-00 00:00:00'),
(1146, 1, 1, 'admin', 'admin#2021', '157.49.203.193', '2021-12-27 08:42:31', 1, '2021-12-27 15:12:31', '0000-00-00 00:00:00'),
(1147, 1, 1, 'admin', 'admin#2021', '157.49.203.193', '2021-12-27 08:42:43', 1, '2021-12-27 15:12:43', '0000-00-00 00:00:00'),
(1148, 104, 3, 'con', '123', '157.49.203.193', '2021-12-27 08:43:11', 1, '2021-12-27 15:13:11', '0000-00-00 00:00:00'),
(1149, 104, 3, 'con', '123', '157.46.97.215', '2021-12-29 08:05:35', 1, '2021-12-29 14:35:35', '0000-00-00 00:00:00'),
(1150, 1, 1, 'Admin', 'admin#2021', '157.46.97.215', '2021-12-29 08:05:53', 1, '2021-12-29 14:35:53', '0000-00-00 00:00:00'),
(1151, 1, 1, 'admin', 'admin#2021', '183.83.185.240', '2021-12-30 02:38:23', 1, '2021-12-30 09:08:23', '0000-00-00 00:00:00'),
(1152, 1, 1, 'Admin', 'admin#2021', '157.49.207.28', '2021-12-30 08:00:56', 1, '2021-12-30 14:30:56', '0000-00-00 00:00:00'),
(1153, 1, 1, 'Admin', 'admin#2021', '157.49.92.36', '2021-12-31 08:45:56', 1, '2021-12-31 15:15:56', '0000-00-00 00:00:00'),
(1154, 1, 1, 'Admin', 'admin#2021', '157.46.121.19', '2022-01-01 08:32:07', 1, '2022-01-01 15:02:07', '0000-00-00 00:00:00'),
(1155, 1, 1, 'Admin', 'admin#2021', '157.46.121.19', '2022-01-01 08:32:53', 1, '2022-01-01 15:02:53', '0000-00-00 00:00:00'),
(1156, 104, 3, 'con', '123', '157.46.121.19', '2022-01-01 08:33:02', 1, '2022-01-01 15:03:02', '0000-00-00 00:00:00'),
(1157, 104, 3, 'con', '123', '157.46.123.151', '2022-01-02 09:31:44', 1, '2022-01-02 04:01:44', '0000-00-00 00:00:00'),
(1158, 104, 3, 'con', '123', '157.46.123.151', '2022-01-02 09:36:24', 1, '2022-01-02 04:06:24', '0000-00-00 00:00:00'),
(1159, 1, 1, 'admin', 'admin#2021', '160.238.75.211', '2022-01-02 11:12:35', 1, '2022-01-02 05:42:35', '0000-00-00 00:00:00'),
(1160, 104, 3, 'CON', '123', '160.238.74.170', '2022-01-02 11:17:20', 1, '2022-01-02 05:47:20', '0000-00-00 00:00:00'),
(1161, 105, 2, 'DOCTOR', 'DOCTOR', '160.238.75.225', '2022-01-02 11:27:45', 1, '2022-01-02 05:57:45', '0000-00-00 00:00:00'),
(1162, 1, 1, 'admin', 'admin#2021', '160.238.74.224', '2022-01-02 11:43:10', 1, '2022-01-02 06:13:10', '0000-00-00 00:00:00'),
(1163, 104, 3, 'con', '123', '157.46.123.151', '2022-01-02 11:48:11', 1, '2022-01-02 06:18:11', '0000-00-00 00:00:00'),
(1164, 104, 3, 'con', '123', '157.46.123.151', '2022-01-02 11:52:50', 1, '2022-01-02 06:22:50', '0000-00-00 00:00:00'),
(1165, 1, 1, 'Admin', 'admin#2021', '157.46.123.151', '2022-01-02 12:35:58', 1, '2022-01-02 07:05:58', '0000-00-00 00:00:00'),
(1166, 104, 3, 'con', '123', '157.46.123.151', '2022-01-02 12:37:30', 1, '2022-01-02 07:07:30', '0000-00-00 00:00:00'),
(1167, 105, 2, 'doctor', 'doctor', '157.46.123.151', '2022-01-02 12:57:25', 1, '2022-01-02 07:27:25', '0000-00-00 00:00:00'),
(1168, 1, 1, 'Admin', 'admin#2021', '157.46.123.151', '2022-01-02 01:05:46', 1, '2022-01-02 07:35:46', '0000-00-00 00:00:00'),
(1169, 104, 3, 'con', '123', '157.46.123.151', '2022-01-02 01:06:29', 1, '2022-01-02 07:36:29', '0000-00-00 00:00:00'),
(1170, 105, 2, 'doctor', 'doctor', '157.46.123.151', '2022-01-02 01:07:38', 1, '2022-01-02 07:37:38', '0000-00-00 00:00:00'),
(1171, 104, 3, 'con', '123', '157.46.123.151', '2022-01-02 01:09:09', 1, '2022-01-02 07:39:09', '0000-00-00 00:00:00'),
(1172, 105, 2, 'doctor', 'doctor', '157.46.123.151', '2022-01-02 01:13:09', 1, '2022-01-02 07:43:09', '0000-00-00 00:00:00'),
(1173, 104, 3, 'con', '123', '157.46.123.151', '2022-01-02 01:14:07', 1, '2022-01-02 07:44:07', '0000-00-00 00:00:00'),
(1174, 1, 1, 'admin', 'admin#2021', '160.238.75.211', '2022-01-02 01:47:43', 1, '2022-01-02 08:17:43', '0000-00-00 00:00:00'),
(1175, 1, 1, 'admin', 'admin#2021', '157.46.114.99', '2022-01-02 06:54:31', 1, '2022-01-02 13:24:31', '0000-00-00 00:00:00'),
(1176, 105, 2, 'doctor', 'doctor', '157.46.114.99', '2022-01-02 06:54:40', 1, '2022-01-02 13:24:40', '0000-00-00 00:00:00'),
(1177, 1, 1, 'Admin', 'admin#2021', '157.46.114.99', '2022-01-02 06:57:47', 1, '2022-01-02 13:27:47', '0000-00-00 00:00:00'),
(1178, 1, 1, 'Admin', 'admin#2021', '157.46.114.99', '2022-01-02 07:00:22', 1, '2022-01-02 13:30:22', '0000-00-00 00:00:00'),
(1179, 105, 2, 'doctor', 'doctor', '157.46.114.99', '2022-01-02 07:00:34', 1, '2022-01-02 13:30:34', '0000-00-00 00:00:00'),
(1180, 1, 1, 'Admin', 'admin#2021', '157.46.114.99', '2022-01-02 07:20:31', 1, '2022-01-02 13:50:31', '0000-00-00 00:00:00'),
(1181, 105, 2, 'doctor', 'doctor', '157.46.114.99', '2022-01-02 07:39:31', 1, '2022-01-02 14:09:31', '0000-00-00 00:00:00'),
(1182, 1, 1, 'Admin', 'admin#2021', '157.46.114.99', '2022-01-02 07:52:26', 1, '2022-01-02 14:22:26', '0000-00-00 00:00:00'),
(1183, 1, 1, 'admin', 'admin#2021', '49.204.114.201', '2022-01-03 07:52:25', 1, '2022-01-03 14:22:25', '0000-00-00 00:00:00'),
(1184, 1, 1, 'Admin', 'admin#2021', '157.46.95.214', '2022-01-03 08:14:26', 1, '2022-01-03 14:44:26', '0000-00-00 00:00:00'),
(1185, 104, 3, 'CON', '123', '49.204.114.201', '2022-01-03 08:26:16', 1, '2022-01-03 14:56:16', '0000-00-00 00:00:00'),
(1186, 105, 2, 'DOCTOR', 'DOCTOR', '49.204.114.201', '2022-01-03 08:29:27', 1, '2022-01-03 14:59:27', '0000-00-00 00:00:00'),
(1187, 105, 2, 'Doctor', 'doctor', '49.204.114.201', '2022-01-03 08:32:49', 1, '2022-01-03 15:02:49', '0000-00-00 00:00:00'),
(1188, 105, 2, 'Doctor', 'doctor', '157.45.221.222', '2022-01-03 08:33:18', 1, '2022-01-03 15:03:18', '0000-00-00 00:00:00'),
(1189, 1, 1, 'admin', 'admin#2021', '157.44.146.99', '2022-01-04 10:32:43', 1, '2022-01-04 05:02:43', '0000-00-00 00:00:00'),
(1190, 1, 1, 'admin', 'admin#2021', '157.44.136.59', '2022-01-04 05:05:56', 1, '2022-01-04 11:35:56', '0000-00-00 00:00:00'),
(1191, 1, 1, 'Admin', 'admin#2021', '157.46.126.8', '2022-01-04 08:09:46', 1, '2022-01-04 14:39:46', '0000-00-00 00:00:00'),
(1192, 1, 1, 'Admin', 'admin#2021', '157.46.126.8', '2022-01-04 08:44:35', 1, '2022-01-04 15:14:35', '0000-00-00 00:00:00'),
(1193, 1, 1, 'admin', 'admin#2021', '49.205.86.202', '2022-01-04 10:50:47', 1, '2022-01-04 17:20:47', '0000-00-00 00:00:00'),
(1194, 1, 1, 'Admin', 'admin#2021', '157.46.126.8', '2022-01-04 11:26:58', 1, '2022-01-04 17:56:58', '0000-00-00 00:00:00'),
(1195, 1, 1, 'Admin', 'admin#2021', '157.46.113.75', '2022-01-05 01:23:37', 1, '2022-01-05 07:53:37', '0000-00-00 00:00:00'),
(1196, 1, 1, 'Admin', 'admin#2021', '157.46.113.75', '2022-01-05 01:59:53', 1, '2022-01-05 08:29:53', '0000-00-00 00:00:00'),
(1197, 1, 1, 'Admin', 'admin#2021', '157.46.98.168', '2022-01-05 06:37:24', 1, '2022-01-05 13:07:24', '0000-00-00 00:00:00'),
(1198, 1, 1, 'Admin', 'admin#2021', '157.46.98.168', '2022-01-05 07:43:57', 1, '2022-01-05 14:13:57', '0000-00-00 00:00:00'),
(1199, 1, 1, 'Admin', 'admin#2021', '157.46.98.168', '2022-01-05 09:11:54', 1, '2022-01-05 15:41:54', '0000-00-00 00:00:00'),
(1200, 1, 1, 'admin', 'admin#2021', '183.83.185.240', '2022-01-06 04:32:49', 1, '2022-01-06 11:02:49', '0000-00-00 00:00:00'),
(1201, 1, 1, 'Admin', 'admin#2021', '157.49.92.195', '2022-01-06 08:32:45', 1, '2022-01-06 15:02:45', '0000-00-00 00:00:00'),
(1202, 1, 1, 'admin', 'admin#2021', '183.83.185.240', '2022-01-07 03:19:52', 1, '2022-01-07 09:49:52', '0000-00-00 00:00:00'),
(1203, 104, 3, 'con', '123', '183.83.185.240', '2022-01-07 03:23:44', 1, '2022-01-07 09:53:44', '0000-00-00 00:00:00'),
(1204, 1, 1, 'admin', 'admin#2021', '183.83.185.240', '2022-01-07 03:26:33', 1, '2022-01-07 09:56:33', '0000-00-00 00:00:00'),
(1205, 1, 1, 'admin', 'admin#2021', '49.205.81.180', '2022-01-07 07:11:39', 1, '2022-01-07 13:41:39', '0000-00-00 00:00:00'),
(1206, 1, 1, 'Admin', 'admin#2021', '157.46.119.191', '2022-01-07 08:23:55', 1, '2022-01-07 14:53:55', '0000-00-00 00:00:00'),
(1207, 1, 1, 'Admin', 'admin#2021', '157.46.119.191', '2022-01-07 09:04:36', 1, '2022-01-07 15:34:36', '0000-00-00 00:00:00'),
(1208, 1, 1, 'Admin', 'admin#2021', '157.46.119.171', '2022-01-08 11:09:18', 1, '2022-01-08 05:39:18', '0000-00-00 00:00:00'),
(1209, 1, 1, 'admin', 'admin#2021', '106.208.138.121', '2022-01-09 12:28:31', 1, '2022-01-09 06:58:31', '0000-00-00 00:00:00'),
(1210, 1, 1, 'admin', 'admin#2021', '106.208.138.121', '2022-01-09 12:57:44', 1, '2022-01-09 07:27:44', '0000-00-00 00:00:00'),
(1211, 1, 1, 'admin', 'admin#2021', '49.205.84.196', '2022-01-09 07:12:56', 1, '2022-01-09 13:42:56', '0000-00-00 00:00:00'),
(1212, 1, 1, 'admin', 'admin#2021', '49.205.84.196', '2022-01-09 07:14:41', 1, '2022-01-09 13:44:41', '0000-00-00 00:00:00'),
(1213, 1, 1, 'Admin', 'admin#2021', '157.46.100.73', '2022-01-09 08:37:35', 1, '2022-01-09 15:07:35', '0000-00-00 00:00:00'),
(1214, 1, 1, 'Admin', 'admin#2021', '157.46.68.154', '2022-01-10 08:12:47', 1, '2022-01-10 14:42:47', '0000-00-00 00:00:00'),
(1215, 1, 1, 'admin', 'admin#2021', '49.204.129.53', '2022-01-11 08:15:46', 1, '2022-01-11 14:45:46', '0000-00-00 00:00:00'),
(1216, 104, 3, 'con', '123', '49.204.129.53', '2022-01-11 08:18:01', 1, '2022-01-11 14:48:01', '0000-00-00 00:00:00'),
(1217, 1, 1, 'Admin', 'admin#2021', '157.49.220.234', '2022-01-11 09:03:55', 1, '2022-01-11 15:33:55', '0000-00-00 00:00:00'),
(1218, 1, 1, 'ADMIN', 'ADMIN#2021', '49.204.141.161', '2022-01-12 08:06:24', 1, '2022-01-12 14:36:24', '0000-00-00 00:00:00'),
(1219, 1, 1, 'Admin', 'admin#2021', '157.49.76.25', '2022-01-12 08:58:31', 1, '2022-01-12 15:28:31', '0000-00-00 00:00:00'),
(1220, 1, 1, 'admin', 'admin#2021', '160.238.74.131', '2022-01-13 09:43:30', 1, '2022-01-13 16:13:30', '0000-00-00 00:00:00'),
(1221, 1, 1, 'Admin', 'admin#2021', '157.49.202.23', '2022-01-13 09:45:13', 1, '2022-01-13 16:15:13', '0000-00-00 00:00:00'),
(1222, 104, 3, 'con', '123', '160.238.74.132', '2022-01-13 09:50:11', 1, '2022-01-13 16:20:11', '0000-00-00 00:00:00'),
(1223, 1, 1, 'admin', 'admin#2021', '160.238.75.225', '2022-01-13 09:50:32', 1, '2022-01-13 16:20:32', '0000-00-00 00:00:00'),
(1224, 104, 3, 'con', '123', '160.238.75.225', '2022-01-13 09:52:02', 1, '2022-01-13 16:22:02', '0000-00-00 00:00:00'),
(1225, 1, 1, 'Admin', 'admin#2021', '157.49.203.150', '2022-01-14 10:04:47', 1, '2022-01-14 04:34:47', '0000-00-00 00:00:00'),
(1226, 104, 3, 'con', '123', '160.238.74.255', '2022-01-14 11:02:53', 1, '2022-01-14 05:32:53', '0000-00-00 00:00:00'),
(1227, 1, 1, 'admin', 'admin#2021', '160.238.74.169', '2022-01-14 11:03:24', 1, '2022-01-14 05:33:24', '0000-00-00 00:00:00'),
(1228, 104, 3, 'con', '123', '160.238.74.165', '2022-01-14 11:04:54', 1, '2022-01-14 05:34:54', '0000-00-00 00:00:00');
INSERT INTO `user_log_book` (`log_id`, `user_id`, `usertype`, `username`, `password`, `ipaddress`, `logintime`, `office_id`, `created_date`, `updated_time`) VALUES
(1229, 104, 3, 'con', '123', '160.238.75.115', '2022-01-14 11:06:39', 1, '2022-01-14 05:36:39', '0000-00-00 00:00:00'),
(1230, 1, 1, 'admin', 'admin#2021', '160.238.74.255', '2022-01-14 11:10:19', 1, '2022-01-14 05:40:19', '0000-00-00 00:00:00'),
(1231, 1, 1, 'Admin', 'admin#2021', '157.46.71.139', '2022-01-14 09:01:32', 1, '2022-01-14 15:31:32', '0000-00-00 00:00:00'),
(1232, 1, 1, 'Admin', 'admin#2021', '157.46.71.139', '2022-01-14 09:02:03', 1, '2022-01-14 15:32:03', '0000-00-00 00:00:00'),
(1233, 1, 1, 'Admin', 'admin#2021', '157.49.72.174', '2022-01-15 09:14:12', 1, '2022-01-15 15:44:12', '0000-00-00 00:00:00'),
(1234, 1, 1, 'Admin', 'admin#2021', '157.49.68.146', '2022-01-16 07:39:25', 1, '2022-01-16 02:09:25', '0000-00-00 00:00:00'),
(1235, 104, 3, 'con', '123', '157.49.68.146', '2022-01-16 08:45:20', 1, '2022-01-16 03:15:20', '0000-00-00 00:00:00'),
(1236, 1, 1, 'Admin', 'admin#2021', '157.49.68.146', '2022-01-16 09:03:39', 1, '2022-01-16 03:33:39', '0000-00-00 00:00:00'),
(1237, 104, 3, 'con', '123', '157.49.68.146', '2022-01-16 09:44:48', 1, '2022-01-16 04:14:48', '0000-00-00 00:00:00'),
(1238, 1, 1, 'admin', 'admin#2021', '157.49.68.146', '2022-01-16 09:45:07', 1, '2022-01-16 04:15:07', '0000-00-00 00:00:00'),
(1239, 1, 1, 'admin', 'admin#2021', '157.49.68.146', '2022-01-16 05:27:50', 1, '2022-01-16 11:57:50', '0000-00-00 00:00:00'),
(1240, 104, 3, 'con', '123', '157.49.68.146', '2022-01-16 05:47:14', 1, '2022-01-16 12:17:14', '0000-00-00 00:00:00'),
(1241, 1, 1, 'admin', 'admin#2021', '157.49.78.24', '2022-01-17 08:58:32', 1, '2022-01-17 03:28:32', '0000-00-00 00:00:00'),
(1242, 1, 1, 'Admin', 'admin#2021', '106.208.19.254', '2022-01-17 11:23:33', 1, '2022-01-17 05:53:33', '0000-00-00 00:00:00'),
(1243, 1, 1, 'admin', 'admin#2021', '183.83.185.240', '2022-01-17 11:25:55', 1, '2022-01-17 05:55:55', '0000-00-00 00:00:00'),
(1244, 104, 3, 'CON', '123', '183.83.185.240', '2022-01-17 11:36:52', 1, '2022-01-17 06:06:52', '0000-00-00 00:00:00'),
(1245, 1, 1, 'ADMIN', 'ADMIN#2021', '183.83.185.240', '2022-01-17 11:39:58', 1, '2022-01-17 06:09:58', '0000-00-00 00:00:00'),
(1246, 104, 3, 'CON', '123', '183.83.185.240', '2022-01-17 11:44:34', 1, '2022-01-17 06:14:34', '0000-00-00 00:00:00'),
(1247, 1, 1, 'ADMIN', 'ADMIN#2021', '183.83.185.240', '2022-01-17 11:45:59', 1, '2022-01-17 06:15:59', '0000-00-00 00:00:00'),
(1248, 104, 3, 'CON', '123', '183.83.185.240', '2022-01-17 11:48:48', 1, '2022-01-17 06:18:48', '0000-00-00 00:00:00'),
(1249, 1, 1, 'ADMIN', 'ADMIN#2021', '183.83.185.240', '2022-01-17 11:54:41', 1, '2022-01-17 06:24:41', '0000-00-00 00:00:00'),
(1250, 104, 3, 'CON', '123', '183.83.185.240', '2022-01-17 11:55:18', 1, '2022-01-17 06:25:18', '0000-00-00 00:00:00'),
(1251, 104, 3, 'con', '123', '157.49.78.24', '2022-01-17 12:34:02', 1, '2022-01-17 07:04:02', '0000-00-00 00:00:00'),
(1252, 1, 1, 'admin', 'admin#2021', '157.49.78.24', '2022-01-17 12:59:52', 1, '2022-01-17 07:29:52', '0000-00-00 00:00:00'),
(1253, 104, 3, 'con', '123', '157.46.68.40', '2022-01-17 08:09:56', 1, '2022-01-17 14:39:56', '0000-00-00 00:00:00'),
(1254, 1, 1, 'admin', 'admin#2021', '157.46.68.40', '2022-01-17 09:56:44', 1, '2022-01-17 16:26:44', '0000-00-00 00:00:00'),
(1255, 104, 3, 'con', '123', '157.46.209.169', '2022-01-18 10:05:01', 1, '2022-01-18 04:35:01', '0000-00-00 00:00:00'),
(1256, 1, 1, 'admin', 'admin#2021', '49.205.82.30', '2022-01-18 07:09:36', 1, '2022-01-18 13:39:36', '0000-00-00 00:00:00'),
(1257, 104, 3, 'CON', '123', '49.205.82.30', '2022-01-18 07:25:27', 1, '2022-01-18 13:55:27', '0000-00-00 00:00:00'),
(1258, 104, 3, 'con', '123', '49.205.82.30', '2022-01-18 07:25:56', 1, '2022-01-18 13:55:56', '0000-00-00 00:00:00'),
(1259, 1, 1, 'admin', 'admin#2021', '49.205.82.30', '2022-01-18 07:26:26', 1, '2022-01-18 13:56:26', '0000-00-00 00:00:00'),
(1260, 107, 3, 'opto', '123', '49.205.82.30', '2022-01-18 07:27:21', 1, '2022-01-18 13:57:21', '0000-00-00 00:00:00'),
(1261, 107, 3, 'opto', '123', '49.205.82.30', '2022-01-18 07:28:26', 1, '2022-01-18 13:58:26', '0000-00-00 00:00:00'),
(1262, 104, 3, 'con', '123', '49.205.82.30', '2022-01-18 07:47:46', 1, '2022-01-18 14:17:46', '0000-00-00 00:00:00'),
(1263, 104, 3, 'con', '123', '49.205.82.30', '2022-01-18 08:03:09', 1, '2022-01-18 14:33:09', '0000-00-00 00:00:00'),
(1264, 104, 3, 'con', '123', '157.46.71.255', '2022-01-18 08:33:08', 1, '2022-01-18 15:03:08', '0000-00-00 00:00:00'),
(1265, 104, 3, 'con', '123', '49.205.82.30', '2022-01-18 08:35:18', 1, '2022-01-18 15:05:18', '0000-00-00 00:00:00'),
(1266, 104, 3, 'con', '123', '49.205.82.30', '2022-01-18 08:37:03', 1, '2022-01-18 15:07:03', '0000-00-00 00:00:00'),
(1267, 104, 3, 'con', '123', '157.46.71.255', '2022-01-18 08:37:55', 1, '2022-01-18 15:07:55', '0000-00-00 00:00:00'),
(1268, 104, 3, 'con', '123', '49.205.82.30', '2022-01-18 08:37:59', 1, '2022-01-18 15:07:59', '0000-00-00 00:00:00'),
(1269, 104, 3, 'con', '123', '49.205.82.30', '2022-01-18 08:40:37', 1, '2022-01-18 15:10:37', '0000-00-00 00:00:00'),
(1270, 104, 3, 'con', '123', '157.46.71.255', '2022-01-18 09:24:14', 1, '2022-01-18 15:54:14', '0000-00-00 00:00:00'),
(1271, 1, 1, 'Admin', 'admin#2021', '157.46.71.255', '2022-01-18 09:24:26', 1, '2022-01-18 15:54:26', '0000-00-00 00:00:00'),
(1272, 104, 3, 'con', '123', '49.205.82.30', '2022-01-18 09:43:52', 1, '2022-01-18 16:13:52', '0000-00-00 00:00:00'),
(1273, 107, 3, 'opto', '123', '49.205.82.30', '2022-01-18 09:44:29', 1, '2022-01-18 16:14:29', '0000-00-00 00:00:00'),
(1274, 105, 2, 'DOCTOR', 'DOCTOR', '49.205.82.30', '2022-01-18 09:53:14', 1, '2022-01-18 16:23:14', '0000-00-00 00:00:00'),
(1275, 1, 1, 'admin', 'admin#2021', '49.205.82.30', '2022-01-18 09:59:38', 1, '2022-01-18 16:29:38', '0000-00-00 00:00:00'),
(1276, 1, 1, 'admin', 'admin#2021', '183.83.185.240', '2022-01-19 10:12:31', 1, '2022-01-19 04:42:31', '0000-00-00 00:00:00'),
(1277, 104, 3, 'con', '123', '183.83.185.240', '2022-01-19 12:39:19', 1, '2022-01-19 07:09:19', '0000-00-00 00:00:00'),
(1278, 105, 2, 'DOCTOR', 'doctor', '183.83.185.240', '2022-01-19 12:42:58', 1, '2022-01-19 07:12:58', '0000-00-00 00:00:00'),
(1279, 1, 1, 'admin', 'admin#2021', '183.83.185.240', '2022-01-19 01:21:43', 1, '2022-01-19 07:51:43', '0000-00-00 00:00:00'),
(1280, 104, 3, 'con', '123', '183.83.185.240', '2022-01-19 02:22:44', 1, '2022-01-19 08:52:44', '0000-00-00 00:00:00'),
(1281, 1, 1, 'admin', 'admin#2021', '183.83.185.240', '2022-01-19 02:31:17', 1, '2022-01-19 09:01:17', '0000-00-00 00:00:00'),
(1282, 1, 1, 'admin', 'admin#2021', '157.46.157.194', '2022-01-19 02:37:32', 1, '2022-01-19 09:07:32', '0000-00-00 00:00:00'),
(1283, 104, 3, 'con', '123', '157.46.157.194', '2022-01-19 02:39:05', 1, '2022-01-19 09:09:05', '0000-00-00 00:00:00'),
(1284, 104, 3, 'con', '123', '183.83.185.240', '2022-01-19 02:41:47', 1, '2022-01-19 09:11:47', '0000-00-00 00:00:00'),
(1285, 105, 2, 'doctor', 'doctor', '183.83.185.240', '2022-01-19 02:44:20', 1, '2022-01-19 09:14:20', '0000-00-00 00:00:00'),
(1286, 1, 1, 'admin', 'admin#2021', '49.205.82.30', '2022-01-19 05:55:27', 1, '2022-01-19 12:25:27', '0000-00-00 00:00:00'),
(1287, 104, 3, 'CON', '123', '49.205.82.30', '2022-01-19 06:10:37', 1, '2022-01-19 12:40:37', '0000-00-00 00:00:00'),
(1288, 105, 2, 'DOCTOR', 'Doctor', '49.205.82.30', '2022-01-19 06:14:15', 1, '2022-01-19 12:44:15', '0000-00-00 00:00:00'),
(1289, 1, 1, 'admin', 'admin#2021', '49.204.129.31', '2022-01-19 08:52:13', 1, '2022-01-19 15:22:13', '0000-00-00 00:00:00'),
(1290, 104, 3, 'con', '123', '157.46.114.83', '2022-01-19 09:13:51', 1, '2022-01-19 15:43:51', '0000-00-00 00:00:00'),
(1291, 1, 1, 'admin', 'admin#2021', '157.46.114.83', '2022-01-19 09:15:25', 1, '2022-01-19 15:45:25', '0000-00-00 00:00:00'),
(1292, 1, 1, 'admin', 'admin#2021', '157.46.114.83', '2022-01-19 09:27:40', 1, '2022-01-19 15:57:40', '0000-00-00 00:00:00'),
(1293, 104, 3, 'con', '123', '157.46.114.83', '2022-01-19 09:56:15', 1, '2022-01-19 16:26:15', '0000-00-00 00:00:00'),
(1294, 1, 1, 'admin', 'admin#2021', '157.46.97.138', '2022-01-20 07:43:46', 1, '2022-01-20 14:13:46', '0000-00-00 00:00:00'),
(1295, 1, 1, 'admin', 'admin#2021', '157.46.97.138', '2022-01-20 07:45:00', 1, '2022-01-20 14:15:00', '0000-00-00 00:00:00'),
(1296, 104, 3, 'con', '123', '157.46.97.138', '2022-01-20 07:45:55', 1, '2022-01-20 14:15:55', '0000-00-00 00:00:00'),
(1297, 1, 1, 'admin', 'admin#2021', '157.46.97.138', '2022-01-20 07:47:32', 1, '2022-01-20 14:17:32', '0000-00-00 00:00:00'),
(1298, 104, 3, 'con', '123', '157.46.97.138', '2022-01-20 08:24:28', 1, '2022-01-20 14:54:28', '0000-00-00 00:00:00'),
(1299, 104, 3, 'con', '123', '157.49.254.213', '2022-01-21 07:59:00', 1, '2022-01-21 14:29:00', '0000-00-00 00:00:00'),
(1300, 1, 1, 'admin', 'admin#2021', '157.49.254.213', '2022-01-21 08:22:18', 1, '2022-01-21 14:52:18', '0000-00-00 00:00:00'),
(1301, 1, 1, 'admin', 'admin#2021', '157.46.66.36', '2022-01-22 09:26:55', 1, '2022-01-22 15:56:55', '0000-00-00 00:00:00'),
(1302, 104, 3, 'con', '123', '157.46.66.36', '2022-01-22 09:27:05', 1, '2022-01-22 15:57:05', '0000-00-00 00:00:00'),
(1303, 104, 3, 'con', '123', '157.46.68.52', '2022-01-23 11:30:18', 1, '2022-01-23 06:00:18', '0000-00-00 00:00:00'),
(1304, 104, 3, 'con', '123', '157.46.68.52', '2022-01-23 12:16:06', 1, '2022-01-23 06:46:06', '0000-00-00 00:00:00'),
(1305, 1, 1, 'admin', 'admin#2021', '157.46.68.52', '2022-01-23 04:57:38', 1, '2022-01-23 11:27:38', '0000-00-00 00:00:00'),
(1306, 1, 1, 'admin', 'admin#2021', '157.46.68.52', '2022-01-23 07:42:26', 1, '2022-01-23 14:12:26', '0000-00-00 00:00:00'),
(1307, 104, 3, 'con', '123', '157.46.68.52', '2022-01-23 07:43:03', 1, '2022-01-23 14:13:03', '0000-00-00 00:00:00'),
(1308, 104, 3, 'con', '123', '157.46.75.214', '2022-01-24 09:33:43', 1, '2022-01-24 04:03:43', '0000-00-00 00:00:00'),
(1309, 105, 2, 'DOCTOR', 'DOCTOR', '49.204.142.38', '2022-01-24 12:27:07', 1, '2022-01-24 06:57:07', '0000-00-00 00:00:00'),
(1310, 1, 1, 'admin', 'admin#2021', '157.46.75.214', '2022-01-24 06:47:53', 1, '2022-01-24 13:17:53', '0000-00-00 00:00:00'),
(1311, 1, 1, 'admin', 'admin#2021', '157.49.93.167', '2022-01-25 05:39:30', 1, '2022-01-25 12:09:30', '0000-00-00 00:00:00'),
(1312, 104, 3, 'con', '123', '157.49.93.167', '2022-01-25 05:39:45', 1, '2022-01-25 12:09:45', '0000-00-00 00:00:00'),
(1313, 105, 2, 'doctor', 'doctor', '157.49.93.167', '2022-01-25 06:04:36', 1, '2022-01-25 12:34:36', '0000-00-00 00:00:00'),
(1314, 104, 3, 'con', '123', '157.49.93.167', '2022-01-25 06:05:28', 1, '2022-01-25 12:35:28', '0000-00-00 00:00:00'),
(1315, 105, 2, 'doctor', 'doctor', '157.49.93.167', '2022-01-25 06:05:54', 1, '2022-01-25 12:35:54', '0000-00-00 00:00:00'),
(1316, 105, 2, 'doctor', 'doctor', '157.49.93.167', '2022-01-25 06:23:23', 1, '2022-01-25 12:53:23', '0000-00-00 00:00:00'),
(1317, 105, 2, 'doctor', 'doctor', '49.204.139.65', '2022-01-25 06:56:52', 1, '2022-01-25 13:26:52', '0000-00-00 00:00:00'),
(1318, 105, 2, 'doctor', 'doctor', '157.49.244.122', '2022-01-26 10:54:46', 1, '2022-01-26 05:24:46', '0000-00-00 00:00:00'),
(1319, 1, 1, 'admin', 'admin#2021', '157.49.244.122', '2022-01-26 10:57:05', 1, '2022-01-26 05:27:05', '0000-00-00 00:00:00'),
(1320, 105, 2, 'doctor', 'doctor', '157.49.244.122', '2022-01-26 11:00:06', 1, '2022-01-26 05:30:06', '0000-00-00 00:00:00'),
(1321, 105, 2, 'doctor', 'doctor', '157.49.208.35', '2022-01-26 05:11:33', 1, '2022-01-26 11:41:33', '0000-00-00 00:00:00'),
(1322, 104, 3, 'con', '123', '157.49.208.35', '2022-01-26 05:39:57', 1, '2022-01-26 12:09:57', '0000-00-00 00:00:00'),
(1323, 1, 1, 'Admin', 'admin#2021', '157.49.208.35', '2022-01-26 07:29:23', 1, '2022-01-26 13:59:23', '0000-00-00 00:00:00'),
(1324, 104, 3, 'con', '123', '157.49.208.35', '2022-01-26 07:29:31', 1, '2022-01-26 13:59:31', '0000-00-00 00:00:00'),
(1325, 104, 3, 'con', '123', '157.49.208.35', '2022-01-26 07:45:25', 1, '2022-01-26 14:15:25', '0000-00-00 00:00:00'),
(1326, 104, 3, 'con', '123', '157.49.208.35', '2022-01-26 07:45:49', 1, '2022-01-26 14:15:49', '0000-00-00 00:00:00'),
(1327, 104, 3, 'con', '123', '49.204.139.65', '2022-01-26 09:40:04', 1, '2022-01-26 16:10:04', '0000-00-00 00:00:00'),
(1328, 104, 3, 'con', '123', '157.49.214.164', '2022-01-27 11:33:01', 1, '2022-01-27 06:03:01', '0000-00-00 00:00:00'),
(1329, 104, 3, 'con', '123', '157.49.214.164', '2022-01-27 01:57:33', 1, '2022-01-27 08:27:33', '0000-00-00 00:00:00'),
(1330, 1, 1, 'Admin', 'admin#2021', '157.49.214.164', '2022-01-27 05:42:49', 1, '2022-01-27 12:12:49', '0000-00-00 00:00:00'),
(1331, 104, 3, 'con', '123', '157.49.214.164', '2022-01-27 05:44:53', 1, '2022-01-27 12:14:53', '0000-00-00 00:00:00'),
(1332, 1, 1, 'admin', 'admin#2021', '157.49.214.164', '2022-01-27 08:58:22', 1, '2022-01-27 15:28:22', '0000-00-00 00:00:00'),
(1333, 1, 1, 'admin', 'admin#2021', '157.49.206.41', '2022-01-27 10:23:04', 1, '2022-01-27 16:53:04', '0000-00-00 00:00:00'),
(1334, 104, 3, 'con', '123', '157.49.206.41', '2022-01-27 10:32:38', 1, '2022-01-27 17:02:38', '0000-00-00 00:00:00'),
(1335, 104, 3, 'con', '123', '157.49.206.41', '2022-01-28 10:14:33', 1, '2022-01-28 04:44:33', '0000-00-00 00:00:00'),
(1336, 104, 3, 'con', '123', '157.49.206.41', '2022-01-28 07:31:03', 1, '2022-01-28 14:01:03', '0000-00-00 00:00:00'),
(1337, 1, 1, 'admin', 'admin#2021', '49.204.140.170', '2022-01-29 08:31:16', 1, '2022-01-29 03:01:16', '0000-00-00 00:00:00'),
(1338, 104, 3, 'con', '123', '157.49.206.87', '2022-01-29 08:43:13', 1, '2022-01-29 03:13:13', '0000-00-00 00:00:00'),
(1339, 1, 1, 'admin', 'admin#2021', '49.204.140.170', '2022-01-29 09:02:01', 1, '2022-01-29 03:32:01', '0000-00-00 00:00:00'),
(1340, 104, 3, 'con', '123', '49.204.140.170', '2022-01-29 09:05:51', 1, '2022-01-29 03:35:51', '0000-00-00 00:00:00'),
(1341, 105, 2, 'DOCTOR', 'DOCTOR', '49.204.140.170', '2022-01-29 09:10:38', 1, '2022-01-29 03:40:38', '0000-00-00 00:00:00'),
(1342, 104, 3, 'CON', '123', '49.204.140.170', '2022-01-29 09:12:44', 1, '2022-01-29 03:42:44', '0000-00-00 00:00:00'),
(1343, 1, 1, 'ADMIN', 'ADMIN#2021', '49.204.140.170', '2022-01-29 09:19:54', 1, '2022-01-29 03:49:54', '0000-00-00 00:00:00'),
(1344, 104, 3, 'CON', '123', '49.204.140.170', '2022-01-29 09:23:36', 1, '2022-01-29 03:53:36', '0000-00-00 00:00:00'),
(1345, 1, 1, 'ADMIN', 'ADMIN#2021', '49.204.114.153', '2022-01-29 11:05:27', 1, '2022-01-29 05:35:27', '0000-00-00 00:00:00'),
(1346, 104, 3, 'CON', '123', '49.204.114.153', '2022-01-29 11:11:33', 1, '2022-01-29 05:41:33', '0000-00-00 00:00:00'),
(1347, 105, 2, 'DOCTOR', 'DOCTOR', '49.204.114.153', '2022-01-29 11:15:06', 1, '2022-01-29 05:45:06', '0000-00-00 00:00:00'),
(1348, 1, 1, 'ADMIN', 'ADMIN#2021', '49.204.114.153', '2022-01-29 11:20:59', 1, '2022-01-29 05:50:59', '0000-00-00 00:00:00'),
(1349, 104, 3, 'con', '123', '157.49.206.87', '2022-01-29 07:27:37', 1, '2022-01-29 13:57:37', '0000-00-00 00:00:00'),
(1350, 1, 1, 'admin', 'admin#2021', '49.204.135.237', '2022-01-30 09:09:54', 1, '2022-01-30 03:39:54', '0000-00-00 00:00:00'),
(1351, 104, 3, 'CON', '123', '49.204.135.237', '2022-01-30 09:21:36', 1, '2022-01-30 03:51:36', '0000-00-00 00:00:00'),
(1352, 104, 3, 'CON', '123', '49.204.135.237', '2022-01-30 10:36:21', 1, '2022-01-30 05:06:21', '0000-00-00 00:00:00'),
(1353, 1, 1, 'ADMIN', 'ADMIN#2021', '49.204.135.237', '2022-01-30 10:37:55', 1, '2022-01-30 05:07:55', '0000-00-00 00:00:00'),
(1354, 104, 3, 'CON', '123', '49.204.135.237', '2022-01-30 10:38:46', 1, '2022-01-30 05:08:46', '0000-00-00 00:00:00'),
(1355, 1, 1, 'ADMIN', 'ADMIN#2021', '49.204.135.237', '2022-01-30 10:43:21', 1, '2022-01-30 05:13:21', '0000-00-00 00:00:00'),
(1356, 1, 1, 'ADMIN', 'ADMIN#2021', '49.204.135.237', '2022-01-30 10:59:32', 1, '2022-01-30 05:29:32', '0000-00-00 00:00:00'),
(1357, 104, 3, 'CON', '123', '49.204.135.237', '2022-01-30 11:01:26', 1, '2022-01-30 05:31:26', '0000-00-00 00:00:00'),
(1358, 104, 3, 'con', '123', '157.49.198.17', '2022-01-30 11:12:37', 1, '2022-01-30 05:42:37', '0000-00-00 00:00:00'),
(1359, 1, 1, 'Admin', 'admin#2021', '157.49.198.17', '2022-01-30 12:38:34', 1, '2022-01-30 07:08:34', '0000-00-00 00:00:00'),
(1360, 104, 3, 'con', '123', '157.49.198.17', '2022-01-30 12:38:53', 1, '2022-01-30 07:08:53', '0000-00-00 00:00:00'),
(1361, 104, 3, 'con', '123', '157.49.198.17', '2022-01-30 03:37:29', 1, '2022-01-30 10:07:29', '0000-00-00 00:00:00'),
(1362, 104, 3, 'con', '123', '157.49.198.17', '2022-01-30 08:37:14', 1, '2022-01-30 15:07:14', '0000-00-00 00:00:00'),
(1363, 104, 3, 'con', '123', '157.49.198.17', '2022-01-30 10:07:06', 1, '2022-01-30 16:37:06', '0000-00-00 00:00:00'),
(1364, 1, 1, 'admin', 'admin#2021', '183.83.185.240', '2022-01-31 03:39:54', 1, '2022-01-31 10:09:54', '0000-00-00 00:00:00'),
(1365, 104, 3, 'con', '123', '183.83.185.240', '2022-01-31 03:41:05', 1, '2022-01-31 10:11:05', '0000-00-00 00:00:00'),
(1366, 104, 3, 'Con', '123', '106.76.1.54', '2022-01-31 03:43:51', 1, '2022-01-31 10:13:51', '0000-00-00 00:00:00'),
(1367, 105, 2, 'doctor', 'doctor', '183.83.185.240', '2022-01-31 03:46:21', 1, '2022-01-31 10:16:21', '0000-00-00 00:00:00'),
(1368, 104, 3, 'con', '123', '157.49.255.66', '2022-02-01 08:24:13', 1, '2022-02-01 14:54:13', '0000-00-00 00:00:00'),
(1369, 104, 3, 'con', '123', '157.46.91.133', '2022-02-02 10:33:40', 1, '2022-02-02 05:03:40', '0000-00-00 00:00:00'),
(1370, 105, 2, 'doctor', 'doctor', '183.83.185.240', '2022-02-02 05:43:47', 1, '2022-02-02 12:13:47', '0000-00-00 00:00:00'),
(1371, 104, 3, 'con', '123', '157.49.231.205', '2022-02-03 07:43:07', 1, '2022-02-03 14:13:07', '0000-00-00 00:00:00'),
(1372, 104, 3, 'con', '123', '157.49.231.205', '2022-02-03 09:31:13', 1, '2022-02-03 16:01:13', '0000-00-00 00:00:00'),
(1373, 1, 1, 'Admin', 'admin#2021', '157.49.231.205', '2022-02-03 09:31:37', 1, '2022-02-03 16:01:37', '0000-00-00 00:00:00'),
(1374, 104, 3, 'con', '123', '157.49.231.205', '2022-02-03 09:34:38', 1, '2022-02-03 16:04:38', '0000-00-00 00:00:00'),
(1375, 1, 1, 'Admin', 'admin#2021', '157.49.231.205', '2022-02-03 09:34:54', 1, '2022-02-03 16:04:54', '0000-00-00 00:00:00'),
(1376, 104, 3, 'con', '123', '157.49.231.205', '2022-02-03 09:35:21', 1, '2022-02-03 16:05:21', '0000-00-00 00:00:00'),
(1377, 104, 3, 'con', '123', '157.46.75.219', '2022-02-04 09:22:57', 1, '2022-02-04 03:52:57', '0000-00-00 00:00:00'),
(1378, 104, 3, 'con', '123', '157.46.75.219', '2022-02-04 10:43:27', 1, '2022-02-04 05:13:27', '0000-00-00 00:00:00'),
(1379, 104, 3, 'con', '123', '157.46.75.219', '2022-02-04 08:21:19', 1, '2022-02-04 14:51:19', '0000-00-00 00:00:00'),
(1380, 1, 1, 'ADMIN', 'ADMIN#2021', '106.208.115.89', '2022-02-05 11:14:06', 1, '2022-02-05 05:44:06', '0000-00-00 00:00:00'),
(1381, 104, 3, 'con', '123', '157.46.86.243', '2022-02-05 07:13:28', 1, '2022-02-05 13:43:28', '0000-00-00 00:00:00'),
(1382, 1, 1, 'admin', 'admin#2021', '157.46.86.243', '2022-02-05 07:14:15', 1, '2022-02-05 13:44:15', '0000-00-00 00:00:00'),
(1383, 104, 3, 'con', '123', '157.46.86.169', '2022-02-06 09:37:40', 1, '2022-02-06 04:07:40', '0000-00-00 00:00:00'),
(1384, 1, 1, 'admin', 'admin#2021', '49.205.84.19', '2022-02-06 07:03:23', 1, '2022-02-06 13:33:23', '0000-00-00 00:00:00'),
(1385, 1, 1, 'admin', 'admin#2021', '49.205.84.19', '2022-02-06 07:17:11', 1, '2022-02-06 13:47:11', '0000-00-00 00:00:00'),
(1386, 104, 3, 'con', '123', '49.205.84.19', '2022-02-06 07:22:05', 1, '2022-02-06 13:52:05', '0000-00-00 00:00:00'),
(1387, 1, 1, 'admin', 'admin#2021', '49.205.84.19', '2022-02-06 08:06:11', 1, '2022-02-06 14:36:11', '0000-00-00 00:00:00'),
(1388, 104, 3, 'con', '123', '49.205.84.19', '2022-02-06 08:08:31', 1, '2022-02-06 14:38:31', '0000-00-00 00:00:00'),
(1389, 1, 1, 'admin', 'admin#2021', '49.205.84.19', '2022-02-06 08:11:33', 1, '2022-02-06 14:41:33', '0000-00-00 00:00:00'),
(1390, 104, 3, 'con', '123', '49.205.84.19', '2022-02-06 08:31:10', 1, '2022-02-06 15:01:10', '0000-00-00 00:00:00'),
(1391, 1, 1, 'admin', 'admin#2021', '49.205.84.19', '2022-02-06 08:41:25', 1, '2022-02-06 15:11:25', '0000-00-00 00:00:00'),
(1392, 105, 2, 'doctor', 'doctor', '49.205.84.19', '2022-02-06 08:42:06', 1, '2022-02-06 15:12:06', '0000-00-00 00:00:00'),
(1393, 104, 3, 'con', '123', '49.205.84.19', '2022-02-06 08:43:18', 1, '2022-02-06 15:13:18', '0000-00-00 00:00:00'),
(1394, 104, 3, 'con', '123', '157.46.70.178', '2022-02-06 09:11:05', 1, '2022-02-06 15:41:05', '0000-00-00 00:00:00'),
(1395, 1, 1, 'admin', 'admin#2021', '157.46.70.178', '2022-02-06 09:18:24', 1, '2022-02-06 15:48:24', '0000-00-00 00:00:00'),
(1396, 1, 1, 'admin', 'admin#2021', '49.205.84.19', '2022-02-06 09:48:32', 1, '2022-02-06 16:18:32', '0000-00-00 00:00:00'),
(1397, 104, 3, 'con', '123', '49.205.84.19', '2022-02-06 09:49:43', 1, '2022-02-06 16:19:43', '0000-00-00 00:00:00'),
(1398, 104, 3, 'con', '123', '157.46.108.255', '2022-02-07 08:03:30', 1, '2022-02-07 14:33:30', '0000-00-00 00:00:00'),
(1399, 1, 1, 'Admin', 'admin#2021', '157.46.108.255', '2022-02-07 08:04:02', 1, '2022-02-07 14:34:02', '0000-00-00 00:00:00'),
(1400, 108, 6, 'coun', '123', '157.46.108.255', '2022-02-07 08:04:51', 1, '2022-02-07 14:34:51', '0000-00-00 00:00:00'),
(1401, 108, 6, 'coun', '123', '157.46.108.255', '2022-02-07 08:23:10', 1, '2022-02-07 14:53:10', '0000-00-00 00:00:00'),
(1402, 1, 1, 'admin', 'admin#2021', '157.46.108.255', '2022-02-07 09:14:17', 1, '2022-02-07 15:44:17', '0000-00-00 00:00:00'),
(1403, 108, 6, 'coun', '123', '157.46.108.255', '2022-02-07 09:24:59', 1, '2022-02-07 15:54:59', '0000-00-00 00:00:00'),
(1404, 104, 3, 'con', '123', '157.46.108.255', '2022-02-07 09:26:04', 1, '2022-02-07 15:56:04', '0000-00-00 00:00:00'),
(1405, 108, 6, 'coun', '123', '157.46.108.255', '2022-02-07 09:31:15', 1, '2022-02-07 16:01:15', '0000-00-00 00:00:00'),
(1406, 104, 3, 'con', '123', '157.46.108.255', '2022-02-07 09:33:01', 1, '2022-02-07 16:03:01', '0000-00-00 00:00:00'),
(1407, 104, 3, 'con', '123', '157.46.108.255', '2022-02-07 09:35:10', 1, '2022-02-07 16:05:10', '0000-00-00 00:00:00'),
(1408, 105, 2, 'doctor', 'doctor', '157.46.108.255', '2022-02-07 09:35:25', 1, '2022-02-07 16:05:25', '0000-00-00 00:00:00'),
(1409, 108, 6, 'coun', '123', '157.46.108.255', '2022-02-07 09:38:25', 1, '2022-02-07 16:08:25', '0000-00-00 00:00:00'),
(1410, 108, 6, 'coun', '123', '157.49.196.197', '2022-02-08 08:09:23', 1, '2022-02-08 14:39:23', '0000-00-00 00:00:00'),
(1411, 1, 1, 'admin', 'admin#2021', '157.49.196.197', '2022-02-08 08:12:39', 1, '2022-02-08 14:42:39', '0000-00-00 00:00:00'),
(1412, 104, 3, 'con', '123', '157.49.196.197', '2022-02-08 08:13:23', 1, '2022-02-08 14:43:23', '0000-00-00 00:00:00'),
(1413, 1, 1, 'admin', 'admin#2021', '157.49.196.197', '2022-02-08 08:26:35', 1, '2022-02-08 14:56:35', '0000-00-00 00:00:00'),
(1414, 108, 6, 'coun', '123', '157.49.196.197', '2022-02-08 08:35:23', 1, '2022-02-08 15:05:23', '0000-00-00 00:00:00'),
(1415, 1, 1, 'Admin', 'admin#2021', '157.49.196.197', '2022-02-08 09:10:39', 1, '2022-02-08 15:40:39', '0000-00-00 00:00:00'),
(1416, 1, 1, 'Admin', 'admin#2021', '157.49.197.164', '2022-02-09 08:14:42', 1, '2022-02-09 14:44:42', '0000-00-00 00:00:00'),
(1417, 108, 6, 'coun', '123', '157.49.197.164', '2022-02-09 08:31:38', 1, '2022-02-09 15:01:38', '0000-00-00 00:00:00'),
(1418, 1, 1, 'Admin', 'admin#2021', '157.49.197.164', '2022-02-09 08:31:59', 1, '2022-02-09 15:01:59', '0000-00-00 00:00:00'),
(1419, 1, 1, 'ADMIN', 'ADMIN#2021', '49.204.141.18', '2022-02-09 08:52:48', 1, '2022-02-09 15:22:48', '0000-00-00 00:00:00'),
(1420, 104, 3, 'con', '123', '49.204.141.18', '2022-02-09 09:25:39', 1, '2022-02-09 15:55:39', '0000-00-00 00:00:00'),
(1421, 105, 2, 'DOCTOR', 'DOCTOR', '49.204.141.18', '2022-02-09 09:27:58', 1, '2022-02-09 15:57:58', '0000-00-00 00:00:00'),
(1422, 104, 3, 'CON', '123', '49.204.141.18', '2022-02-09 09:28:45', 1, '2022-02-09 15:58:45', '0000-00-00 00:00:00'),
(1423, 1, 1, 'ADMIN', 'ADMIN#2021', '49.204.141.18', '2022-02-09 09:29:05', 1, '2022-02-09 15:59:05', '0000-00-00 00:00:00'),
(1424, 108, 6, 'coun', '123', '49.204.141.18', '2022-02-09 09:30:02', 1, '2022-02-09 16:00:02', '0000-00-00 00:00:00'),
(1425, 1, 1, 'admin', 'ADMIN#2021', '49.204.141.18', '2022-02-09 09:38:41', 1, '2022-02-09 16:08:41', '0000-00-00 00:00:00'),
(1426, 108, 6, 'coun', '123', '49.204.141.18', '2022-02-09 09:40:18', 1, '2022-02-09 16:10:18', '0000-00-00 00:00:00'),
(1427, 1, 1, 'ADMIN', 'ADMIN#2021', '49.204.141.18', '2022-02-09 09:45:37', 1, '2022-02-09 16:15:37', '0000-00-00 00:00:00'),
(1428, 1, 1, 'admin', 'admin#2021', '183.83.185.240', '2022-02-10 05:24:16', 1, '2022-02-10 11:54:16', '0000-00-00 00:00:00'),
(1429, 108, 6, 'coun', '123', '183.83.185.240', '2022-02-10 05:24:38', 1, '2022-02-10 11:54:38', '0000-00-00 00:00:00'),
(1430, 1, 1, 'ADMIN', 'ADMIN#2021', '49.204.141.231', '2022-02-10 07:22:43', 1, '2022-02-10 13:52:43', '0000-00-00 00:00:00'),
(1431, 108, 6, 'coun', '123', '157.46.104.86', '2022-02-10 08:42:45', 1, '2022-02-10 15:12:45', '0000-00-00 00:00:00'),
(1432, 1, 1, 'admin', 'admin#2021', '157.46.104.86', '2022-02-10 08:44:03', 1, '2022-02-10 15:14:03', '0000-00-00 00:00:00'),
(1433, 104, 3, 'con', '123', '157.46.104.86', '2022-02-10 08:44:43', 1, '2022-02-10 15:14:43', '0000-00-00 00:00:00'),
(1434, 107, 3, 'opto', '123', '49.204.141.231', '2022-02-10 08:47:48', 1, '2022-02-10 15:17:48', '0000-00-00 00:00:00'),
(1435, 108, 6, 'coun', '123', '49.204.141.231', '2022-02-10 08:49:00', 1, '2022-02-10 15:19:00', '0000-00-00 00:00:00'),
(1436, 1, 1, 'ADMIN', 'ADMIN#2021', '49.204.141.231', '2022-02-10 09:02:14', 1, '2022-02-10 15:32:14', '0000-00-00 00:00:00'),
(1437, 108, 6, 'coun', '123', '157.46.104.86', '2022-02-10 09:10:01', 1, '2022-02-10 15:40:01', '0000-00-00 00:00:00'),
(1438, 1, 1, 'admin', 'admin#2021', '157.46.104.86', '2022-02-10 09:10:17', 1, '2022-02-10 15:40:17', '0000-00-00 00:00:00'),
(1439, 104, 3, 'con', '123', '157.46.104.86', '2022-02-10 09:10:27', 1, '2022-02-10 15:40:27', '0000-00-00 00:00:00'),
(1440, 108, 6, 'coun', '123', '157.46.104.86', '2022-02-10 09:11:03', 1, '2022-02-10 15:41:03', '0000-00-00 00:00:00'),
(1441, 108, 6, 'coun', '123', '157.49.76.205', '2022-02-11 08:04:18', 1, '2022-02-11 14:34:18', '0000-00-00 00:00:00'),
(1442, 108, 6, 'coun', '123', '157.49.76.205', '2022-02-11 08:45:34', 1, '2022-02-11 15:15:34', '0000-00-00 00:00:00'),
(1443, 108, 6, 'coun', '123', '157.49.95.190', '2022-02-12 09:17:44', 1, '2022-02-12 03:47:44', '0000-00-00 00:00:00'),
(1444, 1, 1, 'admin', 'admin#2021', '157.49.95.190', '2022-02-12 09:54:06', 1, '2022-02-12 04:24:06', '0000-00-00 00:00:00'),
(1445, 104, 3, 'con', '123', '157.49.95.190', '2022-02-12 09:58:02', 1, '2022-02-12 04:28:02', '0000-00-00 00:00:00'),
(1446, 108, 6, 'coun', '123', '157.49.95.190', '2022-02-12 09:59:09', 1, '2022-02-12 04:29:09', '0000-00-00 00:00:00'),
(1447, 1, 1, 'admin', 'admin#2021', '157.46.96.43', '2022-02-12 03:40:44', 1, '2022-02-12 10:10:44', '0000-00-00 00:00:00'),
(1448, 108, 6, 'coun', '123', '157.46.96.43', '2022-02-12 03:41:34', 1, '2022-02-12 10:11:34', '0000-00-00 00:00:00'),
(1449, 108, 6, 'coun', '123', '157.46.96.43', '2022-02-12 05:29:59', 1, '2022-02-12 11:59:59', '0000-00-00 00:00:00'),
(1450, 1, 1, 'admin', 'admin#2021', '157.46.96.43', '2022-02-12 05:30:13', 1, '2022-02-12 12:00:13', '0000-00-00 00:00:00'),
(1451, 108, 6, 'coun', '123', '157.46.96.43', '2022-02-12 05:34:20', 1, '2022-02-12 12:04:20', '0000-00-00 00:00:00'),
(1452, 1, 1, 'Admin', 'admin#2021', '157.46.96.43', '2022-02-12 05:34:51', 1, '2022-02-12 12:04:51', '0000-00-00 00:00:00'),
(1453, 1, 1, 'Admin', 'admin#2021', '157.46.96.43', '2022-02-12 05:51:00', 1, '2022-02-12 12:21:00', '0000-00-00 00:00:00'),
(1454, 108, 6, 'coun', '123', '157.46.96.43', '2022-02-12 05:51:34', 1, '2022-02-12 12:21:34', '0000-00-00 00:00:00'),
(1455, 108, 6, 'coun', '123', '157.46.96.43', '2022-02-12 05:52:19', 1, '2022-02-12 12:22:19', '0000-00-00 00:00:00'),
(1456, 1, 1, 'admin', 'admin#2021', '157.46.96.43', '2022-02-12 05:52:33', 1, '2022-02-12 12:22:33', '0000-00-00 00:00:00'),
(1457, 1, 1, 'admin', 'admin#2021', '157.46.96.43', '2022-02-12 05:54:35', 1, '2022-02-12 12:24:35', '0000-00-00 00:00:00'),
(1458, 108, 6, 'coun', '123', '157.46.96.43', '2022-02-12 06:09:23', 1, '2022-02-12 12:39:23', '0000-00-00 00:00:00'),
(1459, 105, 2, 'doctor', 'doctor', '157.46.96.43', '2022-02-12 06:09:32', 1, '2022-02-12 12:39:32', '0000-00-00 00:00:00'),
(1460, 108, 6, 'coun', '123', '157.46.96.43', '2022-02-12 06:17:00', 1, '2022-02-12 12:47:00', '0000-00-00 00:00:00'),
(1461, 105, 2, 'doctor', 'doctor', '157.49.224.61', '2022-02-12 08:36:15', 1, '2022-02-12 15:06:15', '0000-00-00 00:00:00'),
(1462, 1, 1, 'admin', 'admin#2021', '157.49.224.61', '2022-02-12 08:46:35', 1, '2022-02-12 15:16:35', '0000-00-00 00:00:00'),
(1463, 1, 1, 'admin', 'admin#2021', '157.49.224.61', '2022-02-12 09:09:55', 1, '2022-02-12 15:39:55', '0000-00-00 00:00:00'),
(1464, 1, 1, 'admin', 'admin#2021', '157.49.224.61', '2022-02-12 09:47:27', 1, '2022-02-12 16:17:27', '0000-00-00 00:00:00'),
(1465, 1, 1, 'admin', 'admin#2021', '157.49.224.61', '2022-02-12 10:23:42', 1, '2022-02-12 16:53:42', '0000-00-00 00:00:00'),
(1466, 1, 1, 'ADMIN', 'ADMIN#2021', '49.205.84.229', '2022-02-12 11:06:56', 1, '2022-02-12 17:36:56', '0000-00-00 00:00:00'),
(1467, 104, 3, 'con', '123', '49.205.84.229', '2022-02-12 11:17:53', 1, '2022-02-12 17:47:53', '0000-00-00 00:00:00'),
(1468, 105, 2, 'DOCTOR', 'DOCTOR', '49.205.84.229', '2022-02-12 11:19:52', 1, '2022-02-12 17:49:52', '0000-00-00 00:00:00'),
(1469, 108, 6, 'coun', '123', '49.205.84.229', '2022-02-12 11:20:56', 1, '2022-02-12 17:50:56', '0000-00-00 00:00:00'),
(1470, 1, 1, 'admin', 'admin#2021', '49.205.84.229', '2022-02-12 11:23:38', 1, '2022-02-12 17:53:38', '0000-00-00 00:00:00'),
(1471, 104, 3, 'con', '123', '49.205.84.229', '2022-02-12 11:26:04', 1, '2022-02-12 17:56:04', '0000-00-00 00:00:00'),
(1472, 105, 2, 'DOCTOR', 'DOCTOR', '49.205.84.229', '2022-02-12 11:29:56', 1, '2022-02-12 17:59:56', '0000-00-00 00:00:00'),
(1473, 104, 3, 'con', '123', '49.205.84.229', '2022-02-12 11:35:27', 1, '2022-02-12 18:05:27', '0000-00-00 00:00:00'),
(1474, 104, 3, 'con', '123', '49.205.84.229', '2022-02-12 11:40:24', 1, '2022-02-12 18:10:24', '0000-00-00 00:00:00'),
(1475, 1, 1, 'admin', 'admin#2021', '157.49.233.45', '2022-02-13 08:46:30', 1, '2022-02-13 03:16:30', '0000-00-00 00:00:00'),
(1476, 1, 1, 'admin', 'admin#2021', '157.49.233.45', '2022-02-13 08:54:45', 1, '2022-02-13 03:24:45', '0000-00-00 00:00:00'),
(1477, 104, 3, 'con', '123', '157.49.233.45', '2022-02-13 08:56:02', 1, '2022-02-13 03:26:02', '0000-00-00 00:00:00'),
(1478, 1, 1, 'admin', 'admin#2021', '157.49.233.45', '2022-02-13 10:05:17', 1, '2022-02-13 04:35:17', '0000-00-00 00:00:00'),
(1479, 1, 1, 'admin', 'admin#2021', '157.49.233.45', '2022-02-13 07:07:06', 1, '2022-02-13 13:37:06', '0000-00-00 00:00:00'),
(1480, 1, 1, 'admin', 'admin#2021', '157.49.233.45', '2022-02-13 08:34:40', 1, '2022-02-13 15:04:40', '0000-00-00 00:00:00'),
(1481, 104, 3, 'con', '123', '157.49.233.45', '2022-02-13 09:12:27', 1, '2022-02-13 15:42:27', '0000-00-00 00:00:00'),
(1482, 104, 3, 'con', '123', '157.49.233.45', '2022-02-13 09:30:42', 1, '2022-02-13 16:00:42', '0000-00-00 00:00:00'),
(1483, 1, 1, 'admin', 'admin#2021', '157.49.233.45', '2022-02-13 09:39:10', 1, '2022-02-13 16:09:10', '0000-00-00 00:00:00'),
(1484, 104, 3, 'con', '123', '49.204.129.121', '2022-02-13 09:52:27', 1, '2022-02-13 16:22:27', '0000-00-00 00:00:00'),
(1485, 104, 3, 'con', '123', '157.49.233.45', '2022-02-13 09:52:46', 1, '2022-02-13 16:22:46', '0000-00-00 00:00:00'),
(1486, 104, 3, 'con', '123', '157.49.233.45', '2022-02-13 09:56:54', 1, '2022-02-13 16:26:54', '0000-00-00 00:00:00'),
(1487, 106, 4, 'reception', '123', '27.62.115.126', '2022-02-14 08:43:09', 1, '2022-02-14 03:13:09', '0000-00-00 00:00:00'),
(1488, 1, 1, 'admin', 'admin#2021', '49.204.139.68', '2022-02-14 09:09:34', 1, '2022-02-14 15:39:34', '0000-00-00 00:00:00'),
(1489, 1, 1, 'ADMIN', 'ADMIN#2021', '49.204.139.68', '2022-02-14 09:55:02', 1, '2022-02-14 16:25:02', '0000-00-00 00:00:00'),
(1490, 104, 3, 'CON', '123', '49.204.139.68', '2022-02-14 09:56:11', 1, '2022-02-14 16:26:11', '0000-00-00 00:00:00'),
(1491, 1, 1, 'admin', 'admin#2021', '157.46.104.78', '2022-02-14 10:07:00', 1, '2022-02-14 16:37:00', '0000-00-00 00:00:00'),
(1492, 104, 3, 'con', '123', '157.46.104.78', '2022-02-14 10:09:59', 1, '2022-02-14 16:39:59', '0000-00-00 00:00:00'),
(1493, 107, 3, 'opto', '123', '182.65.152.23', '2022-02-15 09:23:54', 1, '2022-02-15 03:53:54', '0000-00-00 00:00:00'),
(1494, 1, 1, 'admin', 'admin#2021', '157.49.226.77', '2022-02-15 10:53:11', 1, '2022-02-15 17:23:11', '0000-00-00 00:00:00'),
(1495, 104, 3, 'con', '123', '49.204.140.103', '2022-02-16 12:04:18', 1, '2022-02-15 18:34:18', '0000-00-00 00:00:00'),
(1496, 1, 1, 'ADMIN', 'ADMIN#2021', '49.204.140.103', '2022-02-16 12:05:01', 1, '2022-02-15 18:35:01', '0000-00-00 00:00:00'),
(1497, 104, 3, 'CON', '123', '49.204.140.103', '2022-02-16 12:06:17', 1, '2022-02-15 18:36:17', '0000-00-00 00:00:00'),
(1498, 105, 2, 'DOCTOR', 'DOCTOR', '49.204.140.103', '2022-02-16 12:06:54', 1, '2022-02-15 18:36:54', '0000-00-00 00:00:00'),
(1499, 1, 1, 'ADMIN', 'ADMIN#2021', '49.204.140.103', '2022-02-16 12:07:18', 1, '2022-02-15 18:37:18', '0000-00-00 00:00:00'),
(1500, 105, 2, 'DOCTOR', 'DOCTOR', '49.204.140.103', '2022-02-16 12:07:50', 1, '2022-02-15 18:37:50', '0000-00-00 00:00:00'),
(1501, 107, 3, 'opto', '123', '49.204.140.103', '2022-02-16 12:08:14', 1, '2022-02-15 18:38:14', '0000-00-00 00:00:00'),
(1502, 1, 1, 'admin', 'admin#2021', '49.204.140.103', '2022-02-16 12:09:23', 1, '2022-02-15 18:39:23', '0000-00-00 00:00:00'),
(1503, 104, 3, 'CON', '123', '49.204.140.103', '2022-02-16 12:10:28', 1, '2022-02-15 18:40:29', '0000-00-00 00:00:00'),
(1504, 104, 3, 'con', '123', '157.49.254.209', '2022-02-17 08:48:49', 1, '2022-02-17 15:18:49', '0000-00-00 00:00:00'),
(1505, 1, 1, 'Admin', 'admin#2021', '157.49.254.209', '2022-02-17 08:48:58', 1, '2022-02-17 15:18:58', '0000-00-00 00:00:00'),
(1506, 105, 2, 'doctor', '123', '157.49.254.209', '2022-02-17 08:49:24', 1, '2022-02-17 15:19:24', '0000-00-00 00:00:00'),
(1507, 1, 1, 'Admin', 'admin#2021', '157.49.254.209', '2022-02-17 08:50:43', 1, '2022-02-17 15:20:43', '0000-00-00 00:00:00'),
(1508, 104, 3, 'con', '123', '157.49.254.209', '2022-02-17 08:51:11', 1, '2022-02-17 15:21:11', '0000-00-00 00:00:00'),
(1509, 105, 2, 'doctor', '123', '157.49.254.209', '2022-02-17 08:52:00', 1, '2022-02-17 15:22:00', '0000-00-00 00:00:00'),
(1510, 1, 1, 'admin', 'admin#2021', '157.49.254.209', '2022-02-17 10:04:19', 1, '2022-02-17 16:34:19', '0000-00-00 00:00:00'),
(1511, 1, 1, 'Admin', 'admin#2021', '157.49.254.209', '2022-02-17 10:08:38', 1, '2022-02-17 16:38:38', '0000-00-00 00:00:00'),
(1512, 1, 1, 'Admin', 'admin#2021', '157.46.106.98', '2022-02-18 11:04:49', 1, '2022-02-18 17:34:49', '0000-00-00 00:00:00'),
(1513, 104, 3, 'con', '123', '157.46.106.98', '2022-02-18 11:05:23', 1, '2022-02-18 17:35:23', '0000-00-00 00:00:00'),
(1514, 105, 2, 'doctor', '123', '157.46.106.98', '2022-02-18 11:07:07', 1, '2022-02-18 17:37:07', '0000-00-00 00:00:00'),
(1515, 105, 2, 'doctor', '123', '157.46.98.191', '2022-02-19 09:48:00', 1, '2022-02-19 04:18:00', '0000-00-00 00:00:00'),
(1516, 1, 1, 'admin', 'admin#2021', '157.46.98.191', '2022-02-19 10:16:44', 1, '2022-02-19 04:46:44', '0000-00-00 00:00:00'),
(1517, 1, 1, 'admin', 'admin#2021', '157.46.98.191', '2022-02-19 12:49:12', 1, '2022-02-19 07:19:12', '0000-00-00 00:00:00'),
(1518, 1, 1, 'ADMIN', 'ADMIN#2021', '49.204.142.187', '2022-02-19 09:12:04', 1, '2022-02-19 15:42:04', '0000-00-00 00:00:00'),
(1519, 104, 3, 'con', '123', '49.204.142.187', '2022-02-19 09:14:21', 1, '2022-02-19 15:44:21', '0000-00-00 00:00:00'),
(1520, 104, 3, 'con', '123', '49.204.142.187', '2022-02-19 09:19:46', 1, '2022-02-19 15:49:46', '0000-00-00 00:00:00'),
(1521, 1, 1, 'ADMIN', 'ADMIN#2021', '49.204.142.187', '2022-02-19 09:22:27', 1, '2022-02-19 15:52:27', '0000-00-00 00:00:00'),
(1522, 105, 2, 'DOCTOR', '123', '49.204.142.187', '2022-02-19 09:22:56', 1, '2022-02-19 15:52:56', '0000-00-00 00:00:00'),
(1523, 105, 2, 'doctor', '123', '49.204.142.187', '2022-02-19 09:38:09', 1, '2022-02-19 16:08:09', '0000-00-00 00:00:00'),
(1524, 1, 1, 'admin', 'admin#2021', '157.49.69.39', '2022-02-25 08:13:31', 1, '2022-02-25 14:43:31', '0000-00-00 00:00:00'),
(1525, 1, 1, 'admin', 'admin#2021', '157.49.225.130', '2022-03-03 09:39:03', 1, '2022-03-03 16:09:03', '0000-00-00 00:00:00'),
(1526, 1, 1, 'admin', 'admin#2021', '157.49.225.130', '2022-03-03 09:43:56', 1, '2022-03-03 16:13:56', '0000-00-00 00:00:00'),
(1527, 104, 3, 'con', '123', '157.49.225.130', '2022-03-03 09:46:45', 1, '2022-03-03 16:16:45', '0000-00-00 00:00:00'),
(1528, 105, 2, 'doctor', '123', '157.49.225.130', '2022-03-03 09:48:36', 1, '2022-03-03 16:18:36', '0000-00-00 00:00:00'),
(1529, 1, 1, 'admin', 'admin#2021', '157.49.76.75', '2022-03-04 09:25:56', 1, '2022-03-04 15:55:56', '0000-00-00 00:00:00'),
(1530, 1, 1, 'admin', 'admin#2021', '106.208.37.74', '2022-03-05 09:35:29', 1, '2022-03-05 16:05:29', '0000-00-00 00:00:00'),
(1531, 1, 1, 'admin', 'admin#2021', '157.46.114.214', '2022-03-05 10:59:03', 1, '2022-03-05 17:29:03', '0000-00-00 00:00:00'),
(1532, 1, 1, 'admin', 'admin#2021', '157.49.204.218', '2022-03-06 06:25:56', 1, '2022-03-06 12:55:56', '0000-00-00 00:00:00'),
(1533, 109, 8, 'lab', '123', '157.49.204.218', '2022-03-06 06:28:33', 1, '2022-03-06 12:58:33', '0000-00-00 00:00:00'),
(1534, 1, 1, 'admin', 'admin#2021', '157.49.204.218', '2022-03-06 07:36:18', 1, '2022-03-06 14:06:18', '0000-00-00 00:00:00'),
(1535, 104, 3, 'con', '123', '157.49.204.218', '2022-03-06 07:36:53', 1, '2022-03-06 14:06:53', '0000-00-00 00:00:00'),
(1536, 105, 2, 'doctor', '123', '157.49.204.218', '2022-03-06 07:38:15', 1, '2022-03-06 14:08:15', '0000-00-00 00:00:00'),
(1537, 109, 8, 'lab', '123', '157.49.204.218', '2022-03-06 07:40:28', 1, '2022-03-06 14:10:28', '0000-00-00 00:00:00'),
(1538, 105, 2, 'doctor', '123', '157.49.204.218', '2022-03-06 08:19:11', 1, '2022-03-06 14:49:11', '0000-00-00 00:00:00'),
(1539, 109, 8, 'lab', '123', '157.49.204.218', '2022-03-06 08:21:28', 1, '2022-03-06 14:51:28', '0000-00-00 00:00:00'),
(1540, 1, 1, 'Admin', 'admin#2021', '157.49.204.218', '2022-03-06 09:01:16', 1, '2022-03-06 15:31:16', '0000-00-00 00:00:00'),
(1541, 109, 8, 'lab', '123', '157.49.204.218', '2022-03-06 09:28:52', 1, '2022-03-06 15:58:52', '0000-00-00 00:00:00'),
(1542, 108, 6, 'coun', '123', '157.49.204.218', '2022-03-06 09:35:20', 1, '2022-03-06 16:05:20', '0000-00-00 00:00:00'),
(1543, 109, 8, 'lab', '123', '157.49.204.218', '2022-03-06 09:38:12', 1, '2022-03-06 16:08:12', '0000-00-00 00:00:00'),
(1544, 1, 1, 'admin', 'admin#2021', '49.205.86.72', '2022-03-07 08:37:54', 1, '2022-03-07 15:07:54', '0000-00-00 00:00:00'),
(1545, 105, 2, 'DOCTOR', '123', '49.205.86.72', '2022-03-07 08:38:54', 1, '2022-03-07 15:08:54', '0000-00-00 00:00:00'),
(1546, 104, 3, 'CON', '123', '49.205.86.72', '2022-03-07 08:39:18', 1, '2022-03-07 15:09:18', '0000-00-00 00:00:00'),
(1547, 1, 1, 'ADMIN', 'ADMIN#2021', '49.205.86.72', '2022-03-07 08:40:24', 1, '2022-03-07 15:10:24', '0000-00-00 00:00:00'),
(1548, 104, 3, 'CON', '123', '49.205.86.72', '2022-03-07 08:41:17', 1, '2022-03-07 15:11:17', '0000-00-00 00:00:00'),
(1549, 1, 1, 'ADMIN', 'ADMIN#2021', '49.205.86.72', '2022-03-07 08:51:22', 1, '2022-03-07 15:21:22', '0000-00-00 00:00:00'),
(1550, 1, 1, 'admin', 'admin#2021', '157.46.126.9', '2022-03-07 08:56:42', 1, '2022-03-07 15:26:42', '0000-00-00 00:00:00'),
(1551, 104, 3, 'con', '123', '157.46.126.9', '2022-03-07 09:12:21', 1, '2022-03-07 15:42:21', '0000-00-00 00:00:00'),
(1552, 1, 1, 'Admin', 'admin#2021', '157.46.126.9', '2022-03-07 09:15:37', 1, '2022-03-07 15:45:37', '0000-00-00 00:00:00'),
(1553, 104, 3, 'con', '123', '157.46.126.9', '2022-03-07 09:18:25', 1, '2022-03-07 15:48:25', '0000-00-00 00:00:00'),
(1554, 1, 1, 'admin', 'admin#2021', '157.46.126.9', '2022-03-07 09:24:45', 1, '2022-03-07 15:54:45', '0000-00-00 00:00:00'),
(1555, 104, 3, 'con', '123', '157.46.126.9', '2022-03-07 09:28:41', 1, '2022-03-07 15:58:41', '0000-00-00 00:00:00'),
(1556, 1, 1, 'Admin', 'admin#2021', '157.46.126.9', '2022-03-07 09:34:58', 1, '2022-03-07 16:04:58', '0000-00-00 00:00:00'),
(1557, 104, 3, 'con', '123', '157.46.126.9', '2022-03-07 09:36:04', 1, '2022-03-07 16:06:04', '0000-00-00 00:00:00'),
(1558, 1, 1, 'admin', 'admin#2021', '157.46.126.9', '2022-03-07 09:36:44', 1, '2022-03-07 16:06:44', '0000-00-00 00:00:00'),
(1559, 104, 3, 'con', '123', '157.46.126.9', '2022-03-07 09:56:13', 1, '2022-03-07 16:26:13', '0000-00-00 00:00:00'),
(1560, 1, 1, 'Admin', 'admin#2021', '157.46.126.9', '2022-03-07 09:59:00', 1, '2022-03-07 16:29:00', '0000-00-00 00:00:00'),
(1561, 104, 3, 'con', '123', '157.46.126.9', '2022-03-07 10:05:28', 1, '2022-03-07 16:35:28', '0000-00-00 00:00:00'),
(1562, 1, 1, 'admin', 'admin#2021', '157.46.126.9', '2022-03-07 10:06:37', 1, '2022-03-07 16:36:37', '0000-00-00 00:00:00'),
(1563, 1, 1, 'admin', 'admin#2021', '157.46.126.9', '2022-03-07 10:08:59', 1, '2022-03-07 16:38:59', '0000-00-00 00:00:00'),
(1564, 104, 3, 'con', '123', '157.46.126.9', '2022-03-07 10:09:14', 1, '2022-03-07 16:39:14', '0000-00-00 00:00:00'),
(1565, 1, 1, 'admin', 'admin#2021', '157.46.126.9', '2022-03-07 10:24:30', 1, '2022-03-07 16:54:30', '0000-00-00 00:00:00'),
(1566, 1, 1, 'admin', 'admin#2021', '183.82.205.67', '2022-03-08 12:21:51', 1, '2022-03-08 06:51:51', '0000-00-00 00:00:00'),
(1567, 107, 3, 'OPTO', '123', '183.82.205.67', '2022-03-08 12:29:40', 1, '2022-03-08 06:59:40', '0000-00-00 00:00:00'),
(1568, 105, 2, 'DOCTOR', '123', '183.82.205.67', '2022-03-08 12:35:40', 1, '2022-03-08 07:05:40', '0000-00-00 00:00:00'),
(1569, 108, 6, 'COUN', '123', '183.82.205.67', '2022-03-08 12:42:53', 1, '2022-03-08 07:12:53', '0000-00-00 00:00:00'),
(1570, 1, 1, 'admin', 'admin#2021', '157.49.92.231', '2022-03-08 11:02:14', 1, '2022-03-08 17:32:14', '0000-00-00 00:00:00'),
(1571, 108, 6, 'COUN', '123', '183.82.26.179', '2022-03-09 10:49:32', 1, '2022-03-09 05:19:32', '0000-00-00 00:00:00'),
(1572, 1, 1, 'ADMIN', 'ADMIN#2021', '183.82.26.179', '2022-03-09 12:46:29', 1, '2022-03-09 07:16:29', '0000-00-00 00:00:00'),
(1573, 1, 1, 'ADMIN', 'ADMIN#2021', '49.204.117.166', '2022-03-09 08:51:15', 1, '2022-03-09 15:21:15', '0000-00-00 00:00:00'),
(1574, 1, 1, 'admin', 'admin#2021', '157.49.241.91', '2022-03-09 09:26:02', 1, '2022-03-09 15:56:02', '0000-00-00 00:00:00'),
(1575, 105, 2, 'doctor', '123', '157.49.241.91', '2022-03-09 09:46:51', 1, '2022-03-09 16:16:51', '0000-00-00 00:00:00'),
(1576, 1, 1, 'ADMIN', 'ADMIN#2021', '183.82.26.179', '2022-03-10 12:05:51', 1, '2022-03-10 06:35:51', '0000-00-00 00:00:00'),
(1577, 104, 3, 'CON', '123', '183.82.26.179', '2022-03-10 12:21:47', 1, '2022-03-10 06:51:47', '0000-00-00 00:00:00'),
(1578, 105, 2, 'DOCTOR', '123', '183.82.26.179', '2022-03-10 12:24:03', 1, '2022-03-10 06:54:03', '0000-00-00 00:00:00'),
(1579, 1, 1, 'ADMIN', 'ADMIN#2021', '183.82.26.179', '2022-03-10 12:27:23', 1, '2022-03-10 06:57:23', '0000-00-00 00:00:00'),
(1580, 1, 1, 'ADMIN', 'ADMIN#2021', '183.82.26.179', '2022-03-11 09:25:02', 1, '2022-03-11 03:55:02', '0000-00-00 00:00:00'),
(1581, 105, 2, 'DOCTOR', '123', '183.82.26.179', '2022-03-11 09:25:22', 1, '2022-03-11 03:55:22', '0000-00-00 00:00:00'),
(1582, 1, 1, 'admin', 'admin#2021', '157.49.73.248', '2022-03-11 09:51:34', 1, '2022-03-11 16:21:34', '0000-00-00 00:00:00'),
(1583, 1, 1, 'admin', 'admin#2021', '157.49.73.248', '2022-03-11 10:31:24', 1, '2022-03-11 17:01:24', '0000-00-00 00:00:00'),
(1584, 1, 1, 'admin', 'admin#2021', '157.49.84.16', '2022-03-12 09:31:54', 1, '2022-03-12 04:01:54', '0000-00-00 00:00:00'),
(1585, 105, 2, 'DOCTOR', '123', '183.82.24.153', '2022-03-12 09:56:59', 1, '2022-03-12 04:26:59', '0000-00-00 00:00:00'),
(1586, 1, 1, 'admin', 'admin#2021', '183.82.24.153', '2022-03-12 10:00:03', 1, '2022-03-12 04:30:03', '0000-00-00 00:00:00'),
(1587, 104, 3, 'CON', '123', '183.82.24.153', '2022-03-12 10:01:00', 1, '2022-03-12 04:31:00', '0000-00-00 00:00:00'),
(1588, 105, 2, 'DOCTOR', '123', '183.82.24.153', '2022-03-12 10:17:48', 1, '2022-03-12 04:47:48', '0000-00-00 00:00:00'),
(1589, 1, 1, 'ADMIN', 'ADMIN#2021', '183.82.24.153', '2022-03-12 10:30:50', 1, '2022-03-12 05:00:50', '0000-00-00 00:00:00'),
(1590, 108, 6, 'coun', '123', '183.82.24.153', '2022-03-12 10:32:49', 1, '2022-03-12 05:02:49', '0000-00-00 00:00:00'),
(1591, 1, 1, 'admin', 'admin#2021', '183.82.24.153', '2022-03-12 10:37:29', 1, '2022-03-12 05:07:29', '0000-00-00 00:00:00'),
(1592, 1, 1, 'admin', 'admin#2021', '183.82.24.153', '2022-03-12 10:38:22', 1, '2022-03-12 05:08:22', '0000-00-00 00:00:00'),
(1593, 105, 2, 'DOCTOR', '123', '183.82.24.153', '2022-03-12 10:39:32', 1, '2022-03-12 05:09:32', '0000-00-00 00:00:00'),
(1594, 1, 1, 'ADMIN', 'ADMIN#2021', '183.82.24.153', '2022-03-12 10:40:48', 1, '2022-03-12 05:10:48', '0000-00-00 00:00:00'),
(1595, 105, 2, 'DOCTOR', '123', '183.82.24.153', '2022-03-12 10:41:32', 1, '2022-03-12 05:11:32', '0000-00-00 00:00:00'),
(1596, 1, 1, 'ADMIN', 'ADMIN#2021', '183.82.24.153', '2022-03-12 10:42:16', 1, '2022-03-12 05:12:16', '0000-00-00 00:00:00'),
(1597, 105, 2, 'DOCTOR', '123', '183.82.24.153', '2022-03-12 10:42:54', 1, '2022-03-12 05:12:54', '0000-00-00 00:00:00'),
(1598, 1, 1, 'ADMIN', 'ADMIN#2021', '183.82.24.153', '2022-03-12 10:49:05', 1, '2022-03-12 05:19:05', '0000-00-00 00:00:00'),
(1599, 1, 1, 'admin', 'admin#2021', '157.49.84.16', '2022-03-12 11:50:19', 1, '2022-03-12 06:20:19', '0000-00-00 00:00:00'),
(1600, 105, 2, 'doctor', '123', '157.49.84.16', '2022-03-12 01:30:31', 1, '2022-03-12 08:00:31', '0000-00-00 00:00:00'),
(1601, 105, 2, 'doctor', '123', '157.49.84.16', '2022-03-12 06:49:02', 1, '2022-03-12 13:19:02', '0000-00-00 00:00:00'),
(1602, 105, 2, 'doctor', '123', '157.49.90.152', '2022-03-13 07:20:45', 1, '2022-03-13 13:50:45', '0000-00-00 00:00:00'),
(1603, 1, 1, 'Admin', 'admin#2021', '157.49.90.152', '2022-03-13 07:20:54', 1, '2022-03-13 13:50:54', '0000-00-00 00:00:00'),
(1604, 104, 3, 'con', '123', '157.49.90.152', '2022-03-13 07:21:29', 1, '2022-03-13 13:51:29', '0000-00-00 00:00:00'),
(1605, 1, 1, 'ADMIN', 'ADMIN#2021', '183.82.28.31', '2022-03-14 03:31:30', 1, '2022-03-14 10:01:30', '0000-00-00 00:00:00'),
(1606, 1, 1, 'ADMIN', 'ADMIN#2021', '183.82.28.31', '2022-03-14 03:34:21', 1, '2022-03-14 10:04:21', '0000-00-00 00:00:00'),
(1607, 104, 3, 'CON', '123', '183.82.28.31', '2022-03-14 03:35:30', 1, '2022-03-14 10:05:30', '0000-00-00 00:00:00'),
(1608, 105, 2, 'DOCTOR', '123', '183.82.28.31', '2022-03-14 04:05:34', 1, '2022-03-14 10:35:34', '0000-00-00 00:00:00'),
(1609, 104, 3, 'con', '123', '157.49.68.123', '2022-03-14 09:09:39', 1, '2022-03-14 15:39:39', '0000-00-00 00:00:00'),
(1610, 105, 2, 'doctor', '123', '157.49.68.123', '2022-03-14 09:10:37', 1, '2022-03-14 15:40:37', '0000-00-00 00:00:00'),
(1611, 108, 6, 'coun', '123', '157.49.68.123', '2022-03-14 09:19:35', 1, '2022-03-14 15:49:35', '0000-00-00 00:00:00'),
(1612, 105, 2, 'doctor', '123', '49.204.129.45', '2022-03-14 10:00:48', 1, '2022-03-14 16:30:48', '0000-00-00 00:00:00'),
(1613, 1, 1, 'admin', 'admin#2021', '157.49.238.23', '2022-03-14 10:01:43', 1, '2022-03-14 16:31:43', '0000-00-00 00:00:00'),
(1614, 105, 2, 'doctor', '123', '49.204.129.45', '2022-03-14 10:03:45', 1, '2022-03-14 16:33:45', '0000-00-00 00:00:00'),
(1615, 1, 1, 'admin', 'admin#2021', '157.49.238.23', '2022-03-14 10:50:51', 1, '2022-03-14 17:20:51', '0000-00-00 00:00:00'),
(1616, 104, 3, 'con', '123', '157.49.238.23', '2022-03-14 10:51:30', 1, '2022-03-14 17:21:30', '0000-00-00 00:00:00'),
(1617, 108, 6, 'coun', '123', '157.49.238.23', '2022-03-14 10:54:57', 1, '2022-03-14 17:24:57', '0000-00-00 00:00:00'),
(1618, 108, 6, 'coun', '123', '157.49.238.23', '2022-03-14 10:56:02', 1, '2022-03-14 17:26:02', '0000-00-00 00:00:00'),
(1619, 105, 2, 'doctor', '123', '157.49.238.23', '2022-03-14 10:57:28', 1, '2022-03-14 17:27:28', '0000-00-00 00:00:00'),
(1620, 108, 6, 'coun', '123', '157.49.238.23', '2022-03-14 10:58:21', 1, '2022-03-14 17:28:21', '0000-00-00 00:00:00'),
(1621, 1, 1, 'Admin', 'admin#2021', '157.49.238.23', '2022-03-14 11:40:54', 1, '2022-03-14 18:10:54', '0000-00-00 00:00:00'),
(1622, 1, 1, 'ADMIN', 'ADMIN#2021', '183.82.28.31', '2022-03-15 08:36:11', 1, '2022-03-15 03:06:11', '0000-00-00 00:00:00'),
(1623, 104, 3, 'CON', '123', '183.82.28.31', '2022-03-15 08:40:23', 1, '2022-03-15 03:10:23', '0000-00-00 00:00:00'),
(1624, 105, 2, 'DOCTOR', '123', '183.82.28.31', '2022-03-15 08:45:21', 1, '2022-03-15 03:15:21', '0000-00-00 00:00:00'),
(1625, 105, 2, 'DOCTOR', '123', '183.82.28.31', '2022-03-15 12:10:28', 1, '2022-03-15 06:40:28', '0000-00-00 00:00:00'),
(1626, 1, 1, 'ADMIN', 'ADMIN#2021', '183.82.28.31', '2022-03-15 12:10:40', 1, '2022-03-15 06:40:40', '0000-00-00 00:00:00'),
(1627, 1, 1, 'Admin', 'admin#2021', '157.49.80.219', '2022-03-15 09:36:20', 1, '2022-03-15 16:06:20', '0000-00-00 00:00:00'),
(1628, 1, 1, 'Admin', 'admin#2021', '157.49.80.219', '2022-03-15 09:52:57', 1, '2022-03-15 16:22:57', '0000-00-00 00:00:00'),
(1629, 1, 1, 'ADMIN', 'ADMIN#2021', '183.82.206.54', '2022-03-16 12:40:08', 1, '2022-03-16 07:10:08', '0000-00-00 00:00:00'),
(1630, 1, 1, 'ADMIN', 'ADMIN#2021', '183.82.206.54', '2022-03-16 12:41:14', 1, '2022-03-16 07:11:14', '0000-00-00 00:00:00'),
(1631, 1, 1, 'ADMIN', 'ADMIN#2021', '183.82.206.54', '2022-03-16 03:11:02', 1, '2022-03-16 09:41:02', '0000-00-00 00:00:00'),
(1632, 1, 1, 'ADMIN', 'ADMIN#2021', '183.82.206.54', '2022-03-16 03:18:35', 1, '2022-03-16 09:48:35', '0000-00-00 00:00:00'),
(1633, 105, 2, 'DOCTOR', '123', '183.82.206.54', '2022-03-16 03:18:45', 1, '2022-03-16 09:48:45', '0000-00-00 00:00:00'),
(1634, 106, 4, 'reception', '123', '183.82.206.54', '2022-03-16 03:21:18', 1, '2022-03-16 09:51:18', '0000-00-00 00:00:00'),
(1635, 106, 4, 'reception', '123', '183.82.206.54', '2022-03-16 03:26:49', 1, '2022-03-16 09:56:49', '0000-00-00 00:00:00'),
(1636, 1, 1, 'Admin', 'admin#2021', '157.49.239.189', '2022-03-16 10:34:06', 1, '2022-03-16 17:04:06', '0000-00-00 00:00:00'),
(1637, 106, 4, 'reception', '123', '183.82.207.230', '2022-03-17 12:38:43', 1, '2022-03-17 07:08:43', '0000-00-00 00:00:00'),
(1638, 106, 4, 'reception', '123', '183.82.206.89', '2022-03-17 04:35:08', 1, '2022-03-17 11:05:08', '0000-00-00 00:00:00'),
(1639, 106, 4, 'reception', '123', '183.82.206.89', '2022-03-17 04:55:06', 1, '2022-03-17 11:25:06', '0000-00-00 00:00:00'),
(1640, 104, 3, 'CON', '123', '183.82.206.89', '2022-03-17 04:56:11', 1, '2022-03-17 11:26:11', '0000-00-00 00:00:00');
INSERT INTO `user_log_book` (`log_id`, `user_id`, `usertype`, `username`, `password`, `ipaddress`, `logintime`, `office_id`, `created_date`, `updated_time`) VALUES
(1641, 1, 1, 'Admin', 'admin#2021', '157.46.87.62', '2022-03-17 10:07:35', 1, '2022-03-17 16:37:35', '0000-00-00 00:00:00'),
(1642, 1, 1, 'Admin', 'admin#2021', '157.46.78.16', '2022-03-18 09:08:23', 1, '2022-03-18 15:38:23', '0000-00-00 00:00:00'),
(1643, 1, 1, 'admin', 'admin#2021', '49.205.85.103', '2022-03-18 09:35:22', 1, '2022-03-18 16:05:22', '0000-00-00 00:00:00'),
(1644, 104, 3, 'con', '123', '49.205.85.103', '2022-03-18 09:54:23', 1, '2022-03-18 16:24:23', '0000-00-00 00:00:00'),
(1645, 105, 2, 'DOCTOR', '123', '49.205.85.103', '2022-03-18 10:01:35', 1, '2022-03-18 16:31:35', '0000-00-00 00:00:00'),
(1646, 108, 6, 'coun', '123', '49.205.85.103', '2022-03-18 10:05:16', 1, '2022-03-18 16:35:16', '0000-00-00 00:00:00'),
(1647, 105, 2, 'doctor', '123', '183.82.28.57', '2022-03-20 10:42:48', 1, '2022-03-20 05:12:48', '0000-00-00 00:00:00'),
(1648, 105, 2, 'doctor', '123', '183.82.28.57', '2022-03-20 10:43:35', 1, '2022-03-20 05:13:35', '0000-00-00 00:00:00'),
(1649, 1, 1, 'ADMIN', 'ADMIN#2021', '49.204.143.7', '2022-03-20 09:07:13', 1, '2022-03-20 15:37:13', '0000-00-00 00:00:00'),
(1650, 1, 1, 'ADMIN', 'ADMIN#2021', '49.204.143.7', '2022-03-20 09:08:28', 1, '2022-03-20 15:38:28', '0000-00-00 00:00:00'),
(1651, 104, 3, 'CON', '123', '49.204.143.7', '2022-03-20 09:08:48', 1, '2022-03-20 15:38:48', '0000-00-00 00:00:00'),
(1652, 105, 2, 'DOCTOR', '123', '49.204.143.7', '2022-03-20 09:11:14', 1, '2022-03-20 15:41:14', '0000-00-00 00:00:00'),
(1653, 105, 2, 'doctor', '123', '183.82.179.119', '2022-03-21 09:35:11', 1, '2022-03-21 04:05:11', '0000-00-00 00:00:00'),
(1654, 105, 2, 'doctor', '123', '183.82.179.119', '2022-03-21 02:51:17', 1, '2022-03-21 09:21:17', '0000-00-00 00:00:00'),
(1655, 108, 6, 'COUN', '123', '183.82.205.220', '2022-03-22 03:35:26', 1, '2022-03-22 10:05:26', '0000-00-00 00:00:00'),
(1656, 1, 1, 'admin', 'admin#2021', '183.82.205.46', '2022-03-23 07:16:16', 1, '2022-03-23 13:46:16', '0000-00-00 00:00:00'),
(1657, 1, 1, 'admin', 'admin#2021', '183.82.205.46', '2022-03-23 07:17:29', 1, '2022-03-23 13:47:29', '0000-00-00 00:00:00'),
(1658, 1, 1, 'Admin', 'admin#2021', '157.46.97.56', '2022-03-27 08:06:46', 1, '2022-03-27 14:36:46', '0000-00-00 00:00:00'),
(1659, 105, 2, 'doctor', '123', '157.46.97.56', '2022-03-27 08:10:17', 1, '2022-03-27 14:40:17', '0000-00-00 00:00:00'),
(1660, 104, 3, 'con', '123', '157.46.97.56', '2022-03-27 08:10:28', 1, '2022-03-27 14:40:28', '0000-00-00 00:00:00'),
(1661, 1, 1, 'admin', 'admin#2021', '157.46.97.56', '2022-03-27 08:22:47', 1, '2022-03-27 14:52:47', '0000-00-00 00:00:00'),
(1662, 1, 1, 'ADMIN', 'ADMIN#2021', '183.82.27.136', '2022-03-28 12:08:01', 1, '2022-03-28 06:38:01', '0000-00-00 00:00:00'),
(1663, 1, 1, 'ADMIN', 'ADMIN#2021', '183.82.27.136', '2022-03-28 12:12:48', 1, '2022-03-28 06:42:48', '0000-00-00 00:00:00'),
(1664, 1, 1, 'ADMIN', 'ADMIN#2021', '183.82.27.136', '2022-03-28 12:49:45', 1, '2022-03-28 07:19:45', '0000-00-00 00:00:00'),
(1665, 104, 3, 'CON', '123', '183.82.27.136', '2022-03-28 12:59:35', 1, '2022-03-28 07:29:35', '0000-00-00 00:00:00'),
(1666, 1, 1, 'ADMIN', 'ADMIN#2021', '183.82.27.136', '2022-03-28 01:00:06', 1, '2022-03-28 07:30:06', '0000-00-00 00:00:00'),
(1667, 104, 3, 'CON', '123', '183.82.27.136', '2022-03-28 01:02:44', 1, '2022-03-28 07:32:44', '0000-00-00 00:00:00'),
(1668, 104, 3, 'CON', '123', '183.82.27.136', '2022-03-28 02:46:56', 1, '2022-03-28 09:16:56', '0000-00-00 00:00:00'),
(1669, 104, 3, 'con', '123', '157.49.230.20', '2022-03-28 08:03:36', 1, '2022-03-28 14:33:36', '0000-00-00 00:00:00'),
(1670, 104, 3, 'con', '123', '157.49.230.20', '2022-03-28 08:17:21', 1, '2022-03-28 14:47:21', '0000-00-00 00:00:00'),
(1671, 1, 1, 'Admin', 'admin#2021', '157.49.230.20', '2022-03-28 09:13:04', 1, '2022-03-28 15:43:04', '0000-00-00 00:00:00'),
(1672, 1, 1, 'Admin', 'admin#2021', '157.49.230.20', '2022-03-28 09:53:00', 1, '2022-03-28 16:23:00', '0000-00-00 00:00:00'),
(1673, 1, 1, 'Admin', 'admin#2021', '157.49.230.20', '2022-03-28 10:07:40', 1, '2022-03-28 16:37:40', '0000-00-00 00:00:00'),
(1674, 1, 1, 'Admin', 'admin#2021', '157.49.231.102', '2022-03-29 08:29:18', 1, '2022-03-29 14:59:18', '0000-00-00 00:00:00'),
(1675, 104, 3, 'con', '123', '157.49.231.102', '2022-03-29 08:37:36', 1, '2022-03-29 15:07:36', '0000-00-00 00:00:00'),
(1676, 1, 1, 'admin', 'admin#2021', '157.49.231.102', '2022-03-29 08:48:34', 1, '2022-03-29 15:18:34', '0000-00-00 00:00:00'),
(1677, 1, 1, 'ADMIN', 'ADMIN#2021', '183.82.204.38', '2022-03-30 02:23:02', 1, '2022-03-30 08:53:02', '0000-00-00 00:00:00'),
(1678, 104, 3, 'CON', '123', '183.82.204.38', '2022-03-30 02:53:32', 1, '2022-03-30 09:23:32', '0000-00-00 00:00:00'),
(1679, 104, 3, 'CON', '123', '183.82.204.38', '2022-03-30 02:58:07', 1, '2022-03-30 09:28:07', '0000-00-00 00:00:00'),
(1680, 1, 1, 'ADMIN', 'ADMIN#2021', '183.82.204.38', '2022-03-30 02:58:16', 1, '2022-03-30 09:28:16', '0000-00-00 00:00:00'),
(1681, 104, 3, 'CON', '123', '183.82.204.38', '2022-03-30 03:00:13', 1, '2022-03-30 09:30:13', '0000-00-00 00:00:00'),
(1682, 105, 2, 'DOCTOR', '123', '183.82.204.38', '2022-03-30 03:49:29', 1, '2022-03-30 10:19:29', '0000-00-00 00:00:00'),
(1683, 1, 1, 'admin', 'admin#2021', '157.46.71.54', '2022-03-30 08:38:40', 1, '2022-03-30 15:08:40', '0000-00-00 00:00:00'),
(1684, 104, 3, 'con', '123', '157.46.71.54', '2022-03-30 08:38:50', 1, '2022-03-30 15:08:50', '0000-00-00 00:00:00'),
(1685, 105, 2, 'DOCTOR', '123', '49.204.143.40', '2022-03-30 08:50:10', 1, '2022-03-30 15:20:10', '0000-00-00 00:00:00'),
(1686, 105, 2, 'DOCTOR', '123', '49.204.143.40', '2022-03-30 10:10:54', 1, '2022-03-30 16:40:54', '0000-00-00 00:00:00'),
(1687, 105, 2, 'DOCTOR', '123', '49.204.143.40', '2022-03-30 10:19:12', 1, '2022-03-30 16:49:12', '0000-00-00 00:00:00'),
(1688, 1, 1, 'ADMIN', 'ADMIN#2021', '49.204.143.40', '2022-03-30 10:22:04', 1, '2022-03-30 16:52:04', '0000-00-00 00:00:00'),
(1689, 105, 2, 'DOCTOR', '123', '49.204.143.40', '2022-03-30 10:25:29', 1, '2022-03-30 16:55:29', '0000-00-00 00:00:00'),
(1690, 1, 1, 'ADMIN', 'ADMIN#2021', '183.82.204.38', '2022-03-31 10:08:32', 1, '2022-03-31 04:38:32', '0000-00-00 00:00:00'),
(1691, 1, 1, 'ADMIN', 'ADMIN#2021', '183.82.204.38', '2022-03-31 10:09:36', 1, '2022-03-31 04:39:36', '0000-00-00 00:00:00'),
(1692, 104, 3, 'CON', '123', '183.82.204.38', '2022-03-31 10:10:15', 1, '2022-03-31 04:40:15', '0000-00-00 00:00:00'),
(1693, 1, 1, 'admin', 'admin#2021', '183.82.204.38', '2022-03-31 12:00:46', 1, '2022-03-31 06:30:46', '0000-00-00 00:00:00'),
(1694, 104, 3, 'con', '123', '157.46.88.57', '2022-04-01 08:19:55', 1, '2022-04-01 14:49:55', '0000-00-00 00:00:00'),
(1695, 1, 1, 'admin', 'admin#2021', '49.205.80.15', '2022-04-01 09:40:16', 1, '2022-04-01 16:10:16', '0000-00-00 00:00:00'),
(1696, 104, 3, 'CON', '123', '49.205.80.15', '2022-04-01 09:46:14', 1, '2022-04-01 16:16:14', '0000-00-00 00:00:00'),
(1697, 105, 2, 'DOCTOR', '123', '49.205.80.15', '2022-04-01 10:26:43', 1, '2022-04-01 16:56:43', '0000-00-00 00:00:00'),
(1698, 108, 6, 'coun', '123', '49.205.80.15', '2022-04-01 10:28:00', 1, '2022-04-01 16:58:00', '0000-00-00 00:00:00'),
(1699, 106, 4, 'reception', '123', '49.205.80.15', '2022-04-01 10:32:55', 1, '2022-04-01 17:02:55', '0000-00-00 00:00:00'),
(1700, 1, 1, 'ADMIN', 'ADMIN#2021', '49.205.80.15', '2022-04-01 10:44:46', 1, '2022-04-01 17:14:46', '0000-00-00 00:00:00'),
(1701, 105, 2, 'DOCTOR', '123', '49.205.80.15', '2022-04-01 10:45:01', 1, '2022-04-01 17:15:01', '0000-00-00 00:00:00'),
(1702, 1, 1, 'ADMIN', 'ADMIN#2021', '183.82.28.69', '2022-04-02 04:19:18', 1, '2022-04-02 10:49:18', '0000-00-00 00:00:00'),
(1703, 104, 3, 'CON', '123', '183.82.28.69', '2022-04-02 04:20:44', 1, '2022-04-02 10:50:44', '0000-00-00 00:00:00'),
(1704, 1, 1, 'admin', 'admin#2021', '157.49.245.145', '2022-04-02 10:06:45', 1, '2022-04-02 16:36:45', '0000-00-00 00:00:00'),
(1705, 1, 1, 'admin', 'admin#2021', '157.49.232.21', '2022-04-03 10:25:35', 1, '2022-04-03 04:55:35', '0000-00-00 00:00:00'),
(1706, 104, 3, 'con', '123', '157.49.232.21', '2022-04-03 10:31:36', 1, '2022-04-03 05:01:36', '0000-00-00 00:00:00'),
(1707, 1, 1, 'admin', 'admin#2021', '157.49.232.21', '2022-04-03 10:46:26', 1, '2022-04-03 05:16:26', '0000-00-00 00:00:00'),
(1708, 1, 1, 'admin', 'admin#2021', '49.204.114.243', '2022-04-03 11:33:54', 1, '2022-04-03 06:03:54', '0000-00-00 00:00:00'),
(1709, 104, 3, 'con', '123', '49.204.114.243', '2022-04-03 11:54:55', 1, '2022-04-03 06:24:55', '0000-00-00 00:00:00'),
(1710, 104, 3, 'con', '123', '49.204.114.243', '2022-04-03 11:55:44', 1, '2022-04-03 06:25:44', '0000-00-00 00:00:00'),
(1711, 1, 1, 'admin', 'admin#2021', '49.204.114.243', '2022-04-03 11:56:18', 1, '2022-04-03 06:26:18', '0000-00-00 00:00:00'),
(1712, 104, 3, 'con', '123', '49.204.114.243', '2022-04-03 11:57:30', 1, '2022-04-03 06:27:30', '0000-00-00 00:00:00'),
(1713, 1, 1, 'admin', 'admin#2021', '157.49.232.21', '2022-04-03 01:43:30', 1, '2022-04-03 08:13:30', '0000-00-00 00:00:00'),
(1714, 104, 3, 'con', '123', '157.49.232.21', '2022-04-03 04:41:21', 1, '2022-04-03 11:11:21', '0000-00-00 00:00:00'),
(1715, 104, 3, 'con', '123', '157.46.180.193', '2022-04-04 10:28:15', 1, '2022-04-04 04:58:15', '0000-00-00 00:00:00'),
(1716, 104, 3, 'CON', '123', '183.82.28.21', '2022-04-04 12:34:30', 1, '2022-04-04 07:04:30', '0000-00-00 00:00:00'),
(1717, 1, 1, 'ADMIN', 'ADMIN#2021', '183.82.28.21', '2022-04-04 12:34:43', 1, '2022-04-04 07:04:43', '0000-00-00 00:00:00'),
(1718, 104, 3, 'CON', '123', '183.82.28.21', '2022-04-04 12:35:48', 1, '2022-04-04 07:05:48', '0000-00-00 00:00:00'),
(1719, 1, 1, 'ADMIN', 'ADMIN#2021', '183.82.28.21', '2022-04-04 01:01:00', 1, '2022-04-04 07:31:00', '0000-00-00 00:00:00'),
(1720, 104, 3, 'CON', '123', '183.82.28.21', '2022-04-04 01:05:57', 1, '2022-04-04 07:35:57', '0000-00-00 00:00:00'),
(1721, 104, 3, 'CON', '123', '183.82.28.21', '2022-04-04 02:05:55', 1, '2022-04-04 08:35:55', '0000-00-00 00:00:00'),
(1722, 104, 3, 'con', '123', '157.46.109.214', '2022-04-04 09:50:43', 1, '2022-04-04 16:20:43', '0000-00-00 00:00:00'),
(1723, 104, 3, 'con', '123', '157.46.109.214', '2022-04-04 10:19:32', 1, '2022-04-04 16:49:32', '0000-00-00 00:00:00'),
(1724, 1, 1, 'admin', 'admin#2021', '183.82.28.21', '2022-04-05 09:38:45', 1, '2022-04-05 04:08:45', '0000-00-00 00:00:00'),
(1725, 104, 3, 'con', '123', '183.82.28.21', '2022-04-05 09:40:04', 1, '2022-04-05 04:10:04', '0000-00-00 00:00:00'),
(1726, 105, 2, 'doctor', '123', '183.82.28.21', '2022-04-05 09:42:38', 1, '2022-04-05 04:12:38', '0000-00-00 00:00:00'),
(1727, 106, 4, 'reception', '123', '183.82.177.95', '2022-04-05 12:43:18', 1, '2022-04-05 07:13:18', '0000-00-00 00:00:00'),
(1728, 105, 2, 'doctor', '123', '183.82.177.95', '2022-04-05 12:50:55', 1, '2022-04-05 07:20:55', '0000-00-00 00:00:00'),
(1729, 105, 2, 'doctor', '123', '183.82.177.95', '2022-04-05 12:52:12', 1, '2022-04-05 07:22:12', '0000-00-00 00:00:00'),
(1730, 105, 2, 'doctor', '123', '183.82.177.95', '2022-04-05 02:05:57', 1, '2022-04-05 08:35:57', '0000-00-00 00:00:00'),
(1731, 1, 1, 'ADMIN', 'ADMIN#2021', '183.82.177.95', '2022-04-05 04:00:08', 1, '2022-04-05 10:30:08', '0000-00-00 00:00:00'),
(1732, 106, 4, 'reception', '123', '183.82.177.95', '2022-04-05 05:20:15', 1, '2022-04-05 11:50:15', '0000-00-00 00:00:00'),
(1733, 104, 3, 'CON', '123', '49.205.80.29', '2022-04-05 08:50:07', 1, '2022-04-05 15:20:07', '0000-00-00 00:00:00'),
(1734, 104, 3, 'CON', '123', '49.205.80.29', '2022-04-05 09:23:36', 1, '2022-04-05 15:53:36', '0000-00-00 00:00:00'),
(1735, 1, 1, 'ADMIN', 'ADMIN#2021', '49.205.80.29', '2022-04-05 09:23:45', 1, '2022-04-05 15:53:45', '0000-00-00 00:00:00'),
(1736, 104, 3, 'CON', '123', '49.205.80.29', '2022-04-05 09:25:16', 1, '2022-04-05 15:55:16', '0000-00-00 00:00:00'),
(1737, 105, 2, 'doctor', '123', '183.82.177.95', '2022-04-06 10:20:35', 1, '2022-04-06 04:50:35', '0000-00-00 00:00:00'),
(1738, 1, 1, 'admin', 'admin#2021', '157.46.114.184', '2022-04-07 09:33:43', 1, '2022-04-07 16:03:43', '0000-00-00 00:00:00'),
(1739, 1, 1, 'admin', 'admin#2021', '157.46.69.11', '2022-04-08 08:38:52', 1, '2022-04-08 15:08:52', '0000-00-00 00:00:00'),
(1740, 104, 3, 'con', '123', '157.46.69.11', '2022-04-08 08:39:06', 1, '2022-04-08 15:09:06', '0000-00-00 00:00:00'),
(1741, 104, 3, 'con', '123', '157.46.69.77', '2022-04-10 08:34:53', 1, '2022-04-10 03:04:53', '0000-00-00 00:00:00'),
(1742, 104, 3, 'con', '123', '157.46.69.77', '2022-04-10 12:43:08', 1, '2022-04-10 07:13:08', '0000-00-00 00:00:00'),
(1743, 1, 1, 'admin', 'admin#2021', '27.59.184.189', '2022-04-10 08:15:22', 1, '2022-04-10 14:45:22', '0000-00-00 00:00:00'),
(1744, 104, 3, 'CON', '123', '27.59.184.189', '2022-04-10 08:18:20', 1, '2022-04-10 14:48:20', '0000-00-00 00:00:00'),
(1745, 1, 1, 'ADMIN', 'ADMIN#2021', '27.59.184.189', '2022-04-10 08:26:28', 1, '2022-04-10 14:56:28', '0000-00-00 00:00:00'),
(1746, 104, 3, 'con', '123', '157.46.69.77', '2022-04-10 08:26:29', 1, '2022-04-10 14:56:29', '0000-00-00 00:00:00'),
(1747, 104, 3, 'CON', '123', '27.59.184.189', '2022-04-10 08:28:31', 1, '2022-04-10 14:58:31', '0000-00-00 00:00:00'),
(1748, 1, 1, 'Admin', 'admin#2021', '157.46.69.77', '2022-04-10 08:59:43', 1, '2022-04-10 15:29:43', '0000-00-00 00:00:00'),
(1749, 104, 3, 'con', '123', '157.46.69.77', '2022-04-10 09:04:13', 1, '2022-04-10 15:34:13', '0000-00-00 00:00:00'),
(1750, 1, 1, 'ADMIN', 'ADMIN#2021', '27.59.184.189', '2022-04-10 09:29:30', 1, '2022-04-10 15:59:30', '0000-00-00 00:00:00'),
(1751, 104, 3, 'CON', '123', '27.59.184.189', '2022-04-10 09:31:48', 1, '2022-04-10 16:01:48', '0000-00-00 00:00:00'),
(1752, 1, 1, 'admin', 'admin#2021', '157.46.112.6', '2022-04-12 10:13:28', 1, '2022-04-12 16:43:28', '0000-00-00 00:00:00'),
(1753, 1, 1, 'admin', 'admin#2021', '157.46.112.6', '2022-04-12 10:14:54', 1, '2022-04-12 16:44:54', '0000-00-00 00:00:00'),
(1754, 1, 1, 'admin', 'admin#2021', '157.46.112.6', '2022-04-12 10:54:07', 1, '2022-04-12 17:24:07', '0000-00-00 00:00:00'),
(1755, 1, 1, 'admin', 'admin#2021', '157.46.107.89', '2022-04-14 07:51:23', 1, '2022-04-14 14:21:23', '0000-00-00 00:00:00'),
(1756, 104, 3, 'con', '123', '157.46.107.89', '2022-04-14 08:18:04', 1, '2022-04-14 14:48:04', '0000-00-00 00:00:00'),
(1757, 105, 2, 'doctor', '123', '157.46.107.89', '2022-04-14 08:19:18', 1, '2022-04-14 14:49:18', '0000-00-00 00:00:00'),
(1758, 1, 1, 'admin', 'admin#2021', '157.46.107.89', '2022-04-14 08:27:46', 1, '2022-04-14 14:57:46', '0000-00-00 00:00:00'),
(1759, 1, 1, 'Admin', 'admin#2021', '157.46.107.89', '2022-04-14 09:30:50', 1, '2022-04-14 16:00:50', '0000-00-00 00:00:00'),
(1760, 104, 3, 'CON', '123', '183.82.179.43', '2022-04-15 10:40:40', 1, '2022-04-15 05:10:40', '0000-00-00 00:00:00'),
(1761, 1, 1, 'ADMIN', 'ADMIN#2021', '106.208.33.170', '2022-04-15 10:45:28', 1, '2022-04-15 05:15:28', '0000-00-00 00:00:00'),
(1762, 104, 3, 'CON', '123', '106.208.33.170', '2022-04-15 10:47:10', 1, '2022-04-15 05:17:10', '0000-00-00 00:00:00'),
(1763, 1, 1, 'Admin', 'admin#2021', '157.46.107.89', '2022-04-15 11:00:09', 1, '2022-04-15 05:30:09', '0000-00-00 00:00:00'),
(1764, 104, 3, 'CON', '123', '106.208.33.170', '2022-04-15 11:07:32', 1, '2022-04-15 05:37:32', '0000-00-00 00:00:00'),
(1765, 105, 2, 'DOCTOR', '123', '106.208.33.170', '2022-04-15 11:08:02', 1, '2022-04-15 05:38:02', '0000-00-00 00:00:00'),
(1766, 1, 1, 'ADMIN', 'ADMIN#2021', '106.208.33.170', '2022-04-15 11:13:07', 1, '2022-04-15 05:43:07', '0000-00-00 00:00:00'),
(1767, 104, 3, 'CON', '123', '106.208.33.170', '2022-04-15 11:15:13', 1, '2022-04-15 05:45:13', '0000-00-00 00:00:00'),
(1768, 105, 2, 'DOCTOR', '123', '106.208.33.170', '2022-04-15 11:19:59', 1, '2022-04-15 05:49:59', '0000-00-00 00:00:00'),
(1769, 105, 2, 'DOCTOR', '123', '183.82.179.43', '2022-04-15 03:29:20', 1, '2022-04-15 09:59:20', '0000-00-00 00:00:00'),
(1770, 1, 1, 'ADMIN', 'ADMIN#2021', '183.82.179.43', '2022-04-15 03:30:56', 1, '2022-04-15 10:00:56', '0000-00-00 00:00:00'),
(1771, 105, 2, 'DOCTOR', '123', '183.82.179.43', '2022-04-15 03:31:55', 1, '2022-04-15 10:01:55', '0000-00-00 00:00:00'),
(1772, 105, 2, 'doctor', '123', '183.82.179.43', '2022-04-15 03:59:41', 1, '2022-04-15 10:29:41', '0000-00-00 00:00:00'),
(1773, 105, 2, 'doctor', '123', '183.82.179.43', '2022-04-16 08:45:55', 1, '2022-04-16 03:15:55', '0000-00-00 00:00:00'),
(1774, 107, 3, 'opto', '123', '183.82.179.43', '2022-04-16 10:00:52', 1, '2022-04-16 04:30:52', '0000-00-00 00:00:00'),
(1775, 1, 1, 'ADMIN', 'ADMIN#2021', '183.82.179.43', '2022-04-16 11:21:20', 1, '2022-04-16 05:51:20', '0000-00-00 00:00:00'),
(1776, 107, 3, 'opto', '123', '183.82.179.43', '2022-04-16 11:42:44', 1, '2022-04-16 06:12:44', '0000-00-00 00:00:00'),
(1777, 1, 1, 'ADMIN', 'ADMIN#2021', '183.82.179.43', '2022-04-16 01:05:10', 1, '2022-04-16 07:35:10', '0000-00-00 00:00:00'),
(1778, 106, 4, 'reception', '123', '183.82.179.43', '2022-04-16 01:55:46', 1, '2022-04-16 08:25:46', '0000-00-00 00:00:00'),
(1779, 106, 4, 'reception', '123', '183.82.179.43', '2022-04-16 01:56:33', 1, '2022-04-16 08:26:33', '0000-00-00 00:00:00'),
(1780, 1, 1, 'Admin', 'admin#2021', '157.46.105.65', '2022-04-16 04:06:32', 1, '2022-04-16 10:36:32', '0000-00-00 00:00:00'),
(1781, 1, 1, 'Admin', 'admin#2021', '157.46.105.65', '2022-04-16 04:09:43', 1, '2022-04-16 10:39:43', '0000-00-00 00:00:00'),
(1782, 104, 3, 'con', '123', '157.46.105.65', '2022-04-16 04:10:47', 1, '2022-04-16 10:40:47', '0000-00-00 00:00:00'),
(1783, 105, 2, 'doctor', '123', '157.46.105.65', '2022-04-16 04:18:04', 1, '2022-04-16 10:48:04', '0000-00-00 00:00:00'),
(1784, 1, 1, 'admin', 'admin#2021', '157.46.105.65', '2022-04-16 04:58:47', 1, '2022-04-16 11:28:47', '0000-00-00 00:00:00'),
(1785, 1, 1, 'admin', 'admin#2021', '157.46.105.65', '2022-04-16 05:09:50', 1, '2022-04-16 11:39:50', '0000-00-00 00:00:00'),
(1786, 104, 3, 'con', '123', '157.46.105.65', '2022-04-16 06:00:01', 1, '2022-04-16 12:30:01', '0000-00-00 00:00:00'),
(1787, 1, 1, 'admin', 'admin#2021', '157.46.105.65', '2022-04-16 06:10:27', 1, '2022-04-16 12:40:27', '0000-00-00 00:00:00'),
(1788, 104, 3, 'con', '123', '157.46.105.65', '2022-04-16 06:12:02', 1, '2022-04-16 12:42:02', '0000-00-00 00:00:00'),
(1789, 1, 1, 'admin', 'admin#2021', '157.46.105.65', '2022-04-16 06:22:54', 1, '2022-04-16 12:52:54', '0000-00-00 00:00:00'),
(1790, 105, 2, 'doctor', '123', '183.82.204.97', '2022-04-16 07:28:32', 1, '2022-04-16 13:58:32', '0000-00-00 00:00:00'),
(1791, 104, 3, 'con', '123', '157.46.105.65', '2022-04-17 09:20:30', 1, '2022-04-17 03:50:30', '0000-00-00 00:00:00'),
(1792, 1, 1, 'admin', 'admin#2021', '157.46.105.65', '2022-04-17 09:50:25', 1, '2022-04-17 04:20:25', '0000-00-00 00:00:00'),
(1793, 104, 3, 'con', '123', '157.46.105.65', '2022-04-17 09:53:24', 1, '2022-04-17 04:23:24', '0000-00-00 00:00:00'),
(1794, 105, 2, 'doctor', '123', '157.46.105.65', '2022-04-17 09:53:53', 1, '2022-04-17 04:23:53', '0000-00-00 00:00:00'),
(1795, 108, 6, 'COUN', '123', '183.82.179.43', '2022-04-17 11:31:16', 1, '2022-04-17 06:01:16', '0000-00-00 00:00:00'),
(1796, 1, 1, 'admin', 'admin#2021', '157.46.105.65', '2022-04-17 11:55:40', 1, '2022-04-17 06:25:40', '0000-00-00 00:00:00'),
(1797, 104, 3, 'con', '123', '157.46.105.65', '2022-04-17 06:15:49', 1, '2022-04-17 12:45:49', '0000-00-00 00:00:00'),
(1798, 104, 3, 'con', '123', '157.46.105.65', '2022-04-17 09:40:16', 1, '2022-04-17 16:10:16', '0000-00-00 00:00:00'),
(1799, 106, 4, 'reception', '123', '183.82.179.43', '2022-04-18 03:48:22', 1, '2022-04-18 10:18:22', '0000-00-00 00:00:00'),
(1800, 107, 3, 'opto', '123', '183.82.179.43', '2022-04-18 03:51:42', 1, '2022-04-18 10:21:42', '0000-00-00 00:00:00'),
(1801, 107, 3, 'opto', '123', '183.82.179.43', '2022-04-18 08:18:43', 1, '2022-04-18 14:48:43', '0000-00-00 00:00:00'),
(1802, 108, 6, 'COUN', '123', '183.82.179.43', '2022-04-18 08:19:07', 1, '2022-04-18 14:49:07', '0000-00-00 00:00:00'),
(1803, 1, 1, 'admin', 'admin#2021', '157.46.72.152', '2022-04-18 09:26:45', 1, '2022-04-18 15:56:45', '0000-00-00 00:00:00'),
(1804, 104, 3, 'con', '123', '157.46.72.152', '2022-04-18 09:27:01', 1, '2022-04-18 15:57:01', '0000-00-00 00:00:00'),
(1805, 104, 3, 'con', '123', '157.46.72.152', '2022-04-18 09:43:01', 1, '2022-04-18 16:13:01', '0000-00-00 00:00:00'),
(1806, 106, 4, 'reception', '123', '183.82.179.43', '2022-04-19 12:02:05', 1, '2022-04-19 06:32:05', '0000-00-00 00:00:00'),
(1807, 105, 2, 'doctor', '123', '183.82.179.43', '2022-04-19 02:37:47', 1, '2022-04-19 09:07:47', '0000-00-00 00:00:00'),
(1808, 107, 3, 'opto', '123', '183.82.179.43', '2022-04-20 08:54:55', 1, '2022-04-20 03:24:55', '0000-00-00 00:00:00'),
(1809, 107, 3, 'opto', '123', '183.82.179.43', '2022-04-20 09:18:46', 1, '2022-04-20 03:48:46', '0000-00-00 00:00:00'),
(1810, 1, 1, 'ADMIN', 'ADMIN#2021', '183.82.178.16', '2022-04-21 08:16:16', 1, '2022-04-21 02:46:16', '0000-00-00 00:00:00'),
(1811, 105, 2, 'doctor', '123', '183.82.179.43', '2022-04-21 11:48:41', 1, '2022-04-21 06:18:41', '0000-00-00 00:00:00'),
(1812, 105, 2, 'doctor', '123', '183.82.179.43', '2022-04-21 11:49:07', 1, '2022-04-21 06:19:07', '0000-00-00 00:00:00'),
(1813, 105, 2, 'doctor', '123', '183.82.179.43', '2022-04-21 02:05:23', 1, '2022-04-21 08:35:23', '0000-00-00 00:00:00'),
(1814, 105, 2, 'doctor', '123', '183.82.179.43', '2022-04-21 02:05:37', 1, '2022-04-21 08:35:37', '0000-00-00 00:00:00'),
(1815, 104, 3, 'con', '123', '157.46.66.241', '2022-04-21 08:51:21', 1, '2022-04-21 15:21:21', '0000-00-00 00:00:00'),
(1816, 105, 2, 'doctor', '123', '157.46.66.241', '2022-04-21 09:03:45', 1, '2022-04-21 15:33:45', '0000-00-00 00:00:00'),
(1817, 104, 3, 'con', '123', '157.46.66.241', '2022-04-21 09:04:26', 1, '2022-04-21 15:34:26', '0000-00-00 00:00:00'),
(1818, 104, 3, 'con', '123', '157.49.89.69', '2022-04-22 08:35:30', 1, '2022-04-22 15:05:30', '0000-00-00 00:00:00'),
(1819, 1, 1, 'ADMIN', 'ADMIN#2021', '106.208.78.144', '2022-04-23 11:37:14', 1, '2022-04-23 06:07:15', '0000-00-00 00:00:00'),
(1820, 1, 1, 'ADMIN', 'ADMIN#2021', '106.208.78.144', '2022-04-23 01:04:26', 1, '2022-04-23 07:34:26', '0000-00-00 00:00:00'),
(1821, 1, 1, 'Admin', 'admin#2021', '106.208.78.144', '2022-04-23 01:27:07', 1, '2022-04-23 07:57:07', '0000-00-00 00:00:00'),
(1822, 1, 1, 'ADMIN', 'ADMIN#2021', '106.208.78.144', '2022-04-23 01:28:21', 1, '2022-04-23 07:58:21', '0000-00-00 00:00:00'),
(1823, 1, 1, 'ADMIN', 'ADMIN#2021', '183.82.178.106', '2022-04-25 10:49:33', 1, '2022-04-25 05:19:33', '0000-00-00 00:00:00'),
(1824, 1, 1, 'ADMIN', 'ADMIN#2021', '183.82.178.106', '2022-04-25 10:51:21', 1, '2022-04-25 05:21:21', '0000-00-00 00:00:00'),
(1825, 104, 3, 'CON', '123', '183.82.178.106', '2022-04-25 10:52:21', 1, '2022-04-25 05:22:21', '0000-00-00 00:00:00'),
(1826, 1, 1, 'ADMIN', 'ADMIN#2021', '183.82.178.106', '2022-04-25 10:55:32', 1, '2022-04-25 05:25:32', '0000-00-00 00:00:00'),
(1827, 104, 3, 'CON', '123', '183.82.178.106', '2022-04-25 11:40:24', 1, '2022-04-25 06:10:24', '0000-00-00 00:00:00'),
(1828, 1, 1, 'ADMIN', 'ADMIN#2021', '183.82.178.106', '2022-04-25 11:41:31', 1, '2022-04-25 06:11:31', '0000-00-00 00:00:00'),
(1829, 104, 3, 'CON', '123', '183.82.178.106', '2022-04-25 11:56:03', 1, '2022-04-25 06:26:03', '0000-00-00 00:00:00'),
(1830, 1, 1, 'ADMIN', 'ADMIN#2021', '183.82.178.106', '2022-04-25 11:57:40', 1, '2022-04-25 06:27:40', '0000-00-00 00:00:00'),
(1831, 104, 3, 'CON', '123', '183.82.178.106', '2022-04-25 12:09:12', 1, '2022-04-25 06:39:12', '0000-00-00 00:00:00'),
(1832, 1, 1, 'ADMIN', 'ADMIN#2021', '183.82.178.106', '2022-04-25 12:10:14', 1, '2022-04-25 06:40:14', '0000-00-00 00:00:00'),
(1833, 104, 3, 'CON', '123', '183.82.178.106', '2022-04-25 12:40:19', 1, '2022-04-25 07:10:19', '0000-00-00 00:00:00'),
(1834, 1, 1, 'ADMIN', 'ADMIN#2021', '183.82.178.106', '2022-04-25 12:40:56', 1, '2022-04-25 07:10:56', '0000-00-00 00:00:00'),
(1835, 104, 3, 'CON', '123', '183.82.178.106', '2022-04-25 01:22:51', 1, '2022-04-25 07:52:51', '0000-00-00 00:00:00'),
(1836, 1, 1, 'ADMIN', 'ADMIN#2021', '183.82.178.106', '2022-04-25 02:18:59', 1, '2022-04-25 08:48:59', '0000-00-00 00:00:00'),
(1837, 104, 3, 'CON', '123', '183.82.178.106', '2022-04-25 02:20:26', 1, '2022-04-25 08:50:26', '0000-00-00 00:00:00'),
(1838, 1, 1, 'admin', 'admin#2021', '183.82.178.106', '2022-04-25 02:59:12', 1, '2022-04-25 09:29:12', '0000-00-00 00:00:00'),
(1839, 104, 3, 'con', '123', '183.82.178.106', '2022-04-25 03:04:21', 1, '2022-04-25 09:34:21', '0000-00-00 00:00:00'),
(1840, 104, 3, 'CON', '123', '183.82.178.106', '2022-04-25 03:40:32', 1, '2022-04-25 10:10:32', '0000-00-00 00:00:00'),
(1841, 1, 1, 'admin', 'admin#2021', '183.82.178.106', '2022-04-25 03:43:17', 1, '2022-04-25 10:13:17', '0000-00-00 00:00:00'),
(1842, 104, 3, 'CON', '123', '183.82.178.106', '2022-04-25 03:51:09', 1, '2022-04-25 10:21:09', '0000-00-00 00:00:00'),
(1843, 104, 3, 'CON', '123', '183.82.178.106', '2022-04-25 03:56:27', 1, '2022-04-25 10:26:27', '0000-00-00 00:00:00'),
(1844, 1, 1, 'admin', 'admin#2021', '183.82.178.106', '2022-04-25 03:57:13', 1, '2022-04-25 10:27:13', '0000-00-00 00:00:00'),
(1845, 107, 3, 'opto', '123', '183.82.178.106', '2022-04-25 06:03:51', 1, '2022-04-25 12:33:51', '0000-00-00 00:00:00'),
(1846, 1, 1, 'admin', 'admin#2021', '183.82.178.106', '2022-04-26 04:14:40', 1, '2022-04-26 10:44:40', '0000-00-00 00:00:00'),
(1847, 105, 2, 'doctor', '123', '183.82.178.106', '2022-04-26 04:15:26', 1, '2022-04-26 10:45:26', '0000-00-00 00:00:00'),
(1848, 104, 3, 'con', '123', '183.82.178.106', '2022-04-26 04:15:50', 1, '2022-04-26 10:45:50', '0000-00-00 00:00:00'),
(1849, 1, 1, 'admin', 'admin#2021', '183.82.178.106', '2022-04-26 04:16:47', 1, '2022-04-26 10:46:47', '0000-00-00 00:00:00'),
(1850, 107, 3, 'opto', '123', '183.82.178.106', '2022-04-26 06:50:11', 1, '2022-04-26 13:20:11', '0000-00-00 00:00:00'),
(1851, 104, 3, 'CON', '123', '183.82.28.239', '2022-04-28 03:37:25', 1, '2022-04-28 10:07:25', '0000-00-00 00:00:00'),
(1852, 1, 1, 'ADMIN', 'ADMIN#2021', '183.82.28.239', '2022-04-28 04:23:23', 1, '2022-04-28 10:53:23', '0000-00-00 00:00:00'),
(1853, 104, 3, 'CON', '123', '183.82.28.239', '2022-04-28 04:38:24', 1, '2022-04-28 11:08:24', '0000-00-00 00:00:00'),
(1854, 1, 1, 'ADMIN', 'ADMIN#2021', '183.82.28.239', '2022-04-28 04:50:43', 1, '2022-04-28 11:20:43', '0000-00-00 00:00:00'),
(1855, 1, 1, 'admin', 'admin#2021', '183.82.28.239', '2022-04-28 04:54:34', 1, '2022-04-28 11:24:34', '0000-00-00 00:00:00'),
(1856, 104, 3, 'con', '123', '183.82.28.239', '2022-04-28 04:57:10', 1, '2022-04-28 11:27:10', '0000-00-00 00:00:00'),
(1857, 1, 1, 'ADMIN', 'ADMIN#2021', '183.82.28.239', '2022-04-29 09:10:53', 1, '2022-04-29 03:40:53', '0000-00-00 00:00:00'),
(1858, 104, 3, 'CON', '123', '183.82.28.239', '2022-04-29 09:12:53', 1, '2022-04-29 03:42:53', '0000-00-00 00:00:00'),
(1859, 1, 1, 'ADMIN', 'ADMIN#2021', '183.82.28.239', '2022-04-29 09:14:36', 1, '2022-04-29 03:44:36', '0000-00-00 00:00:00'),
(1860, 104, 3, 'con', '123', '183.82.177.109', '2022-04-29 02:32:48', 1, '2022-04-29 09:02:48', '0000-00-00 00:00:00'),
(1861, 104, 3, 'CON', '123', '183.82.177.109', '2022-04-29 02:59:41', 1, '2022-04-29 09:29:41', '0000-00-00 00:00:00'),
(1862, 1, 1, 'admin', 'admin#2021', '183.82.177.109', '2022-04-29 03:36:55', 1, '2022-04-29 10:06:55', '0000-00-00 00:00:00'),
(1863, 1, 1, 'ADMIN', 'admin#2021', '183.82.177.109', '2022-04-29 04:31:45', 1, '2022-04-29 11:01:46', '0000-00-00 00:00:00'),
(1864, 1, 1, 'ADMIN', 'ADMIN#2021', '183.82.177.109', '2022-04-29 05:31:21', 1, '2022-04-29 12:01:21', '0000-00-00 00:00:00'),
(1865, 104, 3, 'CON', '123', '183.82.177.109', '2022-04-29 05:31:50', 1, '2022-04-29 12:01:50', '0000-00-00 00:00:00'),
(1866, 1, 1, 'ADMIN', 'admin#2021', '183.82.177.109', '2022-04-29 05:35:35', 1, '2022-04-29 12:05:35', '0000-00-00 00:00:00'),
(1867, 104, 3, 'CON', '123', '183.82.177.109', '2022-04-29 05:40:23', 1, '2022-04-29 12:10:23', '0000-00-00 00:00:00'),
(1868, 105, 2, 'doctor', '123', '183.82.177.109', '2022-04-29 08:02:57', 1, '2022-04-29 14:32:57', '0000-00-00 00:00:00'),
(1869, 1, 1, 'ADMIN', 'ADMIN#2021', '183.82.177.109', '2022-04-30 02:50:22', 1, '2022-04-30 09:20:22', '0000-00-00 00:00:00'),
(1870, 1, 1, 'admin', 'admin#2021', '137.97.99.10', '2022-04-30 03:23:24', 1, '2022-04-30 09:53:24', '0000-00-00 00:00:00'),
(1871, 1, 1, 'ADMIN', 'ADMIN#2021', '183.82.177.109', '2022-04-30 03:29:59', 1, '2022-04-30 09:59:59', '0000-00-00 00:00:00'),
(1872, 106, 4, 'reception', '123', '183.82.177.109', '2022-05-02 09:25:52', 1, '2022-05-02 03:55:52', '0000-00-00 00:00:00'),
(1873, 105, 2, 'doctor', '123', '183.82.24.251', '2022-05-03 01:43:10', 1, '2022-05-03 08:13:10', '0000-00-00 00:00:00'),
(1874, 105, 2, 'doctor', '123', '183.82.24.251', '2022-05-03 03:24:59', 1, '2022-05-03 09:54:59', '0000-00-00 00:00:00'),
(1875, 1, 1, 'admin', 'admin#2021', '183.82.24.251', '2022-05-03 04:20:06', 1, '2022-05-03 10:50:06', '0000-00-00 00:00:00'),
(1876, 105, 2, 'doctor', '123', '183.82.24.251', '2022-05-03 08:12:49', 1, '2022-05-03 14:42:49', '0000-00-00 00:00:00'),
(1877, 1, 1, 'admin', 'admin#2021', '157.49.197.90', '2022-05-04 08:56:00', 1, '2022-05-04 15:26:00', '0000-00-00 00:00:00'),
(1878, 1, 1, 'admin', 'admin#2021', '157.46.110.147', '2022-05-05 09:52:02', 1, '2022-05-05 16:22:02', '0000-00-00 00:00:00'),
(1879, 1, 1, 'admin', 'admin#2021', '157.46.110.147', '2022-05-05 10:09:58', 1, '2022-05-05 16:39:58', '0000-00-00 00:00:00'),
(1880, 1, 1, 'ADMIN', 'ADMIN#2021', '106.208.90.7', '2022-05-06 08:24:26', 1, '2022-05-06 02:54:26', '0000-00-00 00:00:00'),
(1881, 104, 3, 'CON', '123', '106.208.90.7', '2022-05-06 08:32:35', 1, '2022-05-06 03:02:35', '0000-00-00 00:00:00'),
(1882, 105, 2, 'DOCTOR', '123', '106.208.90.7', '2022-05-06 08:38:28', 1, '2022-05-06 03:08:28', '0000-00-00 00:00:00'),
(1883, 109, 8, 'lab', '123', '106.208.90.7', '2022-05-06 08:41:16', 1, '2022-05-06 03:11:16', '0000-00-00 00:00:00'),
(1884, 105, 2, 'DOCTOR', '123', '106.208.90.7', '2022-05-06 08:41:59', 1, '2022-05-06 03:11:59', '0000-00-00 00:00:00'),
(1885, 108, 6, 'coun', '123', '106.208.90.7', '2022-05-06 08:45:14', 1, '2022-05-06 03:15:14', '0000-00-00 00:00:00'),
(1886, 1, 1, 'admin', 'admin#2021', '183.82.113.235', '2022-05-06 10:19:18', 1, '2022-05-06 04:49:18', '0000-00-00 00:00:00'),
(1887, 1, 1, 'admin', 'admin#2021', '183.82.113.235', '2022-05-06 10:29:26', 1, '2022-05-06 04:59:26', '0000-00-00 00:00:00'),
(1888, 1, 1, 'admin', 'admin#2021', '183.82.113.235', '2022-05-06 10:44:52', 1, '2022-05-06 05:14:52', '0000-00-00 00:00:00'),
(1889, 1, 1, 'admin', 'admin#2021', '157.46.116.83', '2022-05-06 08:14:30', 1, '2022-05-06 14:44:30', '0000-00-00 00:00:00'),
(1890, 104, 3, 'con', '123', '157.46.116.83', '2022-05-06 08:16:02', 1, '2022-05-06 14:46:02', '0000-00-00 00:00:00'),
(1891, 1, 1, 'ADMIN', 'ADMIN#2021', '106.208.62.99', '2022-05-07 02:26:55', 1, '2022-05-07 08:56:55', '0000-00-00 00:00:00'),
(1892, 104, 3, 'con', '123', '157.49.221.118', '2022-05-07 08:48:14', 1, '2022-05-07 15:18:14', '0000-00-00 00:00:00'),
(1893, 1, 1, 'Admin', 'admin#2021', '106.208.50.10', '2022-05-09 09:38:31', 1, '2022-05-09 04:08:31', '0000-00-00 00:00:00');

-- --------------------------------------------------------

--
-- Table structure for table `whitecell`
--

CREATE TABLE `whitecell` (
  `whitecell_id` int(100) NOT NULL,
  `patient_registration_id` int(100) NOT NULL,
  `patient_appointment_id` int(100) NOT NULL,
  `bp` varchar(100) COLLATE utf8_unicode_ci NOT NULL,
  `sugar` varchar(100) COLLATE utf8_unicode_ci NOT NULL,
  `temprature` varchar(100) COLLATE utf8_unicode_ci NOT NULL,
  `description` text COLLATE utf8_unicode_ci NOT NULL,
  `login_id` int(10) NOT NULL,
  `office_id` int(10) NOT NULL,
  `parent_id` int(10) NOT NULL,
  `created_date` timestamp NOT NULL DEFAULT CURRENT_TIMESTAMP,
  `updated_date` timestamp NULL DEFAULT NULL ON UPDATE CURRENT_TIMESTAMP
) ENGINE=InnoDB DEFAULT CHARSET=utf8 COLLATE=utf8_unicode_ci;

--
-- Dumping data for table `whitecell`
--

INSERT INTO `whitecell` (`whitecell_id`, `patient_registration_id`, `patient_appointment_id`, `bp`, `sugar`, `temprature`, `description`, `login_id`, `office_id`, `parent_id`, `created_date`, `updated_date`) VALUES
(1, 2, 231, '3424retveerertret', '3234ds v', '234dfs fds', '234', 1, 1, 0, '2022-03-03 16:09:38', NULL),
(2, 2, 231, '3424retveerertret', '3234ds v', '234dfs fds', '234', 1, 1, 0, '2022-03-03 16:09:41', NULL),
(3, 2, 231, '3424retveerertret', '3234ds v', '234dfs fds', '234', 1, 1, 0, '2022-03-03 16:09:45', NULL);

--
-- Indexes for dumped tables
--

--
-- Indexes for table `appointment_type`
--
ALTER TABLE `appointment_type`
  ADD PRIMARY KEY (`appointment_type_id`);

--
-- Indexes for table `billing_detail`
--
ALTER TABLE `billing_detail`
  ADD PRIMARY KEY (`billing_detail_id`);

--
-- Indexes for table `billing_master`
--
ALTER TABLE `billing_master`
  ADD PRIMARY KEY (`billing_master_id`);

--
-- Indexes for table `bill_number`
--
ALTER TABLE `bill_number`
  ADD PRIMARY KEY (`bill_id`);

--
-- Indexes for table `bill_settings`
--
ALTER TABLE `bill_settings`
  ADD PRIMARY KEY (`tr_id`);

--
-- Indexes for table `charge_type`
--
ALTER TABLE `charge_type`
  ADD PRIMARY KEY (`charge_type_id`);

--
-- Indexes for table `city`
--
ALTER TABLE `city`
  ADD PRIMARY KEY (`city_id`);

--
-- Indexes for table `complaints`
--
ALTER TABLE `complaints`
  ADD PRIMARY KEY (`complaints_id`);

--
-- Indexes for table `current_medication`
--
ALTER TABLE `current_medication`
  ADD PRIMARY KEY (`current_medication_id`);

--
-- Indexes for table `department`
--
ALTER TABLE `department`
  ADD PRIMARY KEY (`department_id`);

--
-- Indexes for table `dialysis`
--
ALTER TABLE `dialysis`
  ADD PRIMARY KEY (`dialysis_id`);

--
-- Indexes for table `doctors_registration`
--
ALTER TABLE `doctors_registration`
  ADD PRIMARY KEY (`doctors_registration_id`);

--
-- Indexes for table `examination`
--
ALTER TABLE `examination`
  ADD PRIMARY KEY (`examination_id`);

--
-- Indexes for table `examination_chargesdetails`
--
ALTER TABLE `examination_chargesdetails`
  ADD PRIMARY KEY (`examination_chargesdetails_id`);

--
-- Indexes for table `examination_complaints`
--
ALTER TABLE `examination_complaints`
  ADD PRIMARY KEY (`examination_complaints_id`);

--
-- Indexes for table `examination_eye`
--
ALTER TABLE `examination_eye`
  ADD PRIMARY KEY (`examination_eye_id`);

--
-- Indexes for table `examination_eye_segment`
--
ALTER TABLE `examination_eye_segment`
  ADD PRIMARY KEY (`examination_eye_segment_id`);

--
-- Indexes for table `examination_medical_history`
--
ALTER TABLE `examination_medical_history`
  ADD PRIMARY KEY (`examination_medical_history_id`);

--
-- Indexes for table `examination_ophthalmic_history`
--
ALTER TABLE `examination_ophthalmic_history`
  ADD PRIMARY KEY (`examination_ophthalmic_history_id`);

--
-- Indexes for table `examination_treatmentplan`
--
ALTER TABLE `examination_treatmentplan`
  ADD PRIMARY KEY (`examination_treatmentplan_id`);

--
-- Indexes for table `eye_complaints`
--
ALTER TABLE `eye_complaints`
  ADD PRIMARY KEY (`eye_complaints_id`);

--
-- Indexes for table `eye_mapping_segment`
--
ALTER TABLE `eye_mapping_segment`
  ADD PRIMARY KEY (`eye_mapping_segment_id`);

--
-- Indexes for table `eye_segment`
--
ALTER TABLE `eye_segment`
  ADD PRIMARY KEY (`eye_segment_id`);

--
-- Indexes for table `injection`
--
ALTER TABLE `injection`
  ADD PRIMARY KEY (`injection_id`);

--
-- Indexes for table `insurance_company`
--
ALTER TABLE `insurance_company`
  ADD PRIMARY KEY (`insurance_company_id`);

--
-- Indexes for table `investigation`
--
ALTER TABLE `investigation`
  ADD PRIMARY KEY (`investigation_id`);

--
-- Indexes for table `ipdcharge`
--
ALTER TABLE `ipdcharge`
  ADD PRIMARY KEY (`ipdcharge_id`);

--
-- Indexes for table `laser`
--
ALTER TABLE `laser`
  ADD PRIMARY KEY (`laser_id`);

--
-- Indexes for table `medical_history`
--
ALTER TABLE `medical_history`
  ADD PRIMARY KEY (`medical_history_id`);

--
-- Indexes for table `medicine`
--
ALTER TABLE `medicine`
  ADD PRIMARY KEY (`medicine_id`);

--
-- Indexes for table `medicine_category`
--
ALTER TABLE `medicine_category`
  ADD PRIMARY KEY (`medicine_category_id`);

--
-- Indexes for table `medicine_instruction`
--
ALTER TABLE `medicine_instruction`
  ADD PRIMARY KEY (`medicine_instruction_id`);

--
-- Indexes for table `medicine_prescription`
--
ALTER TABLE `medicine_prescription`
  ADD PRIMARY KEY (`medicine prescription_id`);

--
-- Indexes for table `medicine_templates`
--
ALTER TABLE `medicine_templates`
  ADD PRIMARY KEY (`medicine_templates_id`);

--
-- Indexes for table `modeofpay`
--
ALTER TABLE `modeofpay`
  ADD PRIMARY KEY (`modeofpay_id`);

--
-- Indexes for table `office`
--
ALTER TABLE `office`
  ADD PRIMARY KEY (`office_id`);

--
-- Indexes for table `opdcharge`
--
ALTER TABLE `opdcharge`
  ADD PRIMARY KEY (`opdcharge_id`);

--
-- Indexes for table `ophthalmic_history`
--
ALTER TABLE `ophthalmic_history`
  ADD PRIMARY KEY (`ophthalmic_history_id`);

--
-- Indexes for table `patient_appointment`
--
ALTER TABLE `patient_appointment`
  ADD PRIMARY KEY (`patient_appointment_id`);

--
-- Indexes for table `patient_category`
--
ALTER TABLE `patient_category`
  ADD PRIMARY KEY (`patient_category_id`);

--
-- Indexes for table `patient_followup`
--
ALTER TABLE `patient_followup`
  ADD PRIMARY KEY (`patient_followup_id`);

--
-- Indexes for table `patient_registration`
--
ALTER TABLE `patient_registration`
  ADD PRIMARY KEY (`patient_registration_id`);

--
-- Indexes for table `patient_title`
--
ALTER TABLE `patient_title`
  ADD PRIMARY KEY (`patient_title_id`);

--
-- Indexes for table `preoperative_appointment`
--
ALTER TABLE `preoperative_appointment`
  ADD PRIMARY KEY (`preoperative_appointment_id`);

--
-- Indexes for table `referral_master`
--
ALTER TABLE `referral_master`
  ADD PRIMARY KEY (`referral_master_id`);

--
-- Indexes for table `refraction_master`
--
ALTER TABLE `refraction_master`
  ADD PRIMARY KEY (`refraction_master_id`);

--
-- Indexes for table `source`
--
ALTER TABLE `source`
  ADD PRIMARY KEY (`source_id`);

--
-- Indexes for table `user`
--
ALTER TABLE `user`
  ADD PRIMARY KEY (`user_id`);

--
-- Indexes for table `user_log_book`
--
ALTER TABLE `user_log_book`
  ADD PRIMARY KEY (`log_id`);

--
-- Indexes for table `whitecell`
--
ALTER TABLE `whitecell`
  ADD PRIMARY KEY (`whitecell_id`);

--
-- AUTO_INCREMENT for dumped tables
--

--
-- AUTO_INCREMENT for table `appointment_type`
--
ALTER TABLE `appointment_type`
  MODIFY `appointment_type_id` int(10) NOT NULL AUTO_INCREMENT, AUTO_INCREMENT=15;

--
-- AUTO_INCREMENT for table `billing_detail`
--
ALTER TABLE `billing_detail`
  MODIFY `billing_detail_id` int(100) NOT NULL AUTO_INCREMENT, AUTO_INCREMENT=87;

--
-- AUTO_INCREMENT for table `billing_master`
--
ALTER TABLE `billing_master`
  MODIFY `billing_master_id` int(100) NOT NULL AUTO_INCREMENT, AUTO_INCREMENT=69;

--
-- AUTO_INCREMENT for table `bill_number`
--
ALTER TABLE `bill_number`
  MODIFY `bill_id` int(11) NOT NULL AUTO_INCREMENT, AUTO_INCREMENT=327;

--
-- AUTO_INCREMENT for table `bill_settings`
--
ALTER TABLE `bill_settings`
  MODIFY `tr_id` int(100) NOT NULL AUTO_INCREMENT, AUTO_INCREMENT=66;

--
-- AUTO_INCREMENT for table `charge_type`
--
ALTER TABLE `charge_type`
  MODIFY `charge_type_id` int(5) NOT NULL AUTO_INCREMENT, AUTO_INCREMENT=21;

--
-- AUTO_INCREMENT for table `city`
--
ALTER TABLE `city`
  MODIFY `city_id` int(5) NOT NULL AUTO_INCREMENT, AUTO_INCREMENT=16;

--
-- AUTO_INCREMENT for table `complaints`
--
ALTER TABLE `complaints`
  MODIFY `complaints_id` int(5) NOT NULL AUTO_INCREMENT, AUTO_INCREMENT=32;

--
-- AUTO_INCREMENT for table `current_medication`
--
ALTER TABLE `current_medication`
  MODIFY `current_medication_id` int(5) NOT NULL AUTO_INCREMENT, AUTO_INCREMENT=7;

--
-- AUTO_INCREMENT for table `department`
--
ALTER TABLE `department`
  MODIFY `department_id` int(5) NOT NULL AUTO_INCREMENT, AUTO_INCREMENT=16;

--
-- AUTO_INCREMENT for table `dialysis`
--
ALTER TABLE `dialysis`
  MODIFY `dialysis_id` int(5) NOT NULL AUTO_INCREMENT, AUTO_INCREMENT=13;

--
-- AUTO_INCREMENT for table `doctors_registration`
--
ALTER TABLE `doctors_registration`
  MODIFY `doctors_registration_id` int(15) NOT NULL AUTO_INCREMENT, AUTO_INCREMENT=11;

--
-- AUTO_INCREMENT for table `examination`
--
ALTER TABLE `examination`
  MODIFY `examination_id` int(20) NOT NULL AUTO_INCREMENT, AUTO_INCREMENT=112;

--
-- AUTO_INCREMENT for table `examination_chargesdetails`
--
ALTER TABLE `examination_chargesdetails`
  MODIFY `examination_chargesdetails_id` int(100) NOT NULL AUTO_INCREMENT, AUTO_INCREMENT=103;

--
-- AUTO_INCREMENT for table `examination_complaints`
--
ALTER TABLE `examination_complaints`
  MODIFY `examination_complaints_id` int(10) NOT NULL AUTO_INCREMENT, AUTO_INCREMENT=412;

--
-- AUTO_INCREMENT for table `examination_eye`
--
ALTER TABLE `examination_eye`
  MODIFY `examination_eye_id` int(10) NOT NULL AUTO_INCREMENT, AUTO_INCREMENT=335;

--
-- AUTO_INCREMENT for table `examination_eye_segment`
--
ALTER TABLE `examination_eye_segment`
  MODIFY `examination_eye_segment_id` int(10) NOT NULL AUTO_INCREMENT, AUTO_INCREMENT=71;

--
-- AUTO_INCREMENT for table `examination_medical_history`
--
ALTER TABLE `examination_medical_history`
  MODIFY `examination_medical_history_id` int(10) NOT NULL AUTO_INCREMENT, AUTO_INCREMENT=247;

--
-- AUTO_INCREMENT for table `examination_ophthalmic_history`
--
ALTER TABLE `examination_ophthalmic_history`
  MODIFY `examination_ophthalmic_history_id` int(10) NOT NULL AUTO_INCREMENT, AUTO_INCREMENT=229;

--
-- AUTO_INCREMENT for table `examination_treatmentplan`
--
ALTER TABLE `examination_treatmentplan`
  MODIFY `examination_treatmentplan_id` int(10) NOT NULL AUTO_INCREMENT, AUTO_INCREMENT=65;

--
-- AUTO_INCREMENT for table `eye_complaints`
--
ALTER TABLE `eye_complaints`
  MODIFY `eye_complaints_id` int(5) NOT NULL AUTO_INCREMENT, AUTO_INCREMENT=11;

--
-- AUTO_INCREMENT for table `eye_mapping_segment`
--
ALTER TABLE `eye_mapping_segment`
  MODIFY `eye_mapping_segment_id` int(100) NOT NULL AUTO_INCREMENT, AUTO_INCREMENT=213;

--
-- AUTO_INCREMENT for table `eye_segment`
--
ALTER TABLE `eye_segment`
  MODIFY `eye_segment_id` int(5) NOT NULL AUTO_INCREMENT, AUTO_INCREMENT=34;

--
-- AUTO_INCREMENT for table `injection`
--
ALTER TABLE `injection`
  MODIFY `injection_id` int(10) NOT NULL AUTO_INCREMENT, AUTO_INCREMENT=24;

--
-- AUTO_INCREMENT for table `insurance_company`
--
ALTER TABLE `insurance_company`
  MODIFY `insurance_company_id` int(5) NOT NULL AUTO_INCREMENT, AUTO_INCREMENT=15;

--
-- AUTO_INCREMENT for table `investigation`
--
ALTER TABLE `investigation`
  MODIFY `investigation_id` int(5) NOT NULL AUTO_INCREMENT, AUTO_INCREMENT=33;

--
-- AUTO_INCREMENT for table `ipdcharge`
--
ALTER TABLE `ipdcharge`
  MODIFY `ipdcharge_id` int(5) NOT NULL AUTO_INCREMENT, AUTO_INCREMENT=39;

--
-- AUTO_INCREMENT for table `laser`
--
ALTER TABLE `laser`
  MODIFY `laser_id` int(10) NOT NULL AUTO_INCREMENT, AUTO_INCREMENT=20;

--
-- AUTO_INCREMENT for table `medical_history`
--
ALTER TABLE `medical_history`
  MODIFY `medical_history_id` int(5) NOT NULL AUTO_INCREMENT, AUTO_INCREMENT=13;

--
-- AUTO_INCREMENT for table `medicine`
--
ALTER TABLE `medicine`
  MODIFY `medicine_id` int(5) NOT NULL AUTO_INCREMENT, AUTO_INCREMENT=30;

--
-- AUTO_INCREMENT for table `medicine_category`
--
ALTER TABLE `medicine_category`
  MODIFY `medicine_category_id` int(5) NOT NULL AUTO_INCREMENT, AUTO_INCREMENT=12;

--
-- AUTO_INCREMENT for table `medicine_instruction`
--
ALTER TABLE `medicine_instruction`
  MODIFY `medicine_instruction_id` int(5) NOT NULL AUTO_INCREMENT, AUTO_INCREMENT=18;

--
-- AUTO_INCREMENT for table `medicine_prescription`
--
ALTER TABLE `medicine_prescription`
  MODIFY `medicine prescription_id` int(10) NOT NULL AUTO_INCREMENT, AUTO_INCREMENT=207;

--
-- AUTO_INCREMENT for table `medicine_templates`
--
ALTER TABLE `medicine_templates`
  MODIFY `medicine_templates_id` int(5) NOT NULL AUTO_INCREMENT, AUTO_INCREMENT=3;

--
-- AUTO_INCREMENT for table `modeofpay`
--
ALTER TABLE `modeofpay`
  MODIFY `modeofpay_id` int(100) NOT NULL AUTO_INCREMENT, AUTO_INCREMENT=20;

--
-- AUTO_INCREMENT for table `office`
--
ALTER TABLE `office`
  MODIFY `office_id` int(100) NOT NULL AUTO_INCREMENT, AUTO_INCREMENT=2;

--
-- AUTO_INCREMENT for table `opdcharge`
--
ALTER TABLE `opdcharge`
  MODIFY `opdcharge_id` int(5) NOT NULL AUTO_INCREMENT, AUTO_INCREMENT=17;

--
-- AUTO_INCREMENT for table `ophthalmic_history`
--
ALTER TABLE `ophthalmic_history`
  MODIFY `ophthalmic_history_id` int(5) NOT NULL AUTO_INCREMENT, AUTO_INCREMENT=44;

--
-- AUTO_INCREMENT for table `patient_appointment`
--
ALTER TABLE `patient_appointment`
  MODIFY `patient_appointment_id` int(25) NOT NULL AUTO_INCREMENT, AUTO_INCREMENT=294;

--
-- AUTO_INCREMENT for table `patient_category`
--
ALTER TABLE `patient_category`
  MODIFY `patient_category_id` int(5) NOT NULL AUTO_INCREMENT, AUTO_INCREMENT=16;

--
-- AUTO_INCREMENT for table `patient_followup`
--
ALTER TABLE `patient_followup`
  MODIFY `patient_followup_id` int(25) NOT NULL AUTO_INCREMENT, AUTO_INCREMENT=14;

--
-- AUTO_INCREMENT for table `patient_registration`
--
ALTER TABLE `patient_registration`
  MODIFY `patient_registration_id` int(100) NOT NULL AUTO_INCREMENT, AUTO_INCREMENT=220;

--
-- AUTO_INCREMENT for table `patient_title`
--
ALTER TABLE `patient_title`
  MODIFY `patient_title_id` int(5) NOT NULL AUTO_INCREMENT, AUTO_INCREMENT=25;

--
-- AUTO_INCREMENT for table `preoperative_appointment`
--
ALTER TABLE `preoperative_appointment`
  MODIFY `preoperative_appointment_id` int(5) NOT NULL AUTO_INCREMENT, AUTO_INCREMENT=28;

--
-- AUTO_INCREMENT for table `referral_master`
--
ALTER TABLE `referral_master`
  MODIFY `referral_master_id` int(15) NOT NULL AUTO_INCREMENT, AUTO_INCREMENT=12;

--
-- AUTO_INCREMENT for table `refraction_master`
--
ALTER TABLE `refraction_master`
  MODIFY `refraction_master_id` int(11) NOT NULL AUTO_INCREMENT, AUTO_INCREMENT=1313;

--
-- AUTO_INCREMENT for table `source`
--
ALTER TABLE `source`
  MODIFY `source_id` int(5) NOT NULL AUTO_INCREMENT, AUTO_INCREMENT=11;

--
-- AUTO_INCREMENT for table `user`
--
ALTER TABLE `user`
  MODIFY `user_id` int(11) NOT NULL AUTO_INCREMENT, AUTO_INCREMENT=110;

--
-- AUTO_INCREMENT for table `user_log_book`
--
ALTER TABLE `user_log_book`
  MODIFY `log_id` int(100) NOT NULL AUTO_INCREMENT, AUTO_INCREMENT=1894;

--
-- AUTO_INCREMENT for table `whitecell`
--
ALTER TABLE `whitecell`
  MODIFY `whitecell_id` int(100) NOT NULL AUTO_INCREMENT, AUTO_INCREMENT=4;
COMMIT;

/*!40101 SET CHARACTER_SET_CLIENT=@OLD_CHARACTER_SET_CLIENT */;
/*!40101 SET CHARACTER_SET_RESULTS=@OLD_CHARACTER_SET_RESULTS */;
/*!40101 SET COLLATION_CONNECTION=@OLD_COLLATION_CONNECTION */;
